case_id,project_name,evidence_status,source_level,source_url,source_published_at,accessed_at,fact_scope,verification_conclusion,notes
案例A1,呼和浩特万象城,部分核验,A,http://www.huhhot.gov.cn/2022_zwdt/tpxw_56060/202603/t20260319_1984172.html,2026-03-19,2026-08-14,开业和城市消费首店信息,部分确认,官方页面当前被拦截；搜索摘要不单独升级为已核验
案例A10,南京德基广场,部分核验,A,https://swj.nanjing.gov.cn/bmdt/202512/t20251229_5752922.html,2025-12-29,2026-08-14,艺术商业科技机制、首店、24小时模式、客流与销售数据,核心事实已确认,完整改造过程需补充另一可访问来源
案例A11,长沙万象城,部分核验,B,https://k.sina.cn/article_7879848968_1d5acf40801901gdim.html,2026-07-13,2026-08-14,开业后楼层业态和运营观察,部分确认,需补录项目方或政府官方来源并统一品牌数量口径
案例A12,绍兴苏宁广场,部分核验,A,https://www.sx.gov.cn/col/col1229365501/art/2026/art_25778126cb20b603e9a6189fff87a977.html,2026-06-18,2026-08-14,开业、体量、TOD、复合空间和场景,核心事实已确认,品牌数量和开业后表现待补录
案例A13,成都印象城,部分核验,B,https://m.sidd.com.cn/yanjie/954.html,2026-05-21,2026-08-14,主题空间、区域联动、年轻客群和夜间业态,部分确认,需补录印力官方来源和持续运营数据
案例A14,南昌大悦城,部分核验,A,https://www.grandjoy.com/meitixiangqailed/6007.html,2025-09-11,2026-08-14,项目定位、开业、品牌和首日表现,核心事实已确认,空间形态和后续表现待补录
案例A15,苏河湾万象天地,部分核验,B,https://shpudong062964.11467.com/m/news/17021206.asp,2026-08-05,2026-08-14,项目位置、开放商业和历史建筑线索,部分确认,待补华润或静安官方来源
案例A16,成都杉杉奥莱,部分核验,B,https://www.jiemian.com/article/13367318.html,2025-09-18,2026-08-14,开业后文商旅体联动、空间服务和经营数据,部分确认,待补项目方或政府原始来源
案例A17,上海青浦百联奥莱,部分核验,A,https://www.gzw.sh.gov.cn/shgzw_zxzx_gqdt/20260519/a057ee51d8524738847c82f15d7e2ff0.html,2026-05-19,2026-08-14,项目运营年限、品牌会员和2025经营数据,核心事实已确认,二期计划与已发生事实分开记录
案例A18,北京世纪金源,部分核验,B,https://www.mallchina.org.cn/page5?article_id=630,2026-03-30,2026-08-14,改造策略、时间线和主题空间,部分确认,待补项目方正式公告
案例A19,西安万象城-生命之树,部分核验,A,http://www.sasac.gov.cn/n4470048/n35313464/n35373956/n35373978/c35378649/content.html,2026-03-19,2026-08-14,生命之树作为特色服务场景,部分确认,待补西安项目官方页和单项目运营数据
案例A2,湾里·王府井WellTown,部分核验,A,https://www.wfj.com.cn/content/details114_5452.html,2025-12-27,2026-08-14,开业表现、非标奥莱定位和运营方向,核心事实已确认,持续经营数据待长期观察
案例A20,成都万象城,部分核验,A,https://women.scol.com.cn/m/mls/202607/83281536.html,2026-07-03,2026-08-14,产权与运营分离及商业REITs背景,部分确认,待补单项目官方运营资料
案例A3,长宁Artpark大融城,线索,C,http://news.qq.com/rain/a/20260720A0233K00,2026-07-20,2026-08-14,活动场地存在,仅作线索,项目身份和商业机制待确认
案例A4,杭州万象城-香氛节,部分核验,A,https://mdaily.hangzhou.com.cn/scb/2026/04/24/article_detail_7_20260424A031.html,2026-04-24,2026-08-14,香氛节时间、地点、街区互动和品牌展演,核心事实已确认,持续运营效果待补录
案例A5,杭州大厦,部分核验,A,https://www.hangzhou.gov.cn/col/col1229505913/art/2026/art_38f639b9c7ef91b3ecde48c5e6e5b35e.html,2026-05-19,2026-08-14,品牌空间更新和商圈协同,核心事实已确认,具体改造效果待补录
案例A6,北京朝阳合生汇,部分核验,B,http://www.irgroad.com/irgnews.aspx?id=11134,2025-10-09,2026-08-14,商户协同、首店、活动和阶段性表现,部分确认,待补项目方正式数据
案例A7,重庆方圆LIVE,部分核验,A,http://www.cq.xinhuanet.com/20260513/db27d20de7ed484e92faedd49c8f3ea9/c.html,2026-05-13,2026-08-14,地下商业改造、二次元机制和客流,核心事实已确认,经营数据需继续跟踪
案例A8,苏州万象天地,部分核验,A,https://www.crmixclifestyle.com.cn/gsxw/2025-12-29/2200170.html,2025-12-29,2026-08-14,开业、体量、空间结构和品牌矩阵,核心事实已确认,长期运营效果待补录
案例A9,上海静安大悦城,部分核验,A,https://www.jingan.gov.cn/rmtzx/003001/20251223/d5fcf1ad-8599-4ca5-8761-5ed9d13ef0fa.html,2025-12-23,2026-08-14,夜食天台、IP快闪和二次元经营,核心事实已确认,项目全年数据需保持时间口径
案例C1,首尔圣水洞,部分核验,A,https://chinese.korea.net/NewsFocus/FoodTravel/view?articleId=284513,2025-12-23,2026-08-14,工业遗产与潮流业态共存,部分确认,城市再生政策与绅士化数据待补原始资料
案例C10,广州黄沙上堓,部分核验,A,https://www.gz.gov.cn/zlgz/wlzx/content/mpost_10797891.html,2026-05-01,2026-08-14,旧黄沙水产交易市场原址、2026年4月开幕、固定店铺与慢闪机制,核心事实已确认,待补运营主体、完整面积、客流销售及长期经营表现
案例C11,上海M+幸福里,部分核验,A,https://www.shcn.gov.cn/col7344/20251218/1303036.html,2025-12-18,2026-08-14,老厂房更新、社区休闲与小而美业态、市集及幸福经济内容,核心事实已确认,另有上海市政府2026-06-24来源支持时尚定制与婚登联动；正式改造时间线和经营数据待补
案例C12,昆明巡津街,线索,C,,未确认,2026-08-14,原始视频指向巡津街及多个咖啡茶饮和杂货店,仅作线索,本轮未取得可靠可引用来源；统一运营主体、项目范围和经营机制待确认
案例C13,武汉延庆里,线索,C,,未确认,2026-08-14,原始视频指向汉口历史风貌区里份空间及艺术、买手和餐饮业态,仅作线索,本轮未取得可靠可引用来源；正式名称、地址、主体、开业阶段和品牌清单待确认
案例C14,成都CPI,部分核验,B,https://www.news.cn/politics/20251017/6d93e3e6ae404ae987246cd10af494d2/c.html,2025-10-17,2026-08-14,麓湖CPI分期、空间与业态、2024年经营数据及客群结构,部分确认,新华网报道含运营方访谈；关键经营数据仍待项目方年度资料交叉核验
案例C2,悉尼岩石区（海外）,部分核验,A,https://www.planning.nsw.gov.au/about-us/our-work/placemaking-nsw,未确认,2026-08-14,The Rocks为悉尼最早的历史滨水街区之一，且由Placemaking NSW持有并管理,核心身份已确认,The Rocks官方平台补充历史建筑、博物馆和市场活动；店铺数、摊位数及外立面规则待补
案例C3,北京中海大吉巷,线索,C,,未确认,2026-08-14,原始视频指向北京老城城市更新、文保活化、地下商业与策展,仅作线索,本轮未取得可靠可引用来源；项目身份、面积、开业和经营数据均待确认
案例C4,宁波秀水街,线索,C,,未确认,2026-08-14,原始视频指向宁波历史街区更新、首店及内容运营,仅作线索,本轮未取得可靠可引用来源；主体、保护范围、开街和经营数据均待确认
案例C5,悉尼QVB（海外）,线索,C,,未确认,2026-08-14,原始视频指向悉尼CBD的Queen Victoria Building历史商业再利用,仅作线索,本轮未取得政府、业主或项目官方资料；社交平台结果不能支撑修复、店铺或设计管控事实
案例C6,上海安福路,部分核验,A,https://www.xuhui.gov.cn/xwzx_bmlf/20260120/568538.html,2026-01-20,2026-08-14,街区定位、商户规模、风貌保护、品牌快闪及外摆治理,核心事实已确认,具体店铺迭代和原始视频中的经营叙述待逐项补录
案例C7,景德镇陶阳里,部分核验,B,https://www.boc.cn/aboutboc/ab8/202607/t20260728_25681589.html,2026-07-28,2026-08-14,历史文化街区构成、考古式修缮、业态与夜间文旅融合,部分确认,中国银行转载人民日报；空间范围与客流经营数据需补政府或项目方来源
案例C8,北京胡同商业,线索,C,,未确认,2026-08-14,原始视频泛指北京胡同内的住宿、零售与本地生活体验,仅作线索,非唯一项目名，未定位资产和运营主体，不能形成案例结论
案例C9,青岛银鱼巷,部分核验,B,https://www.dailyqd.com/guanhai/467573_1.html,2026-08-12,2026-08-14,更新及开街时间、保护性修缮、业态迭代、商户结构与运营转向,部分确认,青岛日报基于运营总监采访；产权主体和经营数据需以项目方或政府资料补证
案例B1,东郊记忆,部分核验,B,https://news.chengdu.cn/2025/0905/68bab476e7cfa2387953756f.shtml,2025-09-05,2026-08-14,工业遗存保留、运营定位、商企与主理人生态、展演和年轻客群,部分确认,人民日报报道转载；经营表现和首店数量须按年度与统计口径补证
案例B10,曼谷1981 Soul & Sold,部分核验,B,https://www.nationthailand.com/pr-news/pr-news/40068202,未确认,2026-08-14,The Mall Ramkhamhaeng更新、Newstalgia定位、八类功能分区与社群型商业,部分确认,项目开业新闻；开业日期、出租率、经营数据及项目方正式资料待补
案例B11,沈阳东北超-机械巨虎,部分核验,A,https://www.ln.gov.cn/web/ywdt/jrln/wzxx2018/2026052407110499865/index.shtml,2026-05-24,2026-08-14,机械巨虎参与东北地区城市足球联赛及城市文旅活动,部分确认,虎啸街更新主体、开业与经营数据待补；计划和活动期效果不得作为常态事实
案例B12,盐官古城-潮乐之城,部分核验,A,https://www.cssn.cn/zjzg/fzwy/yyjd/202510/t20251021_5919687.shtml,2025-10-21,2026-08-14,古城修复、音乐文旅项目启动、2024年试运营及阶段性客流,核心事实已确认,音乐产业合作由太合音乐官方公告补充；经营和租赁表现待补
案例B13,迪拜文艺园区,线索,C,,未确认,2026-08-14,疑似指Alserkal Avenue等迪拜工业仓库改造创意园区,仅作线索,原始中文名称非唯一，未确认对应项目边界和主体
案例B14,广州阿那亚Aperch,线索,C,,未确认,2026-08-14,原始案例名称指向不明,仅作线索,未能定位官方项目名称、地点、主体和开业状态
案例B15,洛阳魏坡新序,部分核验,B,https://betterchina.caa.edu.cn/case/c512.html,2022,2026-08-14,所在地、古民居/废弃仿古街背景、机构与艺术文化更新机制,部分确认,中国美术学院研究院案例库；开业、业态与经营数据待补
案例B2,广州聚龙湾,部分核验,A,https://www.swireproperties.com/zh-hk/portfolio/future-developments/other-future-developments,未确认,2026-08-14,太古地产与珠江实业合作、项目位置、建设与分期落成计划,核心身份已确认,仍属在建/分期落成阶段，计划业态和开业不得作为既成事实
案例B3,阿那亚70家新店,线索,C,,未确认,2026-08-14,原始资料指向阿那亚一批新店,仅作线索,数量型非唯一项目名，年度和统计口径待官方资料确认
案例B4,阿那亚2026新店,线索,C,,未确认,2026-08-14,原始资料指向阿那亚2026年新店计划或集合,仅作线索,未取得可引用官方年度资料，品牌预告与实际开业需区分
案例B5,北京亮马河,部分核验,A,https://sthjj.beijing.gov.cn/bjhrb/index/ztzl/zysthjbhdczbj/dcdt/743878394/index.html,2025-12-09,2026-08-14,生态治理、六类更新工程、周边商业客流变化,核心事实已确认,人民日报补充内容运营和滨水消费机制；各河段经营数据待补
案例B6,伦敦巴特西发电站（海外）,部分核验,A,https://batterseapowerstation.co.uk/news/bps-retail-and-leisure-lineup-expands-2026,未确认,2026-08-14,2022年开放后的零售、休闲和文化持续招商，以及街区型复合供给,核心事实已确认,分期投资、产权、分业态租赁表现及收益数据待补
案例B7,北海阿萨卡,部分核验,B,http://sh.gxnews.com.cn/staticpages/20251208/newgx693687dc-21880138.shtml,2025-12-08,2026-08-14,阿萨卡数字游民社区、数字产业和旅居消费复合定位,部分确认,北海市政府工作报告补充一期建设；产权、运营主体和经营数据待补
案例B8,上海EKA·天物,部分核验,A,https://www.meet-in-shanghai.net/cn/industry-tours/eka-celestial-things-973016,2025-04-17,2026-08-14,原上海航海仪器总厂改造、开发主体、建筑群与公共策展/市集/社交办公功能,核心事实已确认,新华网补充首店和销售增长运营方口径；产权、租赁及客流需年度资料复核
案例B9,北戴河阿那亚,部分核验,B,http://www.news.cn/local/20250822/9fefd829339948049629be910d8e1a01/c.html,2025-08-22,2026-08-14,滨海文旅定位、文化设施、高频活动及2024年游客/社区收入,部分确认,新华网报道；住宿、商业、业主与访客分项口径和淡季表现待补
案例E1,东京OIMACHI TRACKS（海外）,部分核验,A,https://www.jreast.co.jp/company/message,未确认,2026-08-14,JR东日本项目主体、约3公顷原社宅用地、2026年3月开街和广域品川圈定位,核心事实已确认,正式总面积、业态租户、开业表现和收益数据待JR项目公告或年度报告补齐
案例E2,东京虎之门之丘（海外）,部分核验,A,https://www.mori.co.jp/en/business/retail,未确认,2026-08-14,森大厦在城市综合体中以整体优化、店铺联动和活动开展商业运营的机制,部分确认,正式项目面积、开业、租户和经营数据待补开发商项目页或年报
案例E3,深圳后海片区,部分核验,A,http://sz.people.com.cn/n2/2026/0224/c202846-41507419.html,2026-02-24,2026-08-14,后海—深圳湾国际客厅、世界级商圈及片区公共空间升级方向,部分确认,片区级案例，具体资产与运营主体仍须消歧，不可归因于单一商业项目
案例E4,上海西岸梦中心,部分核验,B,https://www.shobserver.com/sgh/detail?id=4015468,未确认,2026-08-14,GATE M西岸梦中心的滨江场地、电影活动、票根与商户消费联动,部分确认,徐汇官方账号转载上观新闻；开业、面积、租户和日常经营待补
案例E5,东莞旗云广场,部分核验,A,https://www.dg.gov.cn/shilong,未确认,2026-08-14,东莞站TOD位置、东实集团开发、2025-12-31开业及区域TOD商业定位,核心事实已确认,南方日报补充体量、运营、出租率和开业期表现；日常经营待补
案例E6,成都凯德天府,线索,C,,未确认,2026-08-14,原始名称无法唯一对应具体凯德商业资产,仅作线索,项目全名、地址、主体及原始资料上下文待确认
案例E7,武汉麓客岛,线索,C,,未确认,2026-08-14,项目身份未定位,仅作线索,正式名称、地址、主体及原始案例语境待确认
案例E8,上海乐高乐园旁爱琴海缤纷里,线索,C,,未确认,2026-08-14,原始名称指向乐高乐园配套商业街,仅作线索,未取得项目方、乐园或政府来源确认主体、开业、商户和经营表现
案例D1,南京景枫中心·再地,部分核验,B,https://m.winshang.com/news736941.html,未确认,2026-08-14,再地文化品牌社区、功能迭代及景枫中心品牌/客流销售运营口径,部分确认,新华网和南京市政府补充快闪、首展与首店；再地独立经营数据待补
案例D2,上海YEAHH PARK,线索,C,,未确认,2026-08-14,项目身份未定位,仅作线索,正式名称、地址、开发运营方和原始案例上下文待确认
案例D3,麓湖cpi Factory 09,部分核验,B,https://www.gooood.cn/luxelakes-cpi-phase-3-by-xj-designagency.htm,未确认,2026-08-14,Factory 09共创空间、11家创作型店铺与共享空间/景观花园组织,部分确认,麓湖CPI整体运营数据不可归因于单体；Factory 09独立经营待补
案例D4,上海PAC购物中心,部分核验,A,https://english.shanghai.gov.cn/en-ShoppingCenters/20251024/323991189740454e92ded9a2ad87ed6e.html,2025-10-24,2026-08-14,项目位置、开放街区和宠物友好特征，以及首店/夜间内容机制,部分确认,静安区政府补充首店餐饮与夜经济活动；主体、面积和经营数据待补
案例D5,三亚东岸麓洲,部分核验,B,https://www.ellechina.com/deco/a71478775/wanhua,未确认,2026-08-14,万华在三亚东岸麓州推进主理人商业街区的方向,部分确认,项目正式名称、主体、开业范围、品牌与经营数据待补官方来源
案例D6,武汉招商蛇口社区营造,部分核验,B,https://www.mydcyj.com/article/3a219d5e-4d6b-11e6-18da-365e58a48d76,未确认,2026-08-14,武汉未来welike社群及主理人参与的社区营造机制,部分确认,非单一项目；招商蛇口官方材料、参与和商业转化数据待补
案例D7,武汉上岸公园,部分核验,B,https://www.zincommunity.com/xinwendongtai/11-20.html,2025-10-23,2026-08-14,POD定位、项目开放、区域服务人群和公园商业机制,部分确认,极目新闻与湖北商务厅补充开街、首店和内容；日常经营待补
案例D8,上海浦发唐镇印象汇,部分核验,A,https://www.scpgroup.com/media/data?parentid=3&catid=13&id=2021644,2025-09-28,2026-08-14,项目主体、地址、体量、开业、社区商业定位及空间和片区联动机制,核心事实已确认,开业后客流、销售、会员、租户留存与协同转化数据待补
案例D9,深圳华侨城OCT PARK,线索,C,,未确认,2026-08-14,名称未与唯一项目资产对应,仅作线索,不得混用华侨城其他资产资料；正式名称、主体和上下文待补
案例A100,深圳 K11 ECOAST,线索,C,,未确认,2026-08-14,原始名称指向K11 ECOAST,仅作线索,未获取K11官方或政府来源确认项目状态、边界和机制
案例A101,成都银泰中心 in99,部分核验,B,https://www.executivecentre.com.cn/office-space/chengdu-yintai-centre,未确认,2026-08-14,金融城位置及in99、酒店、办公与公园的复合关系,部分确认,业主官方项目资料、面积、开业、租户和经营数据待补
案例A102,EMSPHERE（海外）,部分核验,B,https://www.aleenta.com/en/blog/emsphere-shopping-mall-in-bangkok,未确认,2026-08-14,娱乐餐饮、夜生活、活动及快闪空间主导的消费定位,部分确认,业主The Mall Group官方资料、面积、店铺和经营表现待补
案例A103,韩国商场（海外）,线索,C,,未确认,2026-08-14,非唯一项目名称,仅作线索,具体城市、资产、运营主体与原始资料上下文待确认
案例A104,NEWoMan（海外）,线索,C,,未确认,2026-08-14,JR东日本体系商业品牌，未指定具体项目,仅作线索,具体资产、项目来源与经营机制待确认
案例A105,沙漠奥莱（海外）,线索,C,,未确认,2026-08-14,可能对应多个不同国家或城市的奥莱项目,仅作线索,项目所在城市、正式名称、业主主体和原始语境待确认
案例A106,洛杉矶小众商场（海外）,线索,C,,未确认,2026-08-14,非唯一项目名称,仅作线索,正式项目、地址、主体和原始资料上下文待确认
案例A23,南湖天地,部分核验,B,https://www.sohu.com/a/975668217_121106994,2026-01-13,2026-08-14,文商旅运营、景区/街区协同、招商方法和2025接待量口径,部分确认,嘉兴文旅相关报道转载；项目官方、面积、租户和经营数据待补
案例A25,老城根G park,部分核验,B,http://hsb.hspress.net/system/2026/0309/238958.shtml,2026-03-09,2026-08-14,开放式街区、首店更新、IP活动和地铁连接,部分确认,开发运营主体、面积、租赁和常态经营数据待补
案例A26,成都万象城,部分核验,B,https://finance.sina.com.cn/stock/stockzmt/2026-04-24/doc-inhvpkaq4778541.shtml,2026-04-24,2026-08-14,与A20重复项目的资产处置与运营管理线索,部分确认,应与A20合并去重；集团资产策略不等于项目经营表现
案例A27,武汉荟聚,部分核验,B,http://www.eeo.com.cn/2025/1212/772506.shtml,2025-12-12,2026-08-14,家庭娱乐、首店/在地更新及英格卡全国运营机制,部分确认,全国数据不可视为武汉单店；官方项目资料和经营数据待补
案例A28,万象滨海购物村（MIXC Village）,部分核验,A,http://www.zsnews.cn/trade/index/view/cateid/45/id/766736.html,2025-12-28,2026-08-14,主体、位置、约10万平方米规模、开业、生态场景、首店和内容机制,核心事实已确认,滨海湾新区宣传资料；实际租户、客流销售和淡旺季表现待补
案例A30,南宁万象城,线索,C,,未确认,2026-08-14,项目名称明确但本轮无可靠项目级来源,仅作线索,官方项目页、业态和经营资料待补
案例A31,成都SKP,部分核验,B,https://m.thecover.cn/news_details.html?eid=6tG2%2FEZLOvKH90qSdq8Jkw%3D%3D,2025-10-31,2026-08-14,下沉式空间、公园商业定位、2022年开业及艺术内容运营,部分确认,项目官方资料、面积、店铺与经营数据待补
案例A32,Eataly中国首店（海外）,线索,C,https://www.sohu.com/a/995128938_121124625,2026-03-11,2026-08-17,中国首店传闻与Eataly模式简介,仅有市场传闻，未获官方证实,落地张园或南京西路光明集团项目均为传闻，无围挡/官方信息；不得写成已落地
案例A33,深圳万象天地,部分核验,B,https://baike.baidu.com/item/%E6%B7%B1%E5%9C%B3%E4%B8%87%E8%B1%A1%E5%A4%A9%E5%9C%B0/66321227,2017-09-27,2026-08-17,街区+mall形态、业态与品牌构成、首店及特色业态,核心事实已确认,开业时间及品牌结构以百度百科为准，经营数据待补
案例A34,西安MOMOPARK,部分核验,B,https://view.inews.qq.com/a/20251118A068LT00,2025-11-18,2026-08-17,PARK-MALL概念、屋顶花园、艺术空间与友好服务,核心事实已确认,经营数据与客流待补
案例A35,上海新天地,部分核验,B,https://www.jfdaily.com.cn/wx/detail.do?id=975386,2025-09-21,2026-08-17,石库门更新、业态调改、场所营造与活动期经营数据,核心事实已确认,活动期客流+36%/销售+23%为活动期数据，非长期经营效果
案例A36,东京玉川高岛屋（海外）,部分核验,B,https://x.com/toyoda_noiz/status/2026502922700546132,2026,2026-08-17,立体公园/中庭花园改造与屋顶花园,核心事实已确认,具体经营数据待补；改造方案获TECTURE AWARD长名单
案例A37,深圳大运天地,部分核验,B,https://finance.sina.cn/stock/relnews/hk/2025-12-09/detail-inhafmiz0662317.d.html,2025-12-09,2026-08-17,赛演经济与公园式街区商业融合定位,部分确认（定位与机制已确认，具体体量/开业数据待补）,华润万象生活以其为文商旅融合样本；开业时间与体量需补官方来源
案例A38,万象商业北京区域（百分百万象季）,部分核验,B,https://m.winshang.com/news738555.html,2026,2026-08-17,百分百万象季跨项目联动营销机制,部分确认（机制已确认，北京区域具体项目与数据待补）,与案例A50同属百分百万象季活动；本案例聚焦北京区域多项目联动
案例A39,东京中城（海外）,部分核验,A,https://www.tokyo-midtown.com/jp/sp/news/8056,2026-06-19,2026-08-17,综合体定位、绿地公共空间与全年活动运营,核心事实已确认,经营数据待补
案例A40,成都MUJI太古里旗舰店,部分核验,B,http://beta.lifeweek.com.cn/h5/article/detail.do?artId=261268,2026-01-28,2026-08-17,焕新主题、业态升级与本地化内容,核心事实已确认,客流量超预期为品牌方表述，长期经营数据待补
案例A41,东京三越本店（海外）,部分核验,B,https://www.fun-japan.jp/tw/articles/14369,2025,2026-08-17,历史沿革、建筑文化资产与待客内容,核心事实已确认,经营数据待补
案例A42,上海美罗城,部分核验,B,https://www.jfdaily.com/wx/detail.do?id=986615,2025-09-21,2026-08-17,球幕改造与IP首店导入,核心事实已确认,经营数据待补
案例A43,长春万达茂,部分核验,A,http://jl.people.com.cn/n2/2025/1022/c349771-41387936.html,2025-10-22,2026-08-17,体量、三大板块、品牌招商与双主题场景,核心事实已确认,为开业前报道，经营结果需开业后跟踪
案例A44,东京高轮NEWoMan（海外）,部分核验,A,https://prtimes.jp/main/html/rd/p/000000227.000003279.html,2025-09-12,2026-08-17,开业规模、店舗构成与共享空间,核心事实已确认,开业当天约2500人排队，为开业期热度，长期经营待补
案例A45,北京超极合生汇,部分核验,B,https://m.36kr.com/p/3904792798218115,2026,2026-08-17,体量、首店体验业态与2026上半年经营数据,核心事实已确认,经营数据来自赢商/36氪复盘
案例A46,中山海雅缤纷天地,部分核验,A,https://www.zs.gov.cn/ntz/tpxw/content/post_2577239.html,2025-12,2026-08-17,体量、超级奥莱+模式与品牌/首店,核心事实已确认,一期已开业，二期及长期经营待补
案例A47,三亚大悦城,部分核验,A,https://www.visitsanya.com/zh/%E6%8E%A2%E7%B4%A2%E4%B8%89%E4%BA%9A/%E6%97%B6%E5%B0%9A%E8%B4%AD/%E7%83%AD%E9%97%A8%E8%B4%AD%E7%89%A9%E5%9C%B0%E6%A0%87/%E7%BB%BC%E5%90%88%E8%B4%AD%E7%89%A9%E4%B8%AD%E5%BF%83/%E4%B8%89%E4%BA%9A%E5%A4%A7%E6%82%A6%E5%9F%8E,2026,2026-08-17,热带主题定位、品牌/首店结构与绿色认证,核心事实已确认,经营数据待补
案例A48,北京海淀大悦城,部分核验,C,https://www.163.com/dy/article/KVPFH21H055636M8.html,2026,2026-08-17,体量与区位,部分确认（体量与开业状态以房产软文为主，官方详情待补）,来源为房产软文，需补官方开业详情与经营数据
案例A49,成都后花园爱琴海,线索,B,https://m.36kr.com/p/3808556316696066,2026,2026-08-17,爱琴海购物公园区位线索与项目身份存疑,项目身份与开业状态未确认,“成都后花园爱琴海”与“圣沅爱琴海广场/爱琴海购物公园”是否为同一主体、是否开业均未确认
案例A50,深圳万象天地（百分百万象季）,部分核验,B,https://m.winshang.com/news738555.html,2026,2026-08-17,百分百万象季单项目参与与独家快闪,部分确认（单项目参与机制已确认）,与案例A33(深圳万象天地)为同项目不同角度；与案例A38同属百分百万象季活动
案例A51,杭州中心,部分核验,C,https://www.sohu.com/a/944024186_121118212,2025,2026-08-17,合作主体、双轨接驳与垂直综合体构成,部分确认（合作主体与综合体构成以房产软文为主）,来源为房产软文，官方商业详情与经营数据待补
案例A52,武汉光谷K11,部分核验,A,https://sw.wuhan.gov.cn/xwdt/mtbd/202409/t20240919_2457065.shtml,2024-09,2026-08-26,2017年开业、5.4万㎡、150家店与首进比例、LED屏与客群结构,全国第三座K11、华中首个，开业时间/体量/首进比例/客群结构均获政府转载赢商网确认,政府网站转载赢商网实探，含2024年现状
案例A53,天津大悦城,部分核验,B,https://hk.prnasia.com/story/132282-2.shtml,2014-12,2026-08-26,主题街区体系（骑鹅公社、神兽寺街、0618街、5号车库）与5号车库形态,官方新闻稿确认5号车库5500㎡上下两层为全国首个手作艺术室内街区；骑鹅公社等详见百度百科（2025年9月升级）,街区数量与形态确认，经营数据待补
案例A54,上海虹桥前湾印象城MEGA,部分核验,A,https://www.shanghai.gov.cn/nw31406/20251222/f48e54084b78474cbc7cd936771e3e07.html,2025-12,2026-08-26,定位、26万㎡体量、300+品牌、开业率与主题场景,上海市政府官网（虹桥管委会）确认12月23日开业、开业率95%、元旦日均客流超14万人次,开业期数据，长期经营待跟踪
案例A55,武汉国金天地,部分核验,A,https://sw.wuhan.gov.cn/xwdt/mtbd/202306/t20230628_2222629.shtml,2023-06,2026-08-26,YUE街先行开街与购物中心开业、首店与网红空间,武汉市商务局官网确认开业；赢商网确认开业客流破30万、2025年入选购物中心综合实力榜单,越秀IFC国金天地
案例A56,深圳湾万象城二期,部分核验,A,https://www.sznews.com/news/content/mb/2025-09/30/content_31706259.htm,2025-09,2026-08-26,二期开业、品牌数、文化业态与总商业体量,深圳新闻网（特区报系）确认二期9月30日开幕、近300家品牌/120+首进、500+品牌矩阵与25万㎡体量,经营数据待跟踪
案例A57,上海新天地东台里,部分核验,A,https://www.shhuangpu.gov.cn/xw/001015/20251217/f76d4d45-a1ab-43ef-a21f-b22cef81e712.html,2025-12,2026-08-26,焕新亮相、高端美妆首发与文化地标联动,黄浦区政府官网确认东台里开业与海蓝之谜/赫莲娜等高端美妆首发；中新网确认9月29日焕新亮相,客流/销售数据待补
案例A58,上海前滩太古里,部分核验,A,https://www.taikooliqiantan.com/detail/407.html,2021-09,2026-08-26,开业、12万㎡体量、250家商铺与品牌矩阵,太古地产官方新闻稿确认2021年9月30日开业、双层开放空间、80米悦目桥、50+品牌首秀浦东,开业四年累计引入上海首店超150家（百度百科）
案例A60,杭州城北招商花园城,部分核验,A,https://zj.chinadaily.com.cn/a/202511/29/WS692a9205a310942cc4994127.html,2025-11,2026-08-26,开业、24万㎡体量、品牌数与临平首店占比,中国日报浙江频道确认11月底开业、250+品牌、50%以上临平首店、招商率开业率超95%,经营数据待跟踪
案例A61,上海恒基·旭辉天地,部分核验,B,http://www.sh.chinanews.com.cn/chanjing/2021-04-30/86833.shtml,2021-04,2026-08-26,建筑形态（花钵垂直绿化）与时尚打卡地标定位,中新网上海确认总建面4.5万㎡、让·努维尔中国首个光影建筑作品、2021年成为魔都核心区打卡新地标,商业仅约1万㎡；经营数据待补
案例A62,南京景枫中心,部分核验,B,https://js.cri.cn/2025-07-08/79b91591-c4b5-1d71-5f34-4763dff3e352.html,2025-07,2026-08-26,九周年庆、43家首店、累计更新63家店与首店占比,中央广电总台国际在线确认九周年庆43家首店、首店占比超六成、再地西区2025年1月开放,与案例D1（再地）为同一项目不同视角，本卡聚焦景枫中心主体
案例A63,珠海华发商都,部分核验,B,https://m.zh-hr.com/m/companyDetail/0E44894218F509CFE8417F1C8B3C9686,2021,2026-08-26,体量、天幕/水幕电影等场景装置与业态结构,华发商业官方企业介绍确认18万㎡、340米天幕、800㎡水幕电影与双主题区,近年经营数据待补
案例A64,长春这有山,部分核验,A,https://www.ctdsb.net/c1722_202512/2620612.html,2025-12,2026-08-26,形态、客流与销售数据（140万人次、5.1亿、租金）,极目新闻确认开业首年三个月140万人次、外地客群70%、2023年销售5.1亿、租金超300元/㎡,另有CCFA中国连锁经营协会案例文章佐证
案例A65,京都BAL（海外）,部分核验,C,https://osaka.letsgojp.cn/archives/747255,2024,2026-08-26,定位与品牌结构（高单价设计师品牌+高端化妆品）,旅行攻略/游客评价确认京都河原町核心区位、欧美古典风格空间与高单价品牌集合,来源等级C，经营数据待补
案例A66,西安SKP,部分核验,A,https://www.nbd.com.cn/articles/2022-05-26/2297653.html,2022-05,2026-08-26,开业、24万㎡体量、品牌数与业绩数据,每日经济新闻确认2018年5月开业、1300+品牌、600+首进西安、2018-2021业绩24/42/58/80亿,2023年后数据与竞争环境变化见36氪文章
案例A67,合肥万象城,部分核验,A,https://www.crland.com.hk/zhidinews/2019-04-18/1014945.html,2019-04,2026-08-26,近37万㎡总建面、近20万㎡商业面积与30%首进合肥,华润置地官网确认合肥万象城开业与体量、首进比例；赢商网实探佐证开业9年稳定运营,经营数据待补
案例A68,北京国贸商城,部分核验,B,https://fashion.sina.cn/s/in/2019-07-30/detail-ihytcerm7259299.d.html,2019-07,2026-08-26,体量、店铺数与分期扩容/年轻化迭代,新浪时尚（行业报道）确认23万㎡、近430家店铺、南区国际精品区重建与年轻化品牌导入,具体经营数据待补
案例A69,北京中关村领展广场,部分核验,A,http://www.irgroad.com/irgnews.aspx?id=9958,2025,2026-08-26,定位、5.5万㎡体量、首店占比20%与改造动作,中购联网站确认原欧美汇2009年9月开业、'新潮领地Trendy Hive'定位、泡泡玛特全球首店等,经营数据待补
案例A70,杭州湖滨银泰in77,部分核验,A,https://www.china-yintai.com/zh-CN/news/detail/701,2024-02,2026-08-26,2023年销售额破百亿、客流与分区布局,银泰集团官网确认2023年销售首破百亿（同比+30%）、客流8500万人次（同比+51%）,含ABCDE五区与'敢潮敢热爱'定位
案例A71,厦门大悦城,部分核验,A,https://xm.cnr.cn/hxcj/20241002/t20241002_526926623.shtml,2024-10,2026-08-26,开业、200+品牌、70%首店与'半日''半海'特色空间,央广网确认2024年9月30日集美开业、首店占比70%以上、非标空间成为打卡圣地,经营数据待跟踪
案例A72,石家庄万象城,部分核验,B,http://m.winshang.com/news648865.html,2018,2026-08-26,开业、56万㎡综合体与400余家品牌,赢商网确认2018年11月10日开业、B1-L7、400+品牌与Olé/万象影城等主力店,经营数据待补
案例A73,南京新街口IFCX,部分核验,C,https://www.ctdsb.net/c1716_202401/2013726.html,2024-01,2026-08-26,IFCX定位、外立面改造与Nike Rise 1200江苏首店,极目新闻/现代快报确认新街口南京国际金融中心裙楼IFCX改造与首店引入；瑞安官网确认'新力场'定位,来源等级C，官方经营数据待补
案例A74,曼谷CENTRAL PARK（海外）,部分核验,A,https://www.tattpe.org.tw/News/Info.html?id=975,2025-10,2026-08-26,开业、双集团合作与业态结构（米其林美食街、空中花园）,台湾观光协会官方转载确认2025年9月4日开幕、460亿泰铢开发案、Central Pattana+Dusit合作,经营数据待跟踪
案例A75,深圳海雅缤纷城,部分核验,B,https://m.winshang.com/news664919.html,2020,2026-08-26,开业、近30万㎡体量、体验设施与品牌升级,赢商网确认2013年9月开业、近30万㎡、海雅大剧院与溜冰场；维基百科佐证开业初期空置与2017年轻奢升级,含真实经营起伏信息
案例A77,南京金陵天地,部分核验,A,https://www.njjy.gov.cn/jyyw/202507/t20250714_5606767.html,2025-07,2026-08-26,试营业、13万㎡体量与阿里中心园区背景,南京建邺区政府官网确认7月10日试营业、7月18日正式开业；扬子晚报/观点确认260+品牌、开业双100%,华润万象生活与阿里巴巴联合打造
案例A78,杭州嘉里中心,部分核验,B,https://zhuanlan.zhihu.com/p/657565030,2023,2026-08-26,定位、体量与品牌调整（轻奢+网红餐饮）,行业分析文章确认2016年开业、总建面34.2万㎡、商场10.8万㎡、'自在当下'理念与品牌结构,经营数据待补
案例A79,菏泽佳和城,部分核验,B,http://m.winshang.com/news686811.html,2021-06-26,开业时间体量定位、楼层业态、首店与主题街区（RUN运动街区、YUMMY食集）、主力店,核心事实已确认,原始索引名『菏泽嘉禾城』经核验实为『佳和城』（2021-06-26开业，23万方）；佳和集团另于2026-06-26开出7万方『佳和里』，注意区分；菏泽日报同期报道交叉印证,2026-08-26
案例A80,惠州华贸天地,部分核验,A,https://www.huamao.cc/zh-TW/group/huizhou,,开业落址时间（2011）、项目体量（总占地13.5万㎡/总建面71万㎡）、购物中心B2-L5及20+国际美妆、年客流2700万+、2024销售额48亿+、LEED认证,核心事实已确认,运营数据（2024销售额超48亿、近三年客流+58.4%）来自华贸集团官网；购物中心建面约14.5万㎡见Spring REIT披露；首店/独家品牌运营见潮新闻《南下13年》,2026-08-26
案例A81,济南领秀城贵和购物中心,部分核验,B,https://finance.sina.com.cn/jjxw/2024-12-13/doc-inczikpt5835775.shtml,2024-12-13,项目定位（家庭客群一站式区域商业）、十年经营进阶、品牌矩阵（无印良品/H&M/特斯拉等）、REITs资本化,核心事实已确认,以2024年『十年向新』回顾与REITs报道为主；赢商网《从区域典范到REITs新力量》与知乎经营拆解（229家店铺、15.7亿估值）交叉印证；具体开业年份与体量口径建议以REITs文件补录,2026-08-26
案例A82,义乌之心,部分核验,B,https://finance.sina.com.cn/tech/roll/2024-09-11/doc-incntzxw4264375.shtml,2024-09-11,开业（2017年6月，出租率100%/开业率95%、三天客流65万、销售破5000万）、体量（商业建面超15万㎡）、投资（近20亿）、2021销售额24亿、日均客流6万+、200+品牌与40+首店、裸眼3D大屏,核心事实已确认,赢商网原创转新浪财经；杭州商旅集团+义乌商城集团联合开发；『巨型粉龙』装置超10万人次打卡等运营动作记录完整,2026-08-26
案例A83,呼和浩特万象城,部分核验,B,https://m.winshang.com/news734388.html,2025-07-04,开业（2025-07-04）、体量24万㎡、近400品牌、近200家首店、餐饮近100家超80%首进内蒙古、Olé/博悦汇影城/MELAND CLUB等内蒙古首店,核心事实已确认,与案例A1（呼和浩特万象城）疑似同一项目重复入册，需在索引层去重；开业数据补充见iziRetail（开业率100%、单日客流20万、3天50万、会员25万）,2026-08-26
案例A84,武昌万象城,部分核验,B,https://www.guandian.cn/m/show/408606,2024-05-20,开业（2024-05-18，武汉第二座万象城）、区位（武昌滨江商务区和平大道619号）、商业25万㎡（地上8层地下4层）、M2轻奢定位、500余商家、NABOCUL等华中首店,核心事实已确认,武汉首座万象城为2022-05开业的汉口万象城（19万方，见武汉商务局），勿混淆；武昌万象城原华夏幸福地块由华润置地收购盘活，区位紧邻绿地缤纷城,2026-08-26
案例A85,太原万象城,部分核验,B,https://caifuhao.eastmoney.com/news/20260817113034809021270,2026-08-17,开业（2018年）、华北地区规模最大万象城、会员突破120万、61%品牌业绩居太原第一、Ole超市与万象影城业绩全省第一,核心事实已确认,开业日期2018-09-15及建筑体量见维基百科『万象商业』条目（CallisonRTKL设计）；2021年太原钟楼街另由华润万象生活运营，与万象城同属华润系但不属本项目,2026-08-26
案例A86,南京玄武招商花园城,部分核验,A,http://www.xwzf.gov.cn/ztzl/yshjgzzl/gzdt_69308/202504/t20250418_5130797.html,2025-04-18,体量14万㎡、4大特色主题（骑行友好/天文/宠物/小众圈层）、江苏省服务业重点项目、TOD（地铁6/9号线）、红山动物园与紫金山天文台联动,核心事实已确认,玄武区政府来源确认项目与主题规划；开业运营数据（95%开业率、240+品牌、首店占比超50%、屋顶天文台）见赢商观察2025-06-30报道,2026-08-26
案例A87,成都大悦城,部分核验,B,https://www.tcscre.org/post/%E6%88%90%E9%83%BD%E5%95%86%E5%A0%B4-%E5%A4%A7%E6%82%85%E5%9F%8E-joy-city,2025-05-29,开业（2015-12-19）、中粮西南首个城市综合体、总建面约40万㎡、Joy City Joy Park定位、3A景区/宠物友好/节能环保三大标签、CallisonRTKL设计,核心事实已确认,成都大悦城为国内首个体验游憩式潮玩购物公园；2024年9月华夏大悦城商业REIT以其为底层资产上市（见中国网报道），运营模式获资本化验证,2026-08-26
案例A88,上海徐汇万科广场,部分核验,A,https://www.xuhui.gov.cn/xwzx_bmlf/20231016/524992.html,2023-10-16,体量（总建面约10万㎡）、三大业态主题（运动/亲子/商务）、约250品牌规划、轨道交通1/3/15号线三线交汇、『城市绿毯』,核心事实已确认,徐汇区政府来源确认定位与体量；实际开业引入超200品牌、超40%区域首店（观点网）；开业期间绿轴『劳动者市集』100+生活方式品牌（上观）,2026-08-26
案例A89,深圳壹方天地,部分核验,A,https://www.szlhq.gov.cn/lhjjcjj/gkmlpt/content/10/10555/post_10555735.html,,ABCDE五大主题区、1000米华南最长商业步行街、超1000品牌、2021年C区龙华壹方城开业（90%首进品牌、7家全国首店）、2022年D区开街（70+首店）、iFLY风洞/LangLang朗玩等体验业态,核心事实已确认,龙华区政府来源；各区体量（A12万/B9万/C25万/D8万/E6万㎡）与C区龙华壹方城2021-10-29开业（100%招商率99.6%开业率、9大主力店300+品牌）见赢商网；与前海壹方城（鸿荣源，2017开业36万㎡）同属鸿荣源系,2026-08-26
案例A90,上海港汇恒隆广场,部分核验,A,https://www.hanglung.com/zh-cn/media/press-releases/2020/20201119,2020-11-19,开业（1999年末/2000年）、2017年二季度启动为期三年半大型分阶段资产优化、2020-11-19以GATEWAY TO INSPIRATION焕新、近400家品牌（BV/Burberry/Cartier/Fendi/Gucci/LV/Tiffany/VCA）、2020中期租赁收入4.53亿+15%,核心事实已确认,恒隆集团官方新闻稿；2023上半年销售额同比+68%、出租率98%（恒隆地产中期业绩，新浪财经）；改造期间拆除39级大台阶后以蒲公英灯海回归（财联社）,2026-08-26
案例A91,七宝灵展广场（原七宝万科）,部分核验,A,https://www.linkreit.com/sc/media/news-releases/link-acquires-remaining-50-percent-interest-in-shanghai-qibao-vanke-plaza,2024-02-09,领展2021年4月首购50%、2024-02以23.838亿元收购余下50%成为全资拥有人、零售面积约14.89万㎡共5层、与七宝地铁站直连、2023客流2150万（同比+45%）、2023租金调整率11.2%,核心事实已确认,万科2022年报口径项目建面23.71万㎡（含非零售部分）、营收4.08亿居万科运营商业首位；领展接掌运营后重塑品牌（更名灵展广场）；零售管理人留任6个月过渡,2026-08-26
案例A92,成都 IFS,部分核验,B,https://zh.wikipedia.org/wiki/%E6%88%90%E9%83%BD%E5%9B%BD%E9%99%85%E9%87%91%E8%9E%8D%E4%B8%AD%E5%BF%83,,九龙仓集团开发、总体量76万㎡（耗资170亿）、购物中心8层21万㎡、2014年开业、I am Here爬墙熊猫（Lawrence Argent设计、高13米重13吨）、连卡佛/LV/Dior等奢牌,核心事实已确认,以香港海港城为模板、成都已建成最高摩天楼；开业期近300品牌、近90品牌首进西南（Trip.com整理）；爬墙熊猫原为临时装置因走红永久保留，衍生品慈善拍卖捐助大熊猫保护研究中心,2026-08-26
案例A93,济南印象城,部分核验,B,https://news.iqilu.com/other/20190603/4283415.shtml,2019-06-03,开业（2019-06-01）、印力山东首座印象城、230+店铺、定位『潮趣工场』专注青年经济、9大创意空间（造梦花园/IN跑789/東巷等）、洪家楼商圈,核心事实已确认,体量口径：赢商网称15万方（建面）、联商网称经营面积12万㎡、齐鲁网称11万㎡，引用需注明口径；首日客流破25万（赢商网）；首进济南品牌239个中20%为潮流品牌,2026-08-26
案例A94,南昌大悦城,部分核验,B,https://jx.ifeng.com/c/8jsX6nJ4edJ,2025-06-01,开业（2025-05-31，西湖区朝阳新城）、总投资约30亿、首日客流24万+、销售额1630万、2天客流50万破全国大悦城开业纪录、『宝藏之舟、云帆朝阳』设计理念,核心事实已确认,品牌口径：开业报道称260+品牌、首店占比超40%（含6家华中/26家江西/7家南昌首店）；大悦城控股高管口径220+品牌、区域首店150+占比超60%——引用需注明口径；定位『城市沸腾青年主场』,2026-08-26
案例A95,重庆万象城,部分核验,A,https://www.crmixclifestyle.com.hk/gsxw/2023-06-26/1974430.html,2023-06-26,一期2014年开业（引入HERMES/PRADA/BV/Cartier/TIFFANY入渝）、北区（二期）2023-06-18开业（先锋潮流、240+品牌、70余家西南/重庆首店）、整体50万㎡成国内最大重奢万象城、品牌总数超700、防空洞与百年古树纳入规划、2021首进全国购物中心销售额前50、2022重庆NO.1,核心事实已确认,华润万象生活官方新闻稿；三区定位（中区极致奢享/南区摩登生活/北区先锋潮流）；北区含重庆首家i.t blue block、SHAKE SHACK、tea'stone等，2号线/环线谢家湾站换乘,2026-08-26
案例A96,长沙万象城,部分核验,A,http://www.hn.xinhuanet.com/20241219/99979c5cf61e47b2889f1576ea427ecc/c.html,2024-12-19,开业（2024-12-18，华润第40座/长沙首座）、总建面26.7万㎡、购物中心约17.4万㎡、423品牌、超170家华中/长沙/河西首店、三大特色空间（封面空间/徜徉绿谷/云端盛筵）、MIXSTEP厂牌,核心事实已确认,新华网湖南（170+首店口径）与澎湃（178家首店口径）略有差异，引用注明；开业首日销售额2300万、客流破25万（赢商网）；地铁4/6号线六沟垅站无缝对接,2026-08-26
案例A97,成都温江合生汇,部分核验,B,https://www.jiemian.com/article/5267944.html,2020-11-13,2015年开业、260+品牌约80%首进温江、主力店伊藤洋华堂/CGV/ZARA/H&M/星巴克、2020年升级更名成都合生汇（外立面/中庭穹顶/停车场改造、网红级洗手间、5G+MEC智慧商业综合体）、运营5年调整面积5万余㎡、累计5000万工程改造,核心事实已确认,界面新闻（合生商业品牌发布会）；品牌80%首进温江口径见百度百科与官方发布会一致；2023年逆势上扬见东方财富；INBOX潮流街区与新能源汽车产业聚集区见合生商业官网,2026-08-26
案例A98,淄博万象汇,部分核验,A,https://boftec.zibo.gov.cn/cec/charm/detail?charmid=297,,开业（2015-05-27）、张店区金晶大道与商场东路交汇、总建筑面积45万㎡（含非零售部分）、2000停车位、开业当天客流近20万、首进淄博新品牌百余家、『全客层一站式家庭体验式购物中心』定位,核心事实已确认,淄博市商务局官方来源；45万㎡为项目总体量口径，万象汇商业部分应小于该值，引用需注明；自开业以来围绕业态迭代与节点活动持续运营,2026-08-26
案例A99,侨福芳草地,部分核验,B,https://zh.wikipedia.org/wiki/%E4%BE%A8%E7%A6%8F%E8%8A%B3%E8%8D%89%E5%9C%B0,,开业（2012-09-16）、朝阳区东大桥路9号、总面积20万㎡（写字楼+购物中心+酒店）、LEED铂金认证（国内首个获此认证商业综合体）、500+艺术品含40+达利雕塑、236米中国最长室内长桥、2000㎡公共艺廊、倒悬鲨鱼装置,核心事实已确认,2017年客流峰值1500万人次、2023年较2017年降约40%且空置率超15%（赢商网/观点网）；COS中国首店2012年同步开业、2023年7月闭店；2025年3月与宁朴集团达成轻资产合作重新定位『时尚与艺术的社交中心』（北京商报）,2026-08-26
案例C15,上海延庆路/东湖路/永源路小马路商业更新,部分核验,B,http://www.why.com.cn/wx/article/2026/05/18/17790767331112427600.html,2026-05-18,东湖路-延庆路街区20-35岁核心青年客群占比77%、日均停留约2.2小时、人均消费430元、延庆坊五栋建筑（潮流标杆/原创设计师品牌/精致餐饮/社群活动）、目标打造新消费亿元街区,核心事实已确认,青年报2026-05-18；东湖路-延庆路街区纳入2026『上海之夏』国际消费季U-Urban城市漫游（新民）；FUFU上海、欧舒丹等品牌活动运营见腾讯新闻2026-04-19；永源路为并列小马路，单独公开资料较少,2026-08-26
案例C16,马来西亚怡保夜生活街区（海外）,线索,C,https://www.agoda.com/zh-tw/travel-guides/malaysia/ipoh/discover-ipoh-night-life-top-spots-hidden-gems,,怡保夜生活热点与隐藏宝地（旅游指南级）、Old Town White Coffee深夜营业至深夜、旧街场（Old Town）三层白咖啡体验中心、英国殖民时代全马第一间酒吧餐厅,线索级，未达核验门槛,海外案例仅获旅游指南/自媒体来源（agoda、Trip.com、YouTube），无官方或权威行业来源；需补马媒/马来西亚旅游局或深度行业报道后再判定；暂不进入已核验准入,2026-08-26
案例C17,成都三色锦岸夜市（原三色路）,部分核验,B,http://sc.people.com.cn/BIG5/n2/2022/1102/c345459-40178483.html,2022-11-02,三色路夜市位于锦江边国华街、后备箱+帐篷露营风零固定成本摊位形态、依托成都2020年3月『五允许一坚持』地摊政策（2020年5月全市2234个临时占道摊点、2万余流动商贩点、10万+就业）、2022年夏爆红后2022年11月因扰民被叫停,核心事实已确认,人民网四川2022-11-02『后备箱+露营风火出圈』；后续以『三色路夜市』为核心提档升级，规划汽车后备箱街区/文创艺术商业街区/高端餐饮美食街区/特色集市延伸区四大片区（百度百科）；2026年前后更名『三色锦岸』纳入锦江区夜市提档,2026-08-26
案例C18,北京王府中環,部分核验,A,https://www.beinet.net.cn/jjyw/jmsh/202606/t14456947.html,,香港置地内地首个综合商业地标、王府井东城区、总开发体量15万㎡、总经营面积约10万㎡、2011年29亿拿地、Dior城市概念店/GIADA旗舰店/Victoria's Secret旗舰店、在营品牌140余家、全国或北京首店近30家,核心事实已确认,北京经信局（beinet）官方口径总经营面积约10万㎡，新华网口径商场经营面积近5万㎡——引用需注明；开业口径2017年（新华网）/2018年正式开业（新京报）；2021年岁末起高端品牌培厚（宝格丽/卡地亚/宇舶/蒂芙尼/老铺黄金等）见新京报,2026-08-26
案例C19,北京朝外UIC街区,部分核验,B,http://www.bjchy.gov.cn/dynamic/zwhd/4028805a8b0e44e2018b126210f401fd.html,,2026-08-26,THE BOX A馆开业、首店比例、销售额与客流,核心事实已确认,2021年朝阳区启动首个片区类城市更新UIC（朝外大街）；THE BOX A馆80%首店、4个月销售额约5亿、活动2.25万人次（区政府官网口径）；2023年开业
案例C20,成都文殊坊,部分核验,A,http://www.archina.com/index.php?g=works&m=index&a=show&id=160496,,2026-08-26,2017年城投置地提质升级、空间结构、2026年五一客流,核心事实已确认,成都三大历史文化街区之一；一期2006年开街，2017年成都城投置地主导提质升级，『一核两环三轴多片区』、15个主题院落+妙圆剧场、800米立体慢行系统；2026年五一接待游客超74万人次；2025年获评『年度影响力特色街区典范案例』
案例C21,成都曹家巷骄子集市,线索,B,https://m.sohu.com/a/1064106649_120952561,,2026-08-26,金牛区曹家巷『潮+巷夜肆』烟火夜市开街信息,部分确认,原始名『骄子集市』未检索到独立公开来源；曹家巷片区可查项目为恒大曹家巷广场『潮+巷夜肆』烟火夜市（1500㎡、65摊位）与『曹家巷·匠人里』特色街区（2022-01开街）；名称疑义需原始资料方确认
案例C22,悉尼QVB维多利亚女王大厦（海外）,部分核验,B,https://en.wikipedia.org/wiki/Queen_Victoria_Building,,2026-08-26,建成年代、楼层、体量、店铺数量,核心事实已确认,1898年开业，五层，占乔治街整街区；140+店铺；悉尼官方旅游网站（sydney.com）表述为四层购物区，以维基百科五层口径为准；市议会所有的历史建筑
案例C23,上海虹口区域商业更新,部分核验,A,https://www.shhk.gov.cn/xwzx/002003/20251121/1cd210e8-e30b-481e-84d9-6400080e6732.html,2025-11-21,2026-08-26,虹口『文旅商体展』联动与今潮8弄石库门建筑群,核心事实已确认,今潮8弄约1.5万㎡、8条里弄60幢石库门，每年约500场活动；虹口区『娱文旅商』模式；2021年成为四川北路新地标（人民网上海）
案例C24,成都regular原野,部分核验,B,https://m.onewedesign.com/shangyekongjiansecaisheji.html/56-4046.html,,2026-08-26,下沉广场、面积、店铺数、开放时间,核心事实已确认,原始名『regular原野』应为『REGULAR源野』；大源中央公园下沉广场，北西东3个下沉花园划分三区、20个主理人店铺、1个gregarious公共空间，室内商业区6528.72㎡（不含户外花园）层高约5.5m；2021-07首批开放；方所与REGULAR团队打造；紧邻地铁5号线大源站
案例C25,上海淮海路商业街,部分核验,B,http://sh.people.com.cn/BIG5/n2/2026/0331/c138654-41538837.html,2026-03-31,2026-08-26,四轮更新、首店数量、HAI550与LADY淮海,核心事实已确认,1900年辟筑（原霞飞路，东方香榭丽舍）；近20年四轮更新（2007-2013国际大牌/2013-2020旗舰店时代/2020-2023策展内容与TX淮海/2023后HAI550可持续综合体与LADY淮海）；2025年新增首店87家、新开店率超25%；HAI550品牌年更替率约50%
案例C26,曼谷松汪road街区（海外）,线索,C,https://www.funliday.com/posts/2026-bangkok-songwatroad-onedaytrip,,2026-08-26,街区历史、Time Out评选、业态构成,部分确认,松瓦路Song Wat Road（嵩越路）：百年老街、华人聚落老屋与仓库建筑，曾是重要贸易区，居民自发振兴；被转述为Time Out『全球最酷街区』；街头艺术、精品咖啡、百年小吃与选物店；仅旅游指南级来源，需补官方/权威行业来源
案例C27,槟城Hin Bus Depot兴巴士（海外）,部分核验,B,https://guide.michelin.com/kr/en/pulau-pinang/my-george-town/restaurant/au-jardin,,2026-08-26,改造史、艺术社区、米其林餐厅进驻,核心事实已确认,1947年Hin Company建造的公交维修站改造；乔治市艺术社区（画廊、艺术商店、咖啡馆、陶艺工作室），周末Hin Market市集；米其林一星餐厅Au Jardin进驻；维基百科与米其林指南官网双来源
案例C28,清迈One Nimman尼曼一号（海外）,线索,C,https://chiangmaijourney.com/chiang-mai-shopping-guide-one-nimman,,2026-08-26,建造方、建筑风格、业态,部分确认,泰国绿茶品牌Ichitan创办人Tan打造，被称为『清迈的客厅』；欧式红砖建筑+钟楼，2018年落成；手作工艺、在地品牌、餐饮购物娱乐艺术复合；仅旅游博客来源（三篇互证），无官方/权威行业来源，需补充
案例C29,吉隆坡pocket破旧美学街区（海外）,线索,C,https://julienfun.com/thepocketkl,,2026-08-26,区位、改造方式、业态,部分确认,项目名The Pocket KL，位于吉隆坡Pudu旧区；老建筑活化创意聚落，保留斑驳墙面与裸露结构的『破旧美学』；咖啡馆、美食、复古店面与设计市集；仅博客/社媒级来源，需补官方或权威来源
案例C30,泉州十洲城,部分核验,B,https://www.rmzxw.com.cn/c/2026-05-15/3915175.shtml,2026-05-15,2026-08-26,投资规模、定位、业态与开业时间,核心事实已确认,原始名『泉州十洲城』为总项目名（泉州城建集团百亿投资、总建面约150万方，东海中央活力区CAZ首个文商旅超级综合体），首期项目名为『市井十洲城』（福建首个滨海非标商业街区，约200亩，2026年9月开业）；200+品牌、十洲演艺中心Livehouse（近4000㎡约2000乐迷）+美食文化中心双引擎；引入万科集团运营（凤凰网/香港商报/泉州市政府多源）
案例C31,北京朝外潮庙会,部分核验,B,https://www.cnr.cn/bj/sijh/20260209/t20260209_527521281.shtml,2026-02-09,2026-08-26,庙会主题、潮玩IP与非遗内容,核心事实已确认,2026年春节北京朝阳区『京城首个面向年轻人的主题庙会』；三大片区庙会联动，集结MOLLY、Panda Roll、WAKUKU等顶流潮玩IP（人民网北京2026-02-06）；重现『幡鼓齐动十三档』老北京民俗并首次引入国家级非遗广东潮汕英歌舞；东岳庙与北顶娘娘庙联动
案例C32,福州上下杭历史街区烟火生活季,部分核验,B,http://fz.fjsen.com/2026-02/13/content_32134075.htm,2026-02-13,2026-08-26,街区开街、非遗运营与新春活动,核心事实已确认,上下杭步行街2020-12-30开街（人民网福建）；福州闽商精神发祥地、海丝节点、『福州传统商业博物馆』；打造『非遗一条街』与『杭肆』文旅品牌，『杭肆云集·双杭妙会』新春大集集结超50种闽式风物、超30名在地主理人；『烟火生活季』为运营活动主题表述
案例C33,曼谷vanage houses老厂房改造（海外）,线索,C,https://www.sundaytour.com.tw/zh-tw/attractions/detail.php?pid=9405,,2026-08-26,仓库改造、面积、业态,部分确认,原始名『vanage houses』疑为『vintage houses』之误，对应曼谷Warehouse 30（30号仓库文创园）；二战时期仓库老建筑约4000㎡，Duangrit Bunnag修复保留时代特征+粗犷工业风；咖啡、潮流服饰、选物店、展览与古着店Horse Unit；仅旅行社/博客/社媒来源，需补官方或权威来源
案例C34,广州阿那亚A perch朋里,部分核验,B,https://cj.sina.cn/articles/view/3733669550/de8b46ae00101pwls,,2026-08-26,项目定位、空间设计、首店矩阵,核心事实已确认,广州阿那亚位于花都区九龙湖（中旅·阿那亚九龙湖生态度假区，2小时交通圈约7000万人口）；A perch朋里为阿那亚首个半开放式公园商业群落，连廊/露台/庭院将27个店铺单元融入林木，深檐+通风廊道+雾森系统适应岭南气候；BegL、山池、壹集、露迦徒等广州/大湾区首店矩阵；阿那亚艺术中心广州馆建面超6000㎡（董功设计）
案例C35,成都东郊记忆warmix街区,部分核验,A,https://www.chengdu.gov.cn/cdsrmzf/c181937/2026-07/02/content_b8cba09401ff45a0bb22c1a634bf38a9.shtml,2026-07-02,2026-08-26,园区沿革、体量、荣誉与特色场景,核心事实已确认,东郊记忆原国营红光电子管厂旧址，2011-09-29开园（原名成都东区音乐公园），2019-07挂牌成都国际时尚产业园；占地282亩、建面约20万㎡；国家AAAA级景区、国家工业遗产；含赛博朋克光影街区、东山组团、蜀宴赋、ARTE全沉浸式美术馆（2024年入选全国智慧旅游沉浸式体验新空间试点）；原始名『warmix街区』未检索到独立公开来源，疑为园内组团/活动名
案例C36,佛山王府井紫薇港,部分核验,B,https://m.winshang.com/news737445.html,,2026-08-26,体量、品牌数量、首店,核心事实已确认,季华商圈；商业部分总体量32万㎡（佛山最大体量购物中心），超400家品牌、超100家佛山首店（南方+口径，签约率90%开业率80%）；开业约2021年底（赢商网『五年破局』口径，具体开业日期待补）
案例C38,北京三里屯太古里路易威登之家,部分核验,A,https://www.louisvuitton.cn/zhs-cn/magazine/articles/maison-louis-vuitton-beijing-sanlitun,,2026-08-26,开业时间、设计、业态配置,核心事实已确认,2025-12-19于三里屯太古里北区启幕（新京报）；青木淳设计，灵感源自太湖石与LV 2016春夏连衣裙，半透明幕墙；零售空间四层、全品类+家居系列；Le Café Louis Vuitton为北京首间、中国第三家；太古地产北区焕新（2022年策略升级，2025-12起迪奥之家/LV之家陆续开业，2026春爱马仕）
案例C39,成都王府井科华店,部分核验,B,http://m.winshang.com/xm9315.html,,2026-08-26,开业时间、业态与体量,核心事实已确认,成都王府井购物中心（科华店）2011-12-25开业（购物中心业态，建筑面积10万㎡、营业面积5.5万㎡）；王府井成都另设总府店（1999-12-30开业，北京以外最大项目，建面5.93万㎡，中国百货商业协会）
案例C40,新加坡老巴刹（海外）,部分核验,B,https://zh.wikipedia.org/wiki/老巴刹,,2026-08-26,建成年代、历史地位、运营管理,核心事实已确认,老巴刹Lau Pa Sat：1894年迁现址，东南亚最古老的维多利亚时代建筑之一、新加坡国家古迹；新加坡唯一在受保护国家古迹内运营的小贩中心（官方laupasat.sg，由FairPrice Group旗下Kopitiam管理，2024年庆祝130周年）；坐落莱佛士坊CBD，夜间沙嗲街
案例C41,广州东山口街区,部分核验,B,https://news.qq.com/rain/a/20260616A01R3H00,2026-06-16,2026-08-26,商户规模、客流、更新方式与荣誉,核心事实已确认,新河浦历史文化街区400多栋小洋楼；『最小干预、修旧如旧、一栋一策』微更新；2018年起在地文化入驻，2022年『一方东山』文创园开业成潮流引擎（截至2026年引入41家品牌）；东山口商圈200余家商户、工作日日均客流近3万、周末单日超5万（南都口径）；2019年联合国人居署『亚洲都市景观奖』；产权分散、餐饮明火牌照限制是活化难点（界面新闻）
案例C42,新加坡FUNan（海外）,部分核验,B,"https://en.wikipedia.org/wiki/Funan,_Singapore",,2026-08-26,开业时间、体量、改造投资与设施,核心事实已确认,"2019-06-28软开业、2019-12-27正式开业（凯德旗下）；前身Funan DigitaLife Mall（1985年建，2016-06-30关闭重建，凯德5.6亿新元改造）；269,806平方英尺（约25,066㎡）6层；未来体验型商业：骑行友好设施、Climb Central攀岩墙、五人制足球场、泳池与O2O零售（凯德官方新闻稿）"
案例C43,上海上生·新所浴见全国首店,部分核验,B,https://www.guancha.cn/economy/2025_11_20_797711.shtml,2025-11-20,2026-08-26,浴见首店与上生·新所项目背景,核心事实已确认,浴见（Bathfeel）全国首家线下门店『一个人的自由浴室』2025年11月于上生·新所开业；浴见为贝泰妮2025年公布的首笔战略投资，以约200元猪鬃浴刷起家、2022年升级『以油养肤』身体护理；上生·新所2016年上海万科接手、2018年一期开放、2024年二期N1楼与香樟广场开放，『园区—街区—社区』三区合一（赢商网/长宁区政府）
案例C44,新加坡New Bahru（海外）,部分核验,A,https://www.sla.gov.sg/articles/new-bahru,,2026-08-26,前身、改造定位、品牌数量,核心事实已确认,2024年5月起逐步开业（官方Instagram）；前身为南侨女中Nan Chiau Girls' High School（1940年代新加坡福建会馆创办、2000年代搬迁）；改造为容纳40+本土品牌的创意聚落（food/retail/art/wellness/design），新加坡土地管理局SLA官方背书的适应性再利用范例；位于River Valley，保留原校园建筑风貌
案例C45,杭州良渚文化村玉鸟集,部分核验,B,https://www.archiposition.com/items/20230803114626,2023-08-03,2026-08-26,项目定位、体量、建成时间与商业形态,核心事实已确认,玉鸟集位于杭州市余杭区良渚文化村，万科杭州开发，2023-05建成开放；总建筑面积68934㎡、用地106593㎡；低密度开放式复合街区，模拟原始村落肌理，融合烟火与文艺，开创杭州文化商业新模型；大谷仓由大舍建筑设计；入驻品牌含连锁品牌、村民孵化品牌与小众主理人品牌（有方/筑格/享家生活）。补充来源：https://www.archidogs.com/original/gyinfo/2012.html、https://www.share-living.com/blog/detail/ZZ-Bir-Land
案例C46,澳洲布里斯班James Street（海外）,部分核验,A,https://www.queensland.com/us/en/places-to-see/destinations/brisbane/new-farm-and-the-valley/james-street-brisbane-guide,,2026-08-26,街区定位、业态构成与项目官网,核心事实已确认,James Street位于布里斯班Fortitude Valley，为设计师买手店+家居店+获奖餐饮聚集的高质感街区；项目官网称汇聚110+精选特色店（设计师买手店/家居/获奖餐厅咖啡）；The Calile酒店与Hellenika等为街区标志；年度James St Food + Wine Trail为街区最大美食节（昆士兰官方旅游指南/项目官网）。补充来源：https://jamesst.com.au/about；经营数据待补
案例C47,武汉新天地,部分核验,A,https://sw.wuhan.gov.cn/xwdt/mtbd/202509/t20250926_2652809.shtml,2025-09-26,2026-08-26,项目定位、更名事件与社区品牌升级,核心事实已确认,武汉天地面世至今近20年，为瑞安在武汉的城市地标社区旗舰项目，辐射汉口历史文化风貌区与二七滨江；2025-09-12更名武汉新天地，原商业街/壹方南馆/壹方北馆分别更名为街区/南馆/北馆，同步启幕新天地艺游季；瑞安将新天地由商业项目品牌战略升级为社区品牌，口号『生活总有新天地』（武汉市商务局转载新商业LAB/湖北日报）。补充来源：https://news.hubeidaily.net/mobile/c_4609449.html
案例C48,上海adidas三叶草外滩秀场,部分核验,A,https://news.adidas.com/originals/adidas-presents--power-of-three-at-shanghai-fashion-week/s/d9b9f2c6-053c-4382-9fe2-78e27289eb6f,2025-10-16,2026-08-26,品牌官方秀场活动记录,核心事实已确认,adidas官方记录：2025-10-16于上海时装周收官场举办『POWER OF THREE』主题大秀，庆祝上海创意中心20周年，首发2026春夏系列；10-17起限定发售于安福路旗舰店、成都太古里等渠道；现场陈冠希/李现等创意人站台（adidas官方新闻/VOGUE HK）。原始案例名『外滩秀场』的具体地点口径待核，官方检索未见『外滩』表述
案例C49,杭州亚奥万象天地,部分核验,A,https://www.lead8.com/zh-hans/projects/hangzhou-asiad-mixc-world,,2026-08-26,项目定位、体量与开业表现,核心事实已确认,杭州亚奥万象天地为华润置地杭州首个万象天地、浙江省首个万象天地，占地约10万㎡（Lead8零售建筑、KPF合作）；商业面积12万㎡、盒子+街区形态，集结露营/骑行/宠物友好场景；开业两日客流33万+，成为杭州block街区新范例（Lead8官网/gooood/知乎专栏）。补充来源：https://www.gooood.cn/hangzhou-asiad-mixc-world-by-landtek-group.htm、https://zhuanlan.zhihu.com/p/1962079285713047918
案例C50,佛山岭南新天地,部分核验,A,https://www.prnasia.com/story/365391-1.shtml,2022-06-16,2026-08-26,开业时间、规模、改造模式与运营,核心事实已确认,佛山岭南天地由瑞安房地产开发、瑞安新天地经营管理，商业街区2012年正式开幕（ARCHINA记为2008-02-28瑞安启动改造）；规划总建筑面积150万㎡，坐拥128栋历史建筑、8条历史街巷；修旧如旧改造祖庙东华里古建筑群，年客流超2600万人次；2016年NOVA岭南站、2020年岭南天地·新里相继开业；把握首店经济，孵化HEA/THREE DROPS等佛山原创品牌（美通社/南方+/ARCHINA）。补充来源：http://www.archina.com/index.php?g=portal&m=index&a=show&id=6814、https://pc.nfnews.com/35419/7480720.html
案例C51,北京朝阳花Young潮外消费季,部分核验,A,https://www.beijing.gov.cn/ywdt/gqrd/202509/t20250930_4215304.html,2025-09-30,2026-08-26,活动主题、时间与串联地标,核心事实已确认,第二届北京朝阳花园节暨『花YOUNG潮外』UIC片区消费季2025-09-28启动，探索『公园+』模式，串联日坛公园、THE BOX朝外、悠唐购物中心、侨福芳草地、美克洞学馆等朝外特色地标，设『花YOUNG潮外』观光专线；花花市集于THE BOX朝外东岳文化广场举办（2025-09-28至10-4）（北京市政府官网/经济导报/北京本地宝）。补充来源：https://jdonline.com.hk/content_99733.html、https://m.bj.bendibao.com/news/377782.html
案例C52,东京NEWoMan/香港中环街市/北京西单更新场（海外+国内）,部分核验,A,https://www.ura.org.hk/tc/project/heritage-preservation-and-revitalisation/central-market,,2026-08-26,三个子项目的更新模式与开业时间,核心事实已确认,三合一案例。①NEWoMan：JR东日本旗下新型百货，与新宿高速巴士总站共构，客群定位『大人女性』，直通新宿站多个改札（乐吃购日本）。②香港中环街市：1939年建成、三级历史建筑，市建局活化，总楼面约12000㎡+1000㎡休憩空间，2017-10交予市建局、2021-08起向公众开放，华懋集团营运（市建局官网/维基百科）。③北京西单更新场：原77街购物中心2015年停业，经6年改造后西单文化广场2021年『五一』前亮相（北京市外办）。补充来源：https://zh.wikipedia.org/wiki/中環街市、https://wb.beijing.gov.cn/home/gjjwzx/zgdt/202104/t20210416_2361211.html、https://tokyo.letsgojp.com/archives/82094
案例C54,首尔GENTLE MONSTER总部（海外）,部分核验,A,https://www.gentlemonster.com/int/en/stores/detail/779149716700285432,,2026-08-26,总部位置、品牌矩阵与空间形态,核心事实已确认,GENTLE MONSTER国际总部HAUS NOWHERE SEOUL位于首尔城东区圣水洞433 Ttukseom-ro（官方门店页）；整合旗下5品牌：GENTLE MONSTER眼镜、TAMBURINS香水、ATiiSSU帽饰、Nuflaat餐具、NUDAKE TEAHOUSE茶点，以垂直动线串联（社媒转载）；开业即成圣水洞潮流新地标。补充来源：https://www.instagram.com/p/DOqNHTQD3I7
案例C55,曼谷Central Park（海外）,部分核验,A,https://centralparkbangkok.com/en,,2026-08-26,项目对应主体、体量与开业时间,核心事实已确认,原始名『曼谷Central Park』对应Dusit Central Park / Central Park Bangkok：Central Pattana（CPN）集团开发，位于Rama 4路86号Silom区，连接BTS Sala Daeng与MRT Silom；2025-09-04开幕，八层约13万㎡、550+品牌；含泰国最大空中花园『Dusit Arun』（约11200㎡）与750米无障碍步道；LG层Parkside Market米其林美食街（官方/旅游指南）。补充来源：https://zh-tw.phuket101.net/central-park-bangkok、https://stancylife.com/central-park
案例C56,青岛万象城,部分核验,B,https://news.qq.com/rain/a/20250212A03A0M00,2025-02-12,2026-08-26,开业时间、体量、经营数据与改造计划,核心事实已确认,青岛万象城2015-04-30开业，总建筑面积301187㎡，为华润商业REIT底层资产；截至2024年底出租率99%、会员145万（近青岛常住人口1/7）、单日客流峰值破20万人次（2024-12-31）；2024年四季度起实施约1.25万㎡改造、投入8422万元；2024上半年客流同比+10%、出租率99.04%、可租赁面积13.77万㎡（经济导报/青岛日报）。补充来源：https://www.dailyqd.com/guanhai/341801_1.html
案例C57,北京中粮祥云小镇,部分核验,B,https://baike.baidu.com/item/中粮·祥云小镇/59014957,,2026-08-26,项目定位、体量与规划分区,核心事实已确认,中粮·祥云小镇位于北京市顺义区安泰大街9号，集欧式风情建筑、艺术景观与多元业态于一体的开放式文旅综合体，2021年入选北京市首批旅游休闲街区（百度百科）；规划六大主题区块（国际生活广场/文化生活体验区/家庭亲子主题区/主题餐饮街区/健身休闲区），分两期开发（人民网2014-04-23）；总体量约20万㎡，同期开业品牌74家（知乎专栏）。补充来源：http://ccnews.people.com.cn/n/2014/0423/c141677-24933319.html、https://zhuanlan.zhihu.com/p/86706375
案例C58,北京友谊商店/大吉巷/白塔寺东西岔,部分核验,A,http://www.news.cn/local/20250606/096e3a3c49e2402bb0fb1b0f9d33df04/c.html,2025-06-05,2026-08-26,三个子项目的改造模式与开业时间,核心事实已确认,三合一案例。①北京友谊商店：1964年始建、1973年新楼开业；2022年王府井集团宣布转型改造为『商业生活艺术中心』，2024-02改造方案通过、4月招商，2025-09-23正式开业；后院9处旧空间改造为『友谊花园』，入驻Berry Beans/北平机器/度粒Duli/铁手咖啡制造局/阿招鸡煲等（维基百科/光明网）。②大吉巷：中海发展开发，2016年启动、历时9年，合院式商业街区共三层，首批150余家品牌超半数为首店/定制店，挤出1.2万㎡公共绿地，端午客流超50万人次（新华网2025-06-05/中国城市报2025-07-14）。③白塔寺东西岔：西城区2020-06-04启动宫门口东西岔胡同保护更新，『六个一』综合更新思路、针灸式更新（北京市规自委2021-02/人民网2021-07-06）。补充来源：https://zh.wikipedia.org/wiki/北京友谊商店、https://m.gmw.cn/2025-07/10/content_1304079614.htm、https://paper.people.com.cn/zgcsb/pc/content/202507/14/content_30087383.html、http://ghzrzyw.beijing.gov.cn/zhengwuxinxi/zxzt/wsghs/2021dyj/d5j/202102/t20210224_2287816.html
案例C59,西安曲江创意谷,部分核验,B,https://baike.baidu.com/item/曲江创意谷/22431761,,2026-08-26,开发主体、开业时间、体量与空间特色,核心事实已确认,曲江创意谷由西安万科与曲江文化产业投资集团合作开发，2018-12-30一期开业；占地120亩、总建筑体量约52.9万㎡，开业时98%招商率、92%开业率、超30%首进品牌（西安晚报2019-01-15）；引入纽约高线公园概念，约17米高空架设『高线公园』空中街区串联8栋办公楼；2024年获中国商务楼宇TOP50（百度百科）。补充来源：https://sn.cri.cn/chinanews/20190115/6b63b014-57df-44c9-694e-f5d4ae6b2d38.html
案例C60,沈阳三台子万象汇叁三里,部分核验,B,https://baike.baidu.com/item/沈阳三台子万象汇/63838097,,2026-08-26,项目开业时间、体量与叁三里街区,核心事实已确认,沈阳三台子万象汇为华润置地沈阳第五座购物中心，2022-12-09开业，建面12.8万㎡（观点/moomoo）；2024-06-15首个室外街区『叁三里』正式开放，为沈阳首个2000㎡漫氧绿洲主题街区，融合室内外消费场景（百度百科）。补充来源：https://www.moomoo.com/hans/news/post/30875890、https://zhuanlan.zhihu.com/p/671729574
案例C61,上海安福路萨洛蒙概念店,部分核验,A,https://www.prnasia.com/story/494896-1.shtml,2025-06-30,2026-08-26,门店开业、空间设计与品牌扩张,核心事实已确认,SALOMON萨洛蒙小白楼『福郡』于上海安福路开业（2025-06-30美通社发布、2025-08-08正式开业，赢商网），以巴黎玛黑区户外风尚专门店为蓝本；门店总面积479㎡三层，设Le Salon/La Galerie/L'atelier三大主题空间，集艺术策展/跨界合作/本地社群于一体；2024年萨洛蒙大中华区门店196家，2025年计划再开100家（赢商网）。补充来源：https://m.winshang.com/news735132.html
案例C62,东京宫下公园/大阪难波公园/首尔如意岛/吉隆坡Exchange TRX（海外）,部分核验,B,https://en.wikipedia.org/wiki/Miyashita_Park,,2026-08-26,四个子项目的形态与开业时间,核心事实已确认,四合一案例。①宫下公园MIYASHITA PARK：1953年建立，2017年关闭，2020-07重开为购物综合体+屋顶公园（滑板场/攀岩/沙滩排球），GO TOKYO官方称其曾为东京首个屋顶公园（维基/GO TOKYO）。②大阪难波公园Namba Parks：2003年开业，坡式立体公园形态、空中花园与峡谷岩层设计，Jon Jerde设计（百度百科/半月谈）。③首尔如意岛（汝矣岛）：The Hyundai Seoul现代百货首尔店位于汝矣岛108号，总营业面积89,100㎡为韩国最大百货，12层含人工瀑布/室内植物园Sounds Forest（现代百货官方/哈泼时尚）。④吉隆坡Exchange TRX：Lendlease开发，2017年动工、2023-11-29开业，400+店铺、约12万㎡，含Apple马来西亚首店；首年销售额MYR26.4亿、客流4500万（维基/Lendlease官方）。补充来源：https://www.gotokyo.org/en/spot/1844/index.html、https://baike.baidu.com/item/难波公园/8545227、https://www.ehyundai.com/mobile/DP/cn/branch.do?branchType=10&branchCd=B00140000&lanType=CN、https://www.lendlease.com/media-centre/media-releases/lendlease-welcomes-new-capital-partner-for-the-exchange-trx
案例C63,香港铜锣湾希慎丽园街区,部分核验,B,https://www.guandian.cn/article/20250218/468717.html,2025-02-18,2026-08-26,利园升级计划与利园八期,核心事实已确认,原始名『希慎丽园』应为希慎兴业旗下铜锣湾『利园』（Lee Gardens）：2023年初发布利园升级计划『Lee Gardens for the Next Century』，分3个功能区升级（观点2025-02-18）；利园八期（Lee Garden Eight）由希慎与华懋合作，2026年第三季登场，含6万平方呎绿化开放空间，全天候行人通道系统2026年底竣工连接港铁铜锣湾站（华懋集团）。补充来源：https://www.chinachemgroup.com/zh-hk/news/news-centre/2025/lee-garden-eight-tops-out
案例C64,印力×曼谷The Mall集团合作（含深圳印力中心印象食集）,部分核验,A,https://vanke.com/big5/mobile/news/data?typeid=1&newsid=8709,,2026-08-26,合作时间、内容与首场落地,核心事实已确认,2025-07-18（中泰建交50周年暨深圳曼谷结好10周年之际），印力与泰国The Mall集团在深圳印力总部签署战略合作协议，合作覆盖文化IP、会员生态、品牌出海等领域（万科官网/赢商网）；第一场合作为印力『第九届Super-V花花节』，融合The Mall爆款市集IP『Kud-Thai』展现泰国文化生活方式（印力官网）。原始名含『深圳印力中心印象食集』，本次以中泰合作主线佐证，印象食集细节待补。补充来源：https://m.winshang.com/news734730.html、https://www.scpgroup.com/media/data?parentid=3&catid=13&id=2021636
案例C65,首尔圣水洞韩系设计街区（海外）,部分核验,B,https://www.jwdkpartners.com/cn/dispatch/cheng-shi-man-bu-sheng-shui-dong-shou-er-zui-ju-huo-li-de-gong-ye-jie-qu,,2026-08-26,街区形态、代表空间与品牌密度,核心事实已确认,圣水洞为首尔最具活力的工业街区，废弃汽修厂/工厂改造为品牌旗舰与文化空间：LCDC（废弃汽修厂改造文化复合空间）、BRICKSAND烘焙工坊、DHL街角快闪画廊等，零售即叙事的探索式动线（行业深度文章）；品牌密度高：DIOR圣水、TAMBURINS、OLIVE YOUNG N旗舰（1400坪5层）、Musinsa大林仓库买手店（702.5㎡、100+品牌）等（ELLE HK/波比看世界）。补充来源：https://www.elle.com.hk/fashion/shop-updated-south-korea-seoul-seongsu-shopping-2026、https://bobbytravel.tw/seongsu-dong
案例C66,深圳深业上城/重庆北辰天街/南京德基/郑州郑东万象城室内街区,部分核验,B,https://m.winshang.com/news725728.html,,2026-08-26,四个子项目的形态与经营数据,核心事实已确认,四合一案例。①深圳深业上城：2018年开业，『公园+LOFT小镇+MALL+街区』组合，2024年销售额60亿、客流4600万人次（赢商网）。②重庆北城天街：龙湖首座天街（观音桥），2024年2月启动600余天改造、2025-09-26焕新，构建『无界潮流』：B馆高街花园/榕树广场/星座广场，品牌+150家、重庆首店+80、特型店占比超50%（人民网重庆/龙湖官网）；原始名『北辰天街』疑为『北城天街』笔误。③南京德基广场：2006一期/2012二期开业，31.3万㎡，2024年销售额245亿、客流超1000万人次；『艺术+商业+科技』模式，入选全国零售业创新提升典型案例（新华网江苏/南京市商务局）。④郑州郑东万象城：2025-06-28开业，华润万象生活郑州第二座万象城，24.1万㎡；北区购物中心+南区漫步式街区，总体量73万㎡（购物中心19.4万㎡+商业街区4.7万㎡），『金水流云』建筑灵感（华润万象生活官网/大河财立方）。补充来源：https://m.winshang.com/news730711.html、http://cq.people.com.cn/BIG5/n2/2025/0930/c367632-41369800.html、https://www.longfor.com/detail/220_5a0dfd3dc93b4ecc5965b8273945a6f5.html、http://www.js.xinhuanet.com/20250226/0ad642ee2ea543f89310b3791150d024/c.html、https://swj.nanjing.gov.cn/bmdt/202512/t20251229_5752922.html、https://www.crmixclifestyle.com.cn/gsxw/2025-06-30/m_1974490.html、https://app.dahecube.com/nweb/news/20250628/239634ndb70fadfdc4.htm?artid=239634
案例C67,深圳大悦城,部分核验,B,https://m.mp.oeeee.com/a/BAAFRD0000202507171103953.html,2025-07-17,2026-08-26,开业时间、体量、首日表现与非标空间,核心事实已确认,粤港澳大湾区首座大悦城2025-07-12于深圳宝安区开业，25万㎡商业，历时15年、斥资200亿元，背后73万㎡综合体为大悦城控股补齐一线城市版图最后拼图；首日客流破42万人次、销售额近2000万元，近100家品牌获全国销冠、近50家登顶深圳销冠，首店及定制店占比超五成；打造开放式潮流十字街、4000㎡屋顶星厨花园、超3万㎡『地下城』25青年时区三大非标空间；盒马鲜生为全国首个火锅体验中心门店（南都）。补充来源：https://www.cofco.com/cn/investors/cofcoproperty
案例C68,曼谷商业设计五大亮点（海外）,部分核验,B,https://m.ret.cn/in-sight/2881.html,,2026-08-26,曼谷商业设计创新佐证,部分确认,综述型案例，原始『五大亮点』清单以商业参访分析为主要佐证：EMSPHERE体现曼谷商业对『年轻化』的深刻理解、EM MERCADO等业态布局（商业地产智库ret.cn）；EMSPHERE开发成本约39.5亿人民币、总面积20万㎡、两栋相连建筑、工业风格、紧邻Bencha Siri Park与素坤逸路（设计行业文章）；曼谷以场景与业态创新持续产出爆红商业体（搜狐行业号）。具体五亮点清单需以原始资料为准，来源均为行业媒体级。补充来源：https://www.sohu.com/a/762192508_475786、https://m.onewedesign.com/shangyekongjiansecaisheji.html/56-4090.html
案例C69,西安老城根G park,部分核验,B,https://www.sohu.com/a/824077038_121119292,2024-11-06,2026-08-26,开业时间、空间形态、标志装置与品牌,核心事实已确认,老城根G park位于西安大兴新区核心（距城墙西北角约1公里），2016年开业；L型2-3层街区+mini盒子+多广场形态，街区带天幕；标志为LED异形水晶大屏（韩国Digital Idea团队2000㎡）与法国水秀公司360°互动水舞秀场（24米高）；约3300米公园式商业街区、商业建面超20万㎡，分GO潮/GO味/GO趣三区块；开业引入152个品牌、40%首进西北；2024年8周年时Dior/Tagi./古良吉吉沿水晶广场聚集（iziRetail/百度百科/西部网）。补充来源：https://baike.baidu.com/item/老城根商业广场/23287016、http://m.cnwest.com/bwyc/a/2021/07/29/19840793.html
案例C70,长春万象城漫闪街区,部分核验,A,http://www.jl.xinhuanet.com/20250520/cb63fd6cdef74dcda5cc96824f406f64/c.html,2025-05-20,2026-08-26,慢闪街区IP各期主题与项目背景,核心事实已确认,原始名『漫闪街区』官方为『MIXC YARD城市慢闪街区』：2024-05首期以电影为主题、户外广场超3000㎡游逛空间、引入13家东北/吉林首进品牌、开业首日2.3万人次；2024-08二期『复古高校』主题（METAL HANDS铁手咖啡/LUNEURS等）；2025-05-20升级2.0『庭院季』，主题『庭院小憩万物生欢』、再引入13家城市首进品牌（新华网吉林/百度百科）；长春万象城2023-07-28开业，总建面约15万㎡、地上7层地下5层，为华润东北第二座万象城、吉林省首座，含约3.5万㎡户外城市广场（华润万象生活官网）。补充来源：https://baike.baidu.com/item/长春万象城/63052149、https://www.crmixclifestyle.com.hk/gsxw/2023-07-28/1974431.html
案例C71,北京王府中環,部分核验,B,https://m.jiemian.com/article/2186745_qq.html,2018-05,2026-08-26,开业时间、投资、体量、品牌组合,核心事实已确认,界面新闻：香港置地投资12亿美元（约80亿人民币），2018-05-29正式开业，为王府井核心商圈近年少见纯新商业综合体。华丽志（2024-05-29）：八年筹备、六年运营，在营品牌140余家、全国或北京首店近30家，PRADA/BURBERRY/GUCCI/Cartier/Tiffany等开双层大店，Aesop伊索北京首店落19号府店（原贝子溥伦府邸），地处故宫保护区内。香港置地官网：内地时尚高端生活圈与零售中心。补充来源：https://luxe.co/post/350406、https://www.hkland.com/cn/properties/beijing/wf-central。体量口径不一（综合体总面积15万㎡ vs 商场经营面积近5万㎡），引用时注明。
案例C73,广州黄埔花厅坊,部分核验,A,http://www.ccfa.org.cn/portal/cn/xiangxi.jsp?id=446452&type=2,2025-03-17,2026-08-26,项目定位、开发者、开业时间、古村基底,核心事实已确认,CCFA/合生商业：合生商业打造的首个岭南特色『非标』文旅商业街区，位于黄埔科学城合生中央城内，以900余年历史『火村』为基底，『修旧如旧』修缮策略，2025-03-16举行『五一全面开街倒计时』启动仪式。羊城派/腾讯新闻（2025-05-02）：2025-05-01盛大开街，黄埔区云埔街道，广州现存历史最悠久古村之一，完整保留『三街一里，八巷一环』街巷结构，未来超100家品牌商家入驻，打出『东花厅西永庆』。观点网（2025-04-30）：五一全面开街。补充来源：https://news.qq.com/rain/a/20250502A060R800、https://www.guandian.cn/m/show/483763。
案例C74,深圳万象天地MXTR街区,部分核验,B,https://www.sohu.com/a/917008406_120860591,2025,2026-08-26,MXTR PARK设计、运营机制、品牌组合,核心事实已确认,搜狐/设计报道：MXTR PARK位于水广场（原街区动线末端『冷区』），『一拱两阶三舞台』策略，运营从2022年HIGH LOUNGE→2023年Nomadic Voyage游牧营地→MXTR PARK连续演进，Fenty Beauty中国内地首店/Snow Peak/BBQ Chicken入驻，以『慢闪』形式高频内容策划，2025-03-28正式开放，已为品牌带来数百万级业绩增量。Instagram/headlifehk：mixtuRE循航生活志由MXTR PARK（350㎡圆拱形）与可持续主题mxtr街区（10个小盒子商铺）组成，『MIXTURE SUMMER CITY GUIDE夏日慢游』主题，KODAK华南首店/SFSG深圳首店/alexanderwang快闪/Projourney。商业地产策划网：万象天地2017年开业『街区+mall』、一街一巷五广场、10座独栋旗舰店、近300店铺1000品牌约30%首进深圳。补充来源：https://www.instagram.com/p/DN9yM0yiBdE、http://www.sydcch.com/shangyedichan/chengshizongheti/2022/1214/8683.html。
案例C75,南京JLC金陵中環,部分核验,A,https://invest.nanjing.gov.cn/gzdt/202504/t20250430_5139859.html,2025-04-30,2026-08-26,开业、定位、首店、商圈影响,核心事实已确认,南京市投资促进局：金陵中环启幕，香港置地在内地布局的第四座『中环系』项目，定位『精品中环』、与北京王府中环同一级别，聚焦品牌潮流、餐饮及高端生活方式，Olé精品超市/PANATTA高端健身会所等，文化装置《红楼回响》与约500㎡文化社交花园，2024年南京新引进首店超330家。观点网（2025-04-29试营业）：新街口近10年最大体量新增商业，总体量约8.9万㎡（商业口径），方所/Ole/HARMAY话梅等首店，地上7层地下4层、7楼露台花园。财新（2021-03-26）：继置地广场/澳门壹号广场/北京王府中環后的第四座精奢中環系，新街口CBD正核心、总投资超百亿，原计划2023-2024建成。补充来源：https://www.guandian.cn/m/show/483427、https://promote.caixin.com/2021-03-26/101680723.html。体量口径差异（8.9万㎡商业 vs 早期规划33.6万㎡地上），引用时注明。
案例C76,杭州天目里,部分核验,B,https://www.brandstar.com.cn/news/1035,2019-04-09,2026-08-26,体量、设计、业态、开业,核心事实已确认,品牌星球（2019-04-09）：天目里位于杭州西湖区、紧邻西溪湿地，总占地43395㎡、建筑面积23.4万㎡，17幢单体建筑，为蓬皮杜中心设计师伦佐·皮亚诺在中国的第一个商业作品，由江南布衣集团开发并作总部，茑屋书店中国首店（约3000㎡），%Arabica/CINKER三克映画/FLOS等入驻，Paul Kephart与枡野俊明景观设计。界面新闻：2012年JNBY与GOA大象设计共同拿地，17幢建筑围合成中心广场，Seesaw Coffee杭州首店。策牛网：Dottor Group意大利清水混凝土团队100多位技术指导驻场5年、约4万㎡清水混凝土墙体，WeWork联合办公。补充来源：https://www.jiemian.com/article/5141290.html、https://www.cni.top/html/2019/zaiti_0403/48544.html。
案例C77,京都车站（海外）,部分核验,A,https://www.kyoto-station-building.co.jp/about/history,,2026-08-26,车站建筑历史、开业时间,核心事实已确认,京都駅ビル官网：现京都駅ビル为京都駅舎第4代，1994年动工，1997-07-12 JR京都站开业。Reddit/Threads：车站大楼由建筑师原广司1997年设计，理念『京都是通往历史之门』，车站综合体含百货/商业/屋顶空间，街道层经大台阶与扶梯通往屋顶而非仅作交通。补充来源：https://www.reddit.com/r/architecture/comments/kkih68/、https://www.threads.com/@fuples/post/DDSFHjnTDRT。海外案，官方（京都駅ビル官网）来源，判部分核验。
案例C78,苏州中環,部分核验,A,https://www.benoy.com/zh-hans/%E9%A1%B9%E7%9B%AE/%E8%8B%8F%E5%B7%9E%E4%B8%AD%E7%92%B0,,2026-08-26,项目定位、体量、设计、开业时间,核心事实已确认,Benoy官网：香港置地+新建元圆融联合开发，金鸡湖湖东商圈，总建面18.8万㎡、占地4.8万㎡，MALL+退台式商业街、立体广场、巨型扇形天幕，规划地铁8号线右岸街站直接接入，『中環系内地进度最快项目』，预计2027年4月开业。赢商网：2021-09合作意向、2022-08-10香港置地5.7亿竞得04/05号两地块（总开发体量约17万㎡），2023-01启动建设、2025年8月封顶、计划2026年亮相，监管协议要求开业运营3年内引进至少3家超一线+17家一线奢侈品牌、05号地块为奢华五星酒店（宝格丽/嘉佩乐/文华东方/华尔道夫等）。百度百科：总投资约32亿元，计划2026年年中开业。补充来源：https://m.winshang.com/news726560.html、https://baike.baidu.com/item/苏州中环广场/62589688。开业口径差异（Benoy称2027-04 vs 媒体称2026年亮相/年中），引用时注明；在建项目。
案例C79,东京Hibiya OKUROJI（海外）,部分核验,B,https://mag.tecture.jp/culture/20200910-13371,2020-09-10,2026-08-26,开业时间、空间、规模、运营商,核心事实已确认,TECTURE（2020-09-10）：日比谷OKUROJI于2020年9月10日开业，为JR新桥站-有乐町站间明治期炼瓦拱门高架桥与东海道线高架桥一体化的高架下空间，全长约300米、开发规模约7200㎡、约50店铺，事业主为JR东日本都市开发，设计吉田裕一建筑+东铁工业+交建设计等。空间印象：1910年山手线仍在拱形高架轨道运行，设5个出入口，『连接日本过去与未来』理念，引入鳗鱼饭名店炭烧鳗鱼富士等近50家店铺（多个东京首店/新形式店）。千代田区官网（visit-chiyoda）：2020年9月开业。补充来源：https://m.sidd.com.cn/yanjie/992.html、https://visit-chiyoda.com/zh/hibiya-okuroji-shopping-restaurant-tour。海外案，行业媒体+官方观光站，判部分核验。
案例C80,洛杉矶大中央市场（海外）,部分核验,B,https://www.laconservancy.org/learn/historic-places/grand-central-market,,2026-08-26,历史、开业时间、建筑、运营,核心事实已确认,LA Conservancy（洛杉矶历史保护协会）：Grand Central Market于1917年9月开业并持续运营至今，由1897年与1905年两栋建筑构成（John Parkinson与Harrison Albright设计，其一为南加州第一座钢筋混凝土建筑），位于National Historic District。官网grandcentralmarket.com：downtown landmark since 1917，汇集餐饮与文化；Go Get Em Tiger 2013年在此开出首店。Instagram官方账号37.9万粉丝。补充来源：https://grandcentralmarket.com、https://www.instagram.com/grandcentralmarketla。海外案，官方机构+项目官网，判部分核验。
案例C81,胡志明咖啡公寓（海外）,部分核验,B,https://www.vietnamairlines.com/tw/zh-tw/plan-book/travel/travel-guide/the-cafe-apartment,,2026-08-26,位置、形态、业态,核心事实已确认,越南航空官网旅游指南：The Cafe Apartments（咖啡公寓）位于胡志明市第一区阮惠步行街（Nguyen Hue Walking Street），多间咖啡馆设阳台座位俯瞰步行街，为地标性打卡点。viet-go：42 Nguyen Hue，公寓内除咖啡厅外还有越南在地设计师服饰与独立选物手作小店，电梯收费。Threads自媒体：网美打卡热点。补充来源：https://viet-go.com/attractions/the-cafe-apartment-ho-chi-minh-guide。项目为老式公寓楼自发聚集形成、无自有官网，主要来源为官方航空公司旅游指南+旅游博客级，判部分核验但注明来源等级。
案例C82,东京麻布台Hills（海外）,部分核验,A,https://www.azabudai-hills.com/about/index.html,,2026-08-26,开发历程、体量、开业时间,核心事实已确认,"森大厦官方（azabudai-hills.com）：1989年『街づくり協議会』设立，历经30年、协调约300名权利者，2023-11-24开业；开发区域约8.1ha、延床约861,700㎡、森JPタワー高330m/64层、店舗面積約23,000㎡、住宅约1400户、绿化约24,000㎡（开发前5倍以上），获LEED-ND铂金/WELL铂金预备认证。森大厦官网：第一種市街地再開発事業，2017年国家战略特区法都市计划决定、2018-03再开发组合设立、2019-08-05着工。空间印象：造价6400亿日元（约310亿元人民币）、日本规模最大商业综合体，Heatherwick设计，约150家商店、2.4万㎡中央广场。补充来源：https://www.mori.co.jp/projects/azabudaihills、https://m.sidd.com.cn/yanjie/1449.html。海外案，开发商官方来源，判部分核验。"
案例C83,东京代官山Forestgate（海外）,部分核验,B,https://mag.tecture.jp/business/20231102-100930,2023-11-02,2026-08-26,开业时间、建筑设计、业态,核心事实已确认,TECTURE（2023-11-02）：代官山复合设施Forestgate Daikanyama，MAIN栋3层共享办公Business Airport Daikanyama于2023-10-19开业。mottimes：隈研吾参与建造的『如堆叠木箱般』复合设施，满足『居住、工作和游憩』功能的涩谷型城市生活。Threads/自媒体：2023年10月正式开幕，MAIN栋由隈研吾设计，地下一层超市THE GARDEN、一层蓝瓶咖啡与LA BASE de Chez Lui、二层JO MALONE LONDON。补充来源：https://www.mottimes.com/article/detail/3299。海外案，来源为建筑行业媒体+文创媒体+自媒体，官方开发商来源（东急集团）可后续补充，判部分核验。
案例C84,京都新风馆（海外）,部分核验,B,https://m.sidd.com.cn/yanjie/1382.html,,2026-08-26,建筑历史、改造历程、业态,核心事实已确认,"空间印象：新风馆原为旧京都中央电话局（建筑家吉田哲郎设计），京都指定登记文物第一号，2001年改名『新风馆』，2020年6月由NTT都市开发提出再开发、隈研吾设计监修改造扩建；建筑面积25,610.97㎡、场地6,384.73㎡，Ace Hotel Kyoto进驻（一楼商业、2-3楼酒店客房），紧邻中庭新建地下2层地上7层建筑（地下1楼映画馆、1楼餐饮零售、2-7楼Ace Hotel）。vocus：2001年第一代由Richard Rogers（蓬皮杜中心设计师）改造，2020年第二代隈研吾，保留红砖本体+京都传统木格栅，Ace Hotel亚洲首店、Stumptown Coffee/BEAMS JAPAN/MAISON KITSUNÉ/LE LABO等。Instagram：2020年6月开幕，1983年被指定为京都市登录有形文化财第1号。补充来源：https://vocus.cc/article/67b7df2afd89780001a5ccbb、https://www.instagram.com/reel/DcTI0fpEw56。海外案，开发主体为NTT都市开发，当前来源为行业媒体+旅游博客，判部分核验。"
案例C85,上海永源路商业更新,部分核验,A,https://www.shio.gov.cn/TrueCMS/shxwbgs/wxdtt/content/e16caaeb-3acf-4728-8959-dfd6b515c241.htm,,2026-08-26,更新机制、首店、爆火契机、运营,核心事实已确认,上海市人民政府新闻办公室：永源路位于静安寺核心商圈（南京西路最西侧、与静安徐汇交界），2024年整体规划提升，约500米小马路，定位『开放场域』消融商业/街区/公园边界，以首店和概念店为切口、每品类只引进一家；2024-11 SMFK上海首店开业为首家，随后PANE上海首店、Baxter复合型概念亚太首店、米其林主厨Joshua Paris『紫苑花』开业；TEAM WANG design嘉年华限定集市、阿迪达斯『贝壳鞋街区』爆改、HOKA『飞跑公园』（500位选手上马后夜宴）。静安区政府：主理人访谈，Akalcha茶饮全国首店、The Fine Wine Experience内地首店、欢桃小酒馆，Baxter加餐酒吧实现『低频转高频』。虎嗅/感性城市SCity：创邑参与改造运营。补充来源：https://www.jingan.gov.cn/rmtzx/003001/20260604/c7c878d4-5647-47a0-a73e-a24612ed5fec.html、https://m.huxiu.com/article/4829081.html。
案例C86,重庆观音桥好吃街,部分核验,B,https://stcn.com/article/detail/1396417.html,,2026-08-26,转型历程、规模、经营数据、机制,核心事实已确认,证券时报：观音桥好吃街A区由建材市场转型而来，2021年接手经营不善的天和里购物中心改造为B区（一个月内招募近100家商户、三个月B区营业额达A区50%），A/B区共256家餐饮单位、平均客单价15-25元，2024年春节客流同比+20%、比2019年+121%，孵化近80个自持小吃品牌并输出加盟，B区2024年9月入围抖音『心动餐厅榜-新潮榜』。福建省商务厅：1000余种小吃、296家餐饮单位，日均客流11万人次、带动3000余人就业，获2024年全国『诚信兴商』典型案例，2025年五一客流同比+8%、比2019年+131%，76%店铺开放式厨房。本地宝：位于观音桥步行街星天广场3楼平街层。补充来源：https://swt.fujian.gov.cn/xxgk/jgzn/jgcs/ltyfzc/cssy/202507/t20250730_6972778.htm、http://cq.bendibao.com/tour/2021428/94596.shtm。
案例C87,广州永庆坊,部分核验,B,https://kb.southcn.com/kb/c299a64687.shtml,,2026-08-26,微改造历程、模式、分期,核心事实已确认,南方网特稿：恩宁路2007年启动拆迁方案因历史保护分歧未通过、项目『烂尾』多年；2009年华南理工王世福团队以保护为前提做『减量规划』（广州首次），2011年规划获批，2015年广州成立城市更新局启动微改造、永庆坊为第一批示范项目，2016年一期改造完成开放，2018年『绣花功夫』活化获高度关注，2019年国庆二期改造示范区开放。中建四局：项目采用『政府+企业+居民』共建BOT模式，企业投资运营、15年后无偿移交政府，建立动态业态调整机制提升本土品牌比例。广州市政府门户：二期『五高』标准，业态分区（名家文创/餐饮酒吧/时尚购物/精品民宿/文化展影，金声电影院原址）。补充来源：https://www.cscec.com/xwzx_new/zqydt_new/202512/3918336.html、https://www.gz.gov.cn/zt/bwcxljsmztjyzt/gzxd/bmxy/content/post_2867388.html。游客背景：2020年获批国家4A景区、累计游客超5000万人次（详见亮点卡）。
案例C88,广州万菱汇,部分核验,B,https://zh.wikipedia.org/zh-hans/%E8%90%AC%E8%8F%B1%E5%8C%AF,,2026-08-26,定位、体量、开业时间,核心事实已确认,维基百科：万菱汇前身为京光广场，位于天河区，商业购物中心+写字楼综合体，写字楼万菱国际中心高218米，2009年开业，经营面积5.8万㎡。万菱汇官网（onelinkwalkgd.com）：万菱实业(广东)有限公司开发运营，商场/写字楼/住宅/酒店综合业态。百度百科：地处天河中轴、临近正佳广场/太古汇/天河城，但词条含历史负面报道『负一层三成商家撤离』（2025-09-17更新）。补充来源：http://www.onelinkwalkgd.com、https://baike.baidu.com/item/万菱汇/1707130。注意：词条含历史负面报道，引用经营表现时需核实最新状态。
案例C89,纽约洛克菲勒中心（海外）,部分核验,B,https://www.britannica.com/topic/Rockefeller-Center,,2026-08-26,开发历史、建筑、地标运营,核心事实已确认,Britannica：1929-1940年间建造，最初12英亩、14栋装饰艺术（Art Deco）石灰岩建筑，位于第五与第六大道之间，John D. Rockefeller Jr.委托建设（最初为安置大都会歌剧院、因大萧条财务困境取消），建筑师团队由Henry Hofmeister、H.W. Corbett领导、主设Raymond Hood。newyorktickets时间线：1928-10-01向哥伦比亚大学租地，1931年动工，1932-12-27 Radio City Music Hall开业，1934-10 Rainbow Room开幕（65层、当时美国最高餐厅）。官网rockefellercenter.com：1931年第一棵圣诞树、1933年首棵官方树、1936年滑冰场开放，点灯仪式1997年起由NBC全球直播。补充来源：https://www.rockefellercenter.com/holidays/rockefeller-center-christmas-tree、https://www.newyorktickets.com/rockefeller-center/history。海外案，百科+官网+媒体，判部分核验。
案例C90,东京宫下公园MIYASHITA PARK（海外）,部分核验,B,https://en.wikipedia.org/wiki/Miyashita_Park,,2026-08-26,历史、重开、空间形态,核心事实已确认,复用B008批次C62子项目来源：宫下公园1953年建立，2017年关闭重建，2020年7月重开为『购物综合体+屋顶公园』（含滑板场、攀岩墙、沙滩排球等），GO TOKYO官方称其曾为东京首个屋顶公园。与B008-C62（宫下公园/难波公园/如意岛/Exchange TRX四合一案）子项目重复，来源复用、不重复搜索。补充来源：https://www.gotokyo.org/en/spot/1844/index.html。海外案，维基+东京官方观光机构，判部分核验。
案例B16,耐克TOMA街头足球赛（北京798）,部分核验,A,https://about.nike.com/zh-Hans/newsroom/releases/nike-toma-live,2026-05-29,2026-08-26,赛事体系、规模、北京站,核心事实已确认,Nike官方新闻室：TOMA为耐克足球全球街头足球赛事体系——Toma el Juego（2025-06-05在洛杉矶启动，汇集八个街区青少年淘汰制街头足球锦标赛）与Toma Live（2026-05-29公布，集结150多位全球年轻街头足球精英，在洛杉矶、墨西哥城和纽约进行小场地比赛并面向全球直播）。Instagram设计博主：TOMA北京站2026-06-27至06-28在北京798艺术区举办，现场独家呈现六款限定丝巾。补充来源：https://about.nike.com/zh-Hans/newsroom/releases/nike-launches-toma-el-juego-in-los-angeles-debuting-a-new-youth-led-street-soccer-platform、https://www.instagram.com/reel/DZ-ELyMtkDs。全球赛事体系为Nike官方来源，北京798站为自媒体级来源；活动型案例。
案例B17,西安小寨原力场,部分核验,B,http://m.winshang.com/news727635.html,,2026-08-26,前身、改造、定位、商圈影响,核心事实已确认,赢商网：小寨·原力场前身为西安小寨百盛购物中心，原为中规中矩的传统百货样式，改造后呈现『无边界潮流卖场』。壹苇设计：在原址存量空间改造，从建筑改造、室内空间设计及景观设计三部分入手，打破原有商业格局。西部网/华商报（2024-05-10）：参照原力场项目成功经验，对经营不善的金莎国际与小寨银泰城进行改造更新（小寨银泰引入20余家二次元西北首店、13家头部品牌，2024年五一营业额同比+146%），原力场成为小寨商圈『破圈』升级的标杆。补充来源：https://www.onewedesign.com/gouwuzhongxinkongjiansheji/57-3607.html、http://m.cnwest.com/sxxw/a/2024/05/10/22596185.html。
案例B18,LV路易号（上海）,部分核验,A,https://www.jingan.gov.cn/rmtzx/003001/20250626/5dc331f4-3bb4-4bf8-86fa-9ee4cf8904cb.html,2025-06-26,2026-08-26,开放时间、空间、业态,核心事实已确认,静安区政府官网：『路易号』（The Louis）位于上海南京西路789号兴业太古汇南广场，2025-06-28正式对公众开放，6-26至6-27举办24小时私享活动（午夜放映/晨间太极/主厨大师班/诗意沙龙），展览空间由OMA协力打造、总面积1200㎡纵跨两层，三层Le Café Louis Vuitton餐厅，设计灵感源自19世纪路易威登为越洋旅程打造的硬箱，呼应上海港口文化。LV官网：以壮观华美游轮造型亮相的概念空间，呈现零售/美食与展览。GO CHINA旅游指南：约30米高巨轮造型建筑、总面积1600㎡三层复合体验空间（一楼展览需预约、二楼精品店、三楼咖啡厅），红银相间船体。补充来源：https://www.louisvuitton.cn/zhs-cn/magazine/articles/visionary-journeys-shanghai、https://gochina.com.tw/louis-vuitton-voyager。活动型案例：快闪概念空间（有展期），非长期商业体。
案例B19,上海国际电影节,部分核验,B,https://zh.wikipedia.org/zh-hans/%E7%AC%AC27%E5%B1%8A%E4%B8%8A%E6%B5%B7%E5%9B%BD%E9%99%85%E7%94%B5%E5%BD%B1%E8%8A%82,,2026-08-26,节庆规模、奖项、官方组织,核心事实已确认,维基百科第27届：上海国际电影节创办于1993年、颁发金爵奖，第27届于2025-06-13至06-22在上海举办，由国家电影局指导、中央广播电视总台和上海市人民政府主办，400余部影片展映、49部作品入围金爵奖主竞赛/亚洲新人/纪录片/动画片/短片五大评奖单元，评审团主席朱塞佩·托纳多雷，开幕影片《酱园弄·悬案》，颁奖典礼2025-06-21在上海大剧院举行并多平台直播。SIFF官网：第28届2026年6月举办，2025-12-01启动全球征片。百度百科：金爵奖历届获奖记录。补充来源：https://www.siff.com/content?aid=101251130153647764838906255380485941。活动型案例：城市文化节庆，非实体商业项目，引用场景为『文商旅联动/城市事件营销』。
案例B21,厦门万象城二期,部分核验,B,https://news.qq.com/rain/a/20260531A036EO00,2026-05-31,2026-08-26,开业、体量、首店、连廊,核心事实已确认,央广网：2026-05-29厦门万象城二期正式启幕，商业面积4.8万㎡，设计汲取海滨城市基因与闽南非遗精髓、以『漂浮的转角』为灵感，打造94.4米『L』形空中连廊串联一期高端业态与二期潮流活力，50余家城市首进及首店品牌，开业以非遗『永春线香』为主题推出五大沉浸式艺术场景。搜狐/CTIRLook：历时4年开发，二期开业后项目总商业面积达18.7万㎡，一期2018年底开业、一年内完成20余家奢侈品牌落地，2025年销售额突破72亿元（福建首个破70亿购物中心），二期超100家品牌、50余家城市首店或最新概念旗舰店（W.MANAGEMENT跨层概念店、Snow Peak福建首店、喜茶Gelato Lab+福建首店），火车站商圈2025年度中国商圈商业力TOP100第42位。补充来源：https://www.sohu.com/a/1031971197_475786。一期与二期为同一项目整体口径，引用时注明。
案例B22,顺德万象汇,部分核验,B,https://baike.baidu.com/item/%E9%A1%BA%E5%BE%B7%E4%B8%87%E8%B1%A1%E6%B1%87/65318715,,2026-08-26,开发、体量、开业、品牌,核心事实已确认,百度百科：顺德万象汇由华润置地开发，大型TOD商业综合体，总建筑面积约20万㎡、商业面积13.8万㎡，2025年4月开业，引入超340个品牌、50%以上为佛山或顺德首进。AICO设计/ARCHINA：项目2025年4月25日盛大开业（设计方口径），位于佛山市顺德区大良街道，与地铁3号线驹荣北路站无缝衔接、距顺峰山景区500米，以『全要素统筹开发、TOD立体公共空间、岭南水乡文化传承』为规划理念，『T』字型规划结构，商业街区+购物中心+文体中心环绕滨水公园布局。顺德plus/赢商网：340余家品牌、超50%佛山顺德首进，集萃双层旗舰店/最新形象店/城市高标店。补充来源：http://www.archina.com/index.php?g=works&m=index&a=show&id=158499、https://m.winshang.com/news732758.html。开业日期口径差异（AICO称4月25日、百科称4月28日，年份2025），引用时注明。
案例B23,南京光环花园城,部分核验,A,https://www.nanjing.gov.cn/zgnjsjb/jrtt/202601/t20260126_5778131.html,2026-01-26,2026-08-26,项目定位、文脉设计、公园、开业时间,核心事实已确认,南京市政府官网：位于中华门西侧老城南片区，香港置地开发，以明代朱元璋定都南京后秦淮河畔『花月春风十六楼』为灵感，项目以16座独立商业体呼应历史布局、风雨连廊衔接，参照《南都繁会图》《上元灯彩图》史料，由江苏省设计大师、东南大学杜顺宝教授主持设计，来宾楼设近200㎡全壁画空间再现郑和下西洋与越城古长干繁华；外侧绿地公园约6万㎡（骑行慢跑区/宠物乐园/空手野餐地/大小孩乐园），定位『POD公园商业+全新文旅IP商业』。中共江苏省委新闻网（2026-08-22，南京日报）：官宣2026-09-26开业，户外光环花园已率先开园，城南新晋城市客厅。补充来源：http://www.zgjssw.gov.cn/shixianchuanzhen/nanjing/202608/t20260822_7970331.shtml。在建项目，开业日期以2026-09-26为准。
案例B24,MINISO GALLERY（上海外滩）,部分核验,A,https://www.miniso.cn/brand,2025,2026-08-26,店态定位、上海门店、业绩,核心事实已确认,名创优品官网（miniso.cn）：2023-12-25上海旗舰店开业，以『IP乐园』打造潮流消费新高地；2025-09-01上海南京东路MINISO LAND全球壹号店单月销售额1600万元、刷新全球单店单月纪录，IP产品销售占比83%；2025-10-12 MINISO LAND重庆双首店、广州北京路潮玩艺术家街区等战略店态扩张。Trip.com上海：名创优品在外滩开画廊、免费新展。维基百科：名创优品2024-06巴黎香榭丽舍旗舰店、2024-12成都MINISO LAND、2025-08华南首店广州等。补充来源：https://hk.trip.com/moments/detail/shanghai-2-141111222、https://zh.wikipedia.org/zh-hans/名創優品。案名口径：官方店态主推MINISO LAND与旗舰店，『GALLERY/外滩』对应门店需以品牌官方信息为准。
案例B25,温州南食召,部分核验,B,https://news.qq.com/rain/a/20260325A058C100,2026-03-25,2026-08-26,品牌历程、产品、渠道、线下书店,核心事实已确认,腾讯新闻/CEO品牌观察（2026-03-25）：无添加家庭食材品牌南食召2012年成立，十余年秉承『自然、本真、节制、平衡』食物理念，产品140多个SKU（调味品/米面粮油/速食冻品），梅酱天猫旗舰店累计售出10万+，淘宝店累计粉丝88.6万、淘宝『健康食品店铺』类目第一，2024年GMV同比翻番；2026年3月在温州老城区菜市场旁开『盘菜生书店』料理书店（一楼商店区+咖啡、二楼料理图书馆+公共厨房，藏书含七八十年代老菜谱与温州地方志），并开创料理科普IP『南食召Lab』与《几经寻味》《这碗饭》栏目。知乎：品牌创立于2012年，取瑞安和温州食材、南方之『南食』。补充来源：https://zhuanlan.zhihu.com/p/367217852。核心事实（创立年份/创始人杜克/渠道数据）多源交叉。
案例B27,上海蟠龙水市,部分核验,B,https://my.trip.com/moments/detail/shanghai-2-147211583,2026,2026-08-26,水市活动、蟠龙天地背景,核心事实已确认,Trip.com实地帖：上海青浦蟠龙天地『江南风物季·水市』为沪上首个沉浸式水上市集，十余艘摇橹船沿河开市（水蜜桃/鲜果/江南酒酿/非遗手作），游客可岸边逛或划皮划艇向船上摊主采购，重现江南米市布市鱼市烟火气；河道6米长巨型鱼灯为标志打卡点；岸上非遗手作（葫芦彩绘/竹编/扎染/古法造纸）；活动2026-04-24至06-07每周五六日11:00-20:00，地点粮仓码头（近余德耀美术馆）。上海文旅产业研究院：蟠龙天地2023-04-29由瑞安集团开业，千年蟠龙古镇、上海第一批城中村改造项目，整体规划超50万方、商业7.5万方、公共绿地23万方，香花桥/凤来桥/程家祠堂3座区级文保建筑修旧如旧，粮仓艺术酒店。补充来源：https://www.sh-iri.org.cn。案名『蟠龙水市』对应蟠龙天地节庆IP『江南风物季·水市』，属活动型运营内容。
案例B28,博多运河城（海外）,部分核验,A,https://canalcity.co.jp,,2026-08-26,开业时间、规模、运河、业态,核心事实已确认,"官网canalcity.co.jp：キャナルシティ博多（Canal City Hakata）含ショップガイド/グルメガイド/フロアガイド/イベント，设施含ラーメンスタジアム（拉面竞技场）、KUOHKA美食街、キャナルシティ劇場、ユナイテッドシネマ等。乐吃购日本（九州）：1996年4月开幕，占地34,700㎡，九州最具代表性的大型购物娱乐城，设施内180米运河串连各栋建筑，运河舞台不定期水舞/音乐表演，购物商场超200家店铺，KUOHKA 21家美食店（多为九州/日本首店）。波比看世界：超200间店铺、THE GUNDAM BASE FUKUOKA（九州唯一官方钢弹旗舰店、全日本仅3间）、钢弹水舞秀。补充来源：https://kyushu.letsgojp.com/archives/762387、https://bobbytravel.tw/canal-city-hakata。海外案，官网+旅游媒体，判部分核验。"
案例B29,重庆江陵茶馆,部分核验,A,http://cq.people.com.cn/n2/2026/0615/c365401-41610897.html,2026-06-15,2026-08-26,前身、改造、空间、活动,核心事实已确认,人民网重庆频道（2026-06-15）：原江陵厂影剧院完成『华丽转身』，从满载岁月情怀的老建筑变身网红打卡地『江陵茶馆』，位于重庆两江新区大石坝；保留原有影院三层结构及墙砖、电影海报、钢结构吊顶等元素，一层茶水小食简餐、二层下沉式卡座平台、三层开阔饮茶区；不定期川剧变脸、乐团现场演奏、茶艺表演；系重庆城市更新盘活老旧资源的代表。新华网（2026-05-11）：原江陵厂电影院建于20世纪50年代职工电影院，现蜕变为面积约2000㎡的『江陵茶馆』，集餐饮休闲文创于一体的社区文化空间，激发消费新活力。补充来源：https://app.xinhuanet.com/news/article.html?articleId=20260511ddb3e24613824ae881859f6578a52d2b。
案例B30,重庆朝天门·城里,部分核验,B,https://www.jiemian.com/article/2383661.html,2019,2026-08-26,开发历程、体量、开业、地标,核心事实已确认,"界面新闻特写：凯德2011年11月末以65亿元拿下重庆朝天门广场与解放碑之间91,783㎡地块，拟建来福士广场；凯德官网口径投资超240亿人民币、体量超112万方，8栋超高层塔楼+底部裙楼+横跨天际空中连廊。维基百科：重庆来福士广场2012-09-28奠基，2019-09-06购物中心正式开业，8座塔楼，摩西·萨夫迪+巴马丹拿设计，建面约81.7万㎡、最高356米。渝中区政府：『朝天扬帆』设计（萨夫迪），凯德在新加坡以外最大投资项目，2019年分阶段投入使用，2020-11-18成渝十大文旅新地标，水晶连廊300米长、250米高，2021年获三项国际大奖。补充来源：https://zh.wikipedia.org/zh-hans/重庆来福士广场、https://www.cqyz.gov.cn。案名口径：『朝天门·城里』对应朝天门区域重庆来福士广场（含购物中心2019-09-06开业）。"
案例B31,上海新六百YOUNG,部分核验,A,http://sh.people.com.cn/BIG5/n2/2026/0423/c176738-41561461.html,2026-04-23,2026-08-26,前身、改造、定位、开业,核心事实已确认,人民网上海频道（2026-04-23）：原太平洋百货徐汇店（上海六百相邻地块）历时两年改造后以『新六百YOUNG』正式开业，面积3.2万㎡；原先封闭体块改造为弧形玻璃幕墙+铝板系统的『开放界面』，室内以『九层空间梯度』错层退台重构通透感（米白/暖木色系+高反光水磨石），招商签约率超98%、首店及旗舰店占比超50%，『粉丝经济+亲子生态』品牌矩阵，运营方徐家汇商城集团；紧邻原第六百货原址的『新六百HUB』已取得控详批复。上海市国资委（2026-04-02）：四大主题场景（城市游乐场/共育生活场/都市社交场/年轻运动场），musinsa standard中国旗舰店、SMTOWN STORE@SHANGHAI全国首店、汤姆猫亲子乐园等，8K裸眼3D巨幕（约1000㎡）。补充来源：https://www.gzw.sh.gov.cn/shgzw_zxzx_gqdt/20260402/8c7b93bff2a247fe9e25f3a563dc0e4a.html。开业日期口径：2026-04-22前后开业。
案例B32,悉尼新鱼市（海外）,部分核验,A,https://www.sydneyfishmarket.com.au/new-sydney-fish-market-set-to-open-on-19-january-2026-2,2025-10-11,2026-08-26,新市场开放、规模、业态、旧址,核心事实已确认,Sydney Fish Market官网：新悉尼鱼市场2026-01-19正式开放，位于Blackwattle Bay海滨新址，40+零售商、多样餐饮、沉浸式游客体验、可持续设计开放空间，预计年访客超600万；NSW政府11月中旬移交钥匙；旧址以36小时海鲜马拉松作别。维基百科：2025-10-11确认2026-01-19开放，NSW州长Chris Minns于2026-01-19正式剪彩；Fish Market轻轨站同日更名Bank Street；建设期间2023-09-25起重机事故。补充来源：https://en.wikipedia.org/wiki/Sydney_Fish_Market、https://www.sydneyfishmarket.com.au/new-sydney-fish-market。海外案，官方来源，判部分核验。
案例B33,重庆东原致新·一奥天地,部分核验,B,http://cn.chinadaily.com.cn/a/202101/04/WS5ff2cf27a3101e7ce9738f5e.html,2021-01-04,2026-08-26,开业、定位、前身,核心事实已确认,中国日报网：2020-12-31东原商业旗下The Oval一奥天地在重庆正式开业，作为西南地区首个策展型商业，以『见所未见』为主题带来时尚与艺术跨界大秀，艺术商业联合推动城市更新。空间印象：同口径，THE OVAL一奥天地与重庆城市更新结合。ARCHINA杰恩设计：项目为全地下建筑，21世纪初建造的钢筋混凝土框架结构，前身为废弃地下商场（未实际使用、结构保存完好），后临时作社会停车场。补充来源：https://m.sidd.com.cn/yanjie/861.html、http://www.archina.com/index.php?g=works&m=index&a=show&id=12567。案名口径：运营主体为东原集团商业平台（东原致新），项目官方名The Oval一奥天地。
案例B34,福州万象城,部分核验,A,https://www.crmixclifestyle.com.hk/gsxw/2022-06-20/1974406.html,2022-06-20,2026-08-26,开业、体量、品牌、定位,核心事实已确认,华润万象生活官网：2022-06-18福州万象城盛大开业，福州首个LUXURY+购物中心，汇聚国际精奢品牌，40%首进品牌、超50%城市高标店；位于鼓楼区、毗邻千年古刹西禅寺，商业建筑面积近10万㎡；以『向美而生·尽享非凡』为精神内核，推出MIXC FINE ART艺术活动体系（Cyril Lancelin『水与水』全国首展等）。Link设计集团：华润置地在福建布局的第二座万象城，近250家品牌，主力店Olé精品超市/万象影城/覔书店，DIOR/LANCOME/LA MER等25家国际一线美妆，CARVEN/Sandro/maje等国际轻奢，近30家餐饮城市首店（Sushi Man/闽和南/大头椰等）。赢商网：福州唯一重奢场、20+重奢大牌，客流偏本地、异地客群吸附力弱于厦门万象城（2024年厦门万象城销售额58亿），高端消费外溢。补充来源：https://www.linkdesigngroup.com/zh/fuzhou-mixc-grand-opening、https://m.canyin88.com/zhuanlan/yingshangwang/2025/0528/99722.html。
案例B35,成都眉山春游音乐节,部分核验,B,https://news.qq.com/rain/a/20250414A08RSV00,2025-04-14,2026-08-26,活动历程、场地、规模、主办,核心事实已确认,腾讯新闻/眉山发布：2025-04-12/13春游音乐节在中铁黑龙滩梵木音乐公园开唱，以『音乐节+户外』激活眉山文旅『一池春水』，市民尽享户外『蹦着听歌』体验。AgendaConcerts：春游音乐节由成都本土厂牌及创意团体『早上好』主办，2013年创办于成都三圣乡（最初为小型庭院聚会），2026年落地黑龙潭范马特音乐公园（4月11-12日），设七个演出区域（独立摇滚/实验电子/嘻哈/氛围/前卫/全球地下音乐），音乐+艺术装置+工作坊+美食摊位+露营区。Instagram官方（chunyoufestival）：『春游始于2013年』，从三圣乡农家小院到黑龙滩、两个舞台到7个区域，2026-04-11/12。补充来源：https://agendaconcerts.cat/ch/news/178、https://www.instagram.com/p/DVP0dd_E_tW。案名口径：主办方为成都厂牌、场地在眉山黑龙滩（眉山境内），活动型案例。
案例B36,上海时装周,部分核验,A,https://www.shanghaifashionweek.com/page/shfw/schedule,,2026-08-26,节庆规模、秀场、订货季、产业联动,核心事实已确认,上海时装周官网：AW2026官方日程——主秀场上海新天地·太平湖公园，MODE上海服装服饰展（晶耀虹桥T5栋）、ONTIMESHOW（西岸艺术中心）、TUBE/LAB/BLOOMING等SHOWROOM分布于浦江两岸，另有梅赛德斯-奔驰限时空间、阿迪达斯ORIGINALS会客厅等主题活动。人民网/解放日报：2026春夏上海时装周2025-10-09启幕，新天地红庭/兰厅升级为两大『魔方秀场』，超4000款新品首发，MODE展超1.7万㎡汇聚近30个国家地区近250品牌，2025新天地秋冬风尚季近10场『即看即买秀』。上海市国资委：2025秋冬（3月25日-4月1日）主题『质塑新境·建所未见』，近百场首秀、近千品牌首展、四大洲30多国别上千品牌、浦江两岸36个时尚地标、亚洲最大订货季超5万㎡。补充来源：http://sh.people.com.cn/n2/2025/0923/c350122-41361405.html、https://www.gzw.sh.gov.cn/shgzw_zxzx_gqdt/20250319/d6ac4afdeae444318b1d90fc72bfab17.html。活动型案例，官方来源充分。
案例B37,迪拜（海外）,部分核验,B,https://www.onewedesign.com/gouwuzhongxinkongjiansheji/57-2486.html,,2026-08-26,商业驱动、地标项目、主题化,核心事实已确认,壹苇设计：迪拜以大型购物中心驱动城市经济，巴图塔购物中心以著名大探险家巴图塔命名、以旅游经历为主题把购物中心划分为6个顺序相连的区域。Klook：迪拜购物中心（Dubai Mall）2008年开业，建筑与设计向迪拜遗产致敬、拥抱现代奢华，已成为城市快速发展象征和全球旅游中心。ARCHINA：迪拜购物中心集水族馆、电影院、恐龙化石于一体，Kokaistudios为其设计最新扩建的唐人街空间。补充来源：https://www.klook.com/zh-CN/destination/p50070222-dubai-mall、http://www.archina.com/index.php?g=works&m=index&a=show&id=16508。城市级案例：以『地标商业+世界之最+旅游』立市，应用时需具体到项目；判部分核验（行业媒体+旅游平台）。
案例B38,由布院（海外）,部分核验,A,https://www.japan-travel.cn/spot/707,,2026-08-26,小镇定位、业态、资源,核心事实已确认,日本国家旅游局官网（japan-travel.cn）：位于由布岳山脚下的由布院温泉是日本最受欢迎的度假小镇之一，拥有传统日式旅馆与现代酒店，可一日游体验温泉。Jeepe：由布院（汤布院）温泉为大分人气温泉小镇，山景与田园氛围疗愈，适合慢旅行，介绍金鳞湖与汤之坪街道散步路线、日归温泉、足汤与甜品咖啡等美食。乐吃购：由布院（汤布院）是九州地区最受欢迎的温泉度假胜地之一，自然景观丰富多元、氛围宁静沉稳，颇受日本女性青睐。补充来源：https://www.jeepe.jp/zh/articles/yufuin-onsen-1460、https://www.gltjp.com/zh-hans/article/item/20730。海外案，官方（日本国家旅游局）+旅游媒体，判部分核验；核心为温泉小镇+汤之坪街道步行商业。
案例B39,深圳中航城君尚,部分核验,A,https://www.sznews.com/news/content/2025-11/08/content_31761089.htm,2025-11-08,2026-08-26,运营商、商圈、业态升级,核心事实已确认,深圳新闻网：2025-11-07天虹数科旗下sp@ce天虹超市3.0深圳福田首店在中航城君尚购物中心开业（继2024-09全国首店深圳宝安后），面向品质家庭、都市中青年及跨境客群，『万物精良，生活有光』理念；『学研产销』协同（联合江南大学/CCFA/东阿阿胶建大健康平台），2000+健康标签商品（有机/控糖/无抗/低GI等12类）、有机控糖配料干净类占57%，『小份经济』战略，全球精品咖啡专区（三大产区十原产地），生鲜加工与保鲜包装服务响应跨境客群与商务旅客。中航城君尚购物中心位于华强北核心商圈，服务全球商务人士与在地多元客群。补充来源：https://m.winshang.com/news651780.html。案名口径：中航城君尚购物中心为天虹股份运营（君尚为天虹旗下高端百货品牌体系）。
案例B40,阿尔萨卡Avenue（海外）,线索,C,https://yandex.com/maps/org/al_saada_stores/145649786488,,2026-08-26,项目定位（线索级）,事实不充分，判定线索,"阿尔萨卡（Al Saada）对应卡塔尔多哈Al Sadd区（Zone 38, Al Sadd, Malik Bin Omair Street）商业街道/本地商业业态。现有来源仅为地图POI（Yandex地图Al Saada Stores、Waze Al Saada Street）与本地商店Instagram自媒体（Al Saada Stores，卡塔尔本地线上购物），无独立项目官网、无权威行业或旅游官方来源，项目主体与商业机制事实不充分。参考：多哈Al Sadd为成熟商业街区，但需以卡塔尔旅游局（visitqatar.com）等官方渠道补证后再核验。补充来源：https://www.instagram.com/popular/al-saada-stores、https://www.waze.com/live-map/directions/qa/doha-municipality/doha/al-saada-street。"
案例B41,F1上海站,部分核验,B,https://www.21jingji.com/article/20260313/herald/9a85fd3d3c878592078ea9381ecf77e4.html,2026-03-13,2026-08-26,赛事规模、经济影响、城市联动,核心事实已确认,21经济网/界面新闻：2025年中国大奖赛电视观众同比增长21%、F1中国社媒粉丝超540万、F1中国续约到2030年；2025年23万观众走进上海国际赛车场；2025年F1中国大奖赛直接经济影响24.7亿元、间接69.1亿元（同比增超75%）；2025年嘉定参与『F1票根联动』的13家商业企业销售额1.12亿元、客流127万人次；2026年格子旗嘉年华首次串联徐汇西岸/嘉定上赛场/虹口北外滩/宝山滨江四大区域，『铂金体验之旅』三日票打包酒店住宿。上海市国资委：2025 F1中国大奖赛3月21-23日上海国际赛车场，连续第二年举办冲刺赛、F1学院赛季揭幕战（师炜成中国首位F1学院车手），水景广场格子旗嘉年华+北外滩双场景。新华网：赛事期间嘉定赛场周边3公里酒店预订量激增125%，《2025上海市体育赛事影响力评估报告》F1以965分排名第二，嘉定10家重点商贸企业三天接待近155万人次、营收1.24亿元。补充来源：https://www.gzw.sh.gov.cn/shgzw_zxzx_gqdt/20250320/f5c36766aa6b47a0ab957170b9a7e104.html、https://www.news.cn/sports/20260316/ce314416875247a2841d147132e3a02a/c.html。活动型案例，官方+权威财经媒体，判部分核验。
案例B42,广州春节文旅,部分核验,A,https://www.mct.gov.cn/wlbphone/wlbydd/xxfb/qglb/qg/202601/t20260122_964317.html,2026-01-22,2026-08-26,节庆体系、数据、城市品牌,核心事实已确认,文化和旅游部（2026-01-22）：行花街为广府地区春节前夕规模较大的传统民俗（国家级非遗），2025年广东卫视播出以广州西湖路花市为题材的纪录片《行花街》；2026年广州11区公布行花街指南（越秀西湖花市、荔湾水上花市、海珠水岸花市等）；2025年首次举办的粤港澳大湾区灯会持续近70天、218组灯景超万盏彩灯、吸引观众超71万人次，2026年灯会2月10日-5月10日在南沙湾举行；2026广州新春灯会1月30日-3月8日（『粤韵千年 四海同心』）。广东省侨办发布会实录：『广州过年 花城看花』六大板块2000多场文旅活动，『食在广州』餐饮消费券累计超3000万元、文旅消费券800万元。粤港澳大湾区门户网：2026年春节广州接待游客近2010万人次、文旅消费总额201亿元，同比+9.3%/+11.6%，位列在线旅游平台春节热门目的地前三。补充来源：http://www.qb.gd.gov.cn/qwdt/content/post_1278092.html、https://www.cnbayarea.org.cn。活动型案例（城市节庆体系），官方来源充分。
案例B43,福州上下杭,部分核验,B,https://zh.wikisource.org/wiki/%E5%85%B3%E4%BA%8E%E5%85%AC%E5%B8%83%E3%80%8A%E4%B8%8A%E4%B8%8B%E6%9D%AD%E5%8E%86%E5%8F%B2%E6%96%87%E5%8C%96%E8%A1%97%E5%8C%BA%E4%BF%9D%E6%8A%A4%E8%A7%84%E5%88%92%E3%80%8B%E7%9A%84%E5%85%AC%E5%91%8A,2015-11-04,2026-08-26,历史、保护规划、活化,核心事实已确认,《上下杭历史文化街区保护规划》公告（2015-11-04省政府批复，维基文库收录）：上下杭为闽商文化发源地之一和最重要传承地，与三坊七巷、朱紫坊并列为福州三片历史文化街区；保护范围31.73公顷、核心保护范围23.54公顷；保存永德会馆/罗氏绸布庄/咸康参号等商号旧址与张真君祖殿、星安桥、三通桥等文保单位，规划定位为商业/居住/旅游/文化复合功能的传统街区。中国旅游：上下杭指台江区上杭路和下杭路一带，以往是福州商贸集散中心和航运码头，被誉为『福州传统商业博物馆』，保存大量清末民初建筑；近年以『修旧如旧』原则修复活化并注入现代商业与文创，设夜月娱乐区、国际风尚区等主题区域，引进文创品牌/咖啡店/工作坊。补充来源：https://www.facebook.com/HongKongChinaTourismPress/posts/1274254781397555。判部分核验（政府批复+权威旅游媒体）。
案例B44,成都东郊记忆SC Shop,部分核验,B,https://m.winshang.com/news738297.html,2026-01,2026-08-26,园区焕新、品牌矩阵、场景,核心事实已确认,赢商网：东郊记忆2026年超100家品牌焕新，3号仓作为园区唯一室内商业组团以『展览+社交+快闪+零售+演出』全场景融合，左右market以『无界、开阔、自由、融合』为核心理念（开放式布局、强化二楼社交属性），止痒商店、SCityShop感性旅行商店已入驻，HANDS-东急手创文创等即将开业；6号楼『青年精神栖息地』、东山Re°est焕新（ASEN艾志恒STK潮牌店/HONGU MOMO）、420米中央大道（赵露思RosyDoeDian快闪店），运营方东方正火。中国日报：东郊记忆2011年开园后曾连续10年亏损，成都传媒集团改革（『房东思维』转运营思维）、东方正火运营后，全国首店9家/西南首店13家/成都首店30余家；Brandy Melville西南首店开业当日客流4万+、首日销售额200多万元；蜀宴赋国风餐秀3个月接待3万人次。澎湃新闻：1807等潮牌主理人聚落，2023年1807总部落地东郊记忆周年庆上万人排队。补充来源：https://sc.chinadaily.com.cn/a/202403/01/WS65e182f8a3109f7860dd38e6.html、https://m.thepaper.cn/newsDetail_forward_30448616。案名口径：『SC Shop』对应东郊记忆3号仓『SCityShop感性旅行商店』等园区潮牌集合业态，名称以园区官方为准。
案例B45,Last Exit Truck Park（海外）,部分核验,A,https://lastexit.ae/en,,2026-08-26,概念、目的地、业态,核心事实已确认,官网lastexit.ae：Last Exit是迪拜首创的主题化食物卡车概念（first-of-its-kind themed food truck concept），四个目的地各有独特主题与街头美食，全天候开放：Al Khawaneej（距Al Khawaneej Walk一座人行天桥，农场风格户外餐饮、29个F&B概念）、Al Qudra（马术主题、沿Al Qudra路，6个F&B概念，骑行/湖边补给）、以及Sheikh Zayed Road E11上的末日主题公园（Trip.com：末日主题、巨型货柜中的美食卡车、供应全球美食，通往阿布扎比方向）。补充来源：https://hk.trip.com/moments/poi-last-exit-dxb-bound-by-dubai-retail-71519319。海外案，官方（官网），判部分核验。
案例B46,阿那亚三亚,部分核验,A,https://www.aranya.cc/wen-lu-du-jia/san-ya.html,,2026-08-26,项目定位、品牌体系,核心事实已确认,阿那亚官网（aranya.cc）：阿那亚·三亚选择原生态静谧山谷，营造人文社区，口袋地形的山谷地貌隔离外界喧嚣、群山绵延、谷地安静清幽，是安放美好生活的理想之地（『山海之间的精神角落』）；阿那亚品牌体系包括秦皇岛（3300亩扩至6500亩、黄金海岸滨海社区）、金山岭（首期约600亩）、雾灵山（汤泉美学主题）、九龙湖（广州都市圈25000余亩）、崇礼（首个冰雪度假）、北海道（海外第一站）等。ARCHINA：阿那亚aranya梵语意为『僻静处、静谧之地』，2016年北京天行九州旅游置业在秦皇岛打造『现代版乌托邦社区』，含三联海边公益图书馆、社区马会、礼堂、美术馆等。补充来源：https://www.aranya.cc/wen-lu-du-jia-main.html、http://www.archina.com/index.php?g=company&m=index&a=show&cid=2967。阿那亚·三亚具体开业时间与体量待补（官方未披露细节）。
案例B47,北京泡泡玛特画廊,部分核验,B,https://hk.finance.yahoo.com/news/%E6%B3%A1%E6%B3%A1%E7%91%AA%E7%89%B9-09992-hk-%E6%97%97%E4%B8%8BPOP-MART-074807342.html,,2026-08-26,画廊定位、位置、业态,核心事实已确认,AASTOCKS/雅虎财经香港：泡泡玛特（09992.HK）旗下聚焦当代IP文化与潮流艺术的展览空间POP MART Gallery披露即将正式开馆，位于北京798艺术区，以艺术家和IP形象为核心，关注大众文化持续演进，通过展览与跨界合作将创意能量转化为具有时代表达的现实场景，将持续举办公众展览并提供交流公共接口。Trip.com：POP MART Gallery（798艺术区店）位于北京市朝阳区酒仙桥路2号798艺术区798东街D0805，融合品牌经典IP、艺术装置、潮玩展示与商业体验，围绕不同主题空间设计（大型IP雕塑/艺术陈列/场景装置/互动展示）。补充来源：https://hk.trip.com/moments/poi-pop-mart-gallery-153983641。判部分核验（财经媒体公告+实地记录）。
案例B48,广州保利广场,部分核验,A,https://www.poly-ctd.com/landmark/index_16.html,,2026-08-26,定位、体量、开业,核心事实已确认,保利商旅官网：广州保利广场商业体量8.8万㎡，位于广州琶洲，以『多元生活方式聚集地』为定位的全业态生活购物中心，开业时间2018-12-30。赢商网：2018-12-30开业，商场前身为琶洲旧改项目，保利商业介入前后仅9个月、270多个日夜，以95%招商率、90%开业率带来超150个品牌。WSP科进：广州保利琶洲天幕广场及洲际酒店（同一片区）。补充来源：http://m.winshang.com/news651780.html、https://www.wsp.com/zh-cn/projects/guangzhou-poly-pazhou-skyline-plaza-and-intercontinental-hotel。官方来源，判部分核验。
案例B49,"环南昆山-罗浮山""8""字形山野公路驿站群",部分核验,B,https://swin.cscec.com/fwzq50/cygj50/202510/3908998.html,2025-10,2026-08-26,公路结构、驿站、产业带,核心事实已确认,中建西勘院（惠州环南昆山-罗浮山最美旅游公路项目）：位于惠州大湾区核心区域，以『生态绿廊·最美公路』为核心定位，创新采用『8字形』环线结构串联南昆山、罗浮山两大岭南名山，整合『一江多水』与『多园』资源；218公里主线+18公里支线串联7个镇、48个行政村、200多个景点，『主廊辐射+分支渗透』；落实广东省『百千万工程』战略部署，以苏东坡『十六乐事』为灵感打造16个山野驿站，引入头部民宿企业与户外运动资源，形成『乡村酒店+历史活化+艺术体验』宿集集群，规划赛车、登山与低空经济，『3小时大湾区覆盖』交通优势。广州市政府官网：从化段『用商业综合体思维运营驿站，而非传统景区』（从化城投+诚和投资荔志文旅2500多万改造1200㎡闲置空间，生态停车位/露营基地/林间咖啡馆），流溪温泉广场驿站开业首月客流突破8万人次；徐田村周末人流1500-3000人次、暑期5000+。补充来源：https://www.gz.gov.cn/zwfw/zfxxgk/xxgkfwpt/202501/20250114_57692821.html。部分核验（央企设计院+政府官网）。
案例B50,杭州湖滨in77,部分核验,A,https://www.china-yintai.com/zh-CN/news/detail/713,,2026-08-26,体量、分区、业绩、F区,核心事实已确认,银泰集团官网：杭州湖滨银泰in77为西湖湖滨唯一多功能复合型城市综合体，2018年五区全开，近23万㎡商业面积，集国际名品、次元乌托邦、时尚风向标、精致生活、不羁夜行五大主题街区，全国街区式购物中心标杆；2023年销售额首次突破一百亿元、年客流量近1亿人次。六期F区项目位于湖滨步行街核心（紧邻西湖、in77B区、龙翔桥地铁站），总用地6975㎡、总建面约38830㎡，银泰基业集团与杭州上城区文商旅投资控股集团合作开发，地下4层地上4层并预留地下连通，定位『科技·元宇宙』，预计2026年10月开业，填补湖滨步行街北段西侧商业空白。杭州政协网：in77为湖滨商圈体量最大商业项目，A区重奢/苹果旗舰店B区等A-E五区+新增F区。补充来源：https://www.hzzx.gov.cn/cshz/content/2024-06/01/content_8738198.htm。部分核验（官方来源）。
案例B51,上海华润时代广场,部分核验,B,http://www.archina.com/index.php?g=works&m=index&a=show&id=5142,,2026-08-26,改造、开业、定位、设计,核心事实已确认,"Arup奥雅纳：上海华润时代广场（1997年开业）9层高、总建面51,000㎡，落成运营20年后进行开业以来最大规模整体升级改造，2019年12月焕然一新重装开业。ELLE China：历经两年整体改造，联手日本设计大师佐藤大（Nendo）打造『剧院式商业』，2019-12-24重开，定位『高知高智女性客群』，引入近半数品牌首进这一区域，打造浦东乃至全上海时尚制高点。知乎专栏：以『生活美学家』为全新定位、打造区域高品质精品购物中心，客群定位25-45岁白领。补充来源：https://www.ellechina.com/fashion/news/a30342943/beauty-theater、https://zhuanlan.zhihu.com/p/612781068。部分核验（行业+权威媒体）。"
案例B52,成都麓湖CPI,部分核验,B,https://www.koode.group/case/26.html,,2026-08-26,定位、体量、开业时间、数据,核心事实已确认,古得Koode：成都麓湖CPI岛位于天府新区雅州路，紧邻麓湖天府美食岛和麓客岛，定位『自然花园式』独栋商业集群，1.3万方；项目最早期为湖畔别墅样板间集群，后短暂作精品民宿，再定义为『十年限定』理想生活岛屿；通过城市更新和商业迭代重置岛上闲置物业。空间印象：CPI全称Chinoiserie Part Inn（『有中国艺术特色的民宿』），2024-03-31对外试营业，被喻为『成都代官山』，岛体量1.3万㎡、绿化景观3.1万㎡，成都唯一『自然花园式独栋商业集群』，无规整商铺动线、依地势散落布局。新华网（2025-10-17）：一期2024年3月底投运商业面积约8000㎡、40个品牌；二期Koko Market 2025年5月投运（南食召全国首家线下体验店等9品牌）；三期2025年10月1日面客；现近40个独栋商业、约70品牌；2024年累计客流约180万人次、营业额约6000万元；餐饮20%+时尚零售生活美学80%；本地客群30%、外地+外国友人70%；2025年国庆日均客流超1.5万。补充来源：https://m.sidd.com.cn/yanjie/1517.html。部分核验（权威媒体+行业来源）。
案例B53,上海苏河湾（华润置地城市更新）,部分核验,A,https://www.jingan.gov.cn/rmtzx/003008/003008006/20221014/4577e04c-1c2b-49d6-9c5d-2a8ef7563635.html,2022-10-14,2026-08-26,体量、文保复建、开业、首店,核心事实已确认,静安区政府/新民网：2022-10-13上海苏河湾万象天地启幕，由6万㎡开放式商业空间+4.2万㎡城市绿地公园构成，华润置地与信德集团联合打造，通过城市更新复建『天后宫』（始建于1884年、上海唯一官式庙宇）与『慎余里』（始建于1932年、上海目前保存最完整的石库门建筑群之一）两大优秀历史文化保护建筑，位于定位于世界级城市会客厅的静安苏河湾滨水核心区。Arup奥雅纳：苏河湾中心城市综合体总建面超23万㎡（200米地标写字楼苏河湾中心-MT、总部集群、滨水绿地公园、上海首家万象天地），『城市峡谷』设计概念，285米天桥连廊连接东里西里；慎余里保护性拆除、历史构件保存、重建保留『双开间一厢房』格局；Inges Idee两件永久户外艺术装置『迈上！』『大象亲子乐团』。上海旅游官网：2022-09-30试营业、10-13正式营业，140品牌首店概念店旗舰店占比超70%（上海及全国首店约17%、区域首店和概念店旗舰店64%）。补充来源：https://www.arup.com/projects/suzhou-creek-center、https://lyw.sh.gov.cn。部分核验（政府+行业来源）。
案例B54,朝天门广场/朝天门城里,部分核验,B,https://www.jiemian.com/article/2383661.html,2019,2026-08-26,历史地位、零公里、保护规划,核心事实已确认,界面新闻特写：朝天门为重庆最重要的历史景观节点与城市象征，老重庆『九开八闭』十七道城门中最重要的城门（1927年拆除）；渝中区历史文化街区管委会复函：计划保留朝天门广场『零公里』标示、朝天门城门内侧设置文化墙、充分利用广场内部空间设置博物馆/纪念馆/陈列馆展示朝天门历史文化；项目由『来福士广场』更名『凯德来福士项目』为朝天门广场服务。光明日报（2024-01-03）：重庆公路『零公里』起点标志设于朝天门广场。维基百科/渝中区政府：凯德2011年65亿拿地、投资超240亿建重庆来福士广场，2019-09-06购物中心开业，2020-11成渝十大文旅新地标。补充来源：https://epaper.gmw.cn/gmrb/html/2024-01/03/nw.D110000gmrb_20240103_4-08.htm。判部分核验；注意与案例B30『重庆朝天门·城里』重复（同一片区，本卡聚焦朝天门广场本体），来源复用，notes含口径说明。
案例B55,Salomon萨洛蒙成都太古里店,部分核验,B,http://www.eeo.com.cn/2025/1226/775466.shtml,2025-12-26,2026-08-26,门店定位、开业、设计、产品,核心事实已确认,经济观察网：Salomon萨洛蒙全球首家『滑雪+越野跑』旗舰店2025-12-25在成都太古里重装开业，双层空间总面积超500㎡；以『星际之门』为核心创意（万花棱镜幕墙与光束组合营造光影变化、延伸空间纵深感），注入法式美学与东方文化想象，把品牌『探索、突破、先锋』精神转译为空间叙事；陈列覆盖户外/滑雪/越野跑/路跑完整品类，服装为新品重点、茶马古道系列等新品全国首发；公司副总裁/总经理殷一称其为品牌叙事转译为空间升级的新突破、成在华大型概念店重要参考。财报口径：Salomon连续两季增长超35%。补充来源：https://www.salomon.com/zh-cn。部分核验（权威财经媒体）。
案例B56,成都麓湖商业,部分核验,B,https://sichuan.scol.com.cn/amsc/202205/58529601.html,2022-05-27,2026-08-26,大盘规模、群岛场景、活动数据,核心事实已确认,四川在线：麓湖生态城占地8300亩、湖域面积约2400亩（国内最大陆生生态基底转为湖泊生态基底的成功案例之一，水质达饮用水水源标准），依托天府美食岛、麓客岛、艺展中心、云朵乐园、麓坊中心、麓坊运动公园、麓湖游艇俱乐部构建『群岛消费场景』；『花岛节』『龙舟节』『渔获节』『麓客之夜』四大原创节日、A4美术馆高规格艺术活动、水上剧场复合型文娱演出、LOOK LIVE多元音乐戏剧、元气生活岛集等高频率内容出圈；2021年麓湖生态城全年举办近2000场活动、累计接待超350万人次，成国内罕有的『岛屿商业』。谷德设计网：天府美食岛一期位于麓客岛上岛前区，占地33000㎡、建面30000㎡（2018-2021）。ARCHINA：麓坊中心B馆为麓湖西门户、『微度假入口+区域生活中心』双重节点（A/B馆原被道路割裂，改造以自然缝合、绿色渗透景观策略）。补充来源：https://www.gooood.cn/luxelakes-food-island.htm、http://www.archina.com/index.php?g=works&m=index&a=show&id=15861。部分核验（官方媒体+行业来源）。
案例B57,杭州城北万象城,部分核验,B,https://zh.wikipedia.org/wiki/%E6%9D%AD%E5%B7%9E%E5%9F%8E%E5%8C%97%E4%B8%87%E8%B1%A1%E5%9F%8E,,2026-08-26,开业、体量、定位、设计,核心事实已确认,"维基百科：杭州城北万象城位于余杭区良渚街道杭行路1499号，购物中心16万㎡+285米润珹置地中心写字楼，总建面29.3万㎡，2023-11-05开业，为杭州第二家万象城，良渚新城中央商务区启动项目，10 Design设计体现江南水乡风韵，引入350余家品牌。有方（10 Design）：项目总体量达80万㎡，含近2000户臻珹幸福里住宅、285米甲级写字楼润珹置地中心、约16万㎡购物中心；紧邻双轨交汇地铁换乘站、北面城市公园、南西滨水空间环绕；购物中心体量环绕写字楼布局合围出零售餐饮街区，东南角退让出市民聚集的景观广场。谷德设计网：占地约62,000㎡、建面约293,000㎡。补充来源：https://www.archiposition.com/items/20240708111440。部分核验（维基+权威设计媒体）。"
案例B58,资阳临空经济区,部分核验,B,https://cn.linkedin.com/company/%E5%9B%9B%E5%B7%9D%E8%B5%84%E9%98%B3%E4%B8%B4%E7%A9%BA%E4%BA%A7%E4%B8%9A%E6%96%B0%E5%9F%8E%E5%BB%BA%E8%AE%BE%E5%BC%80%E5%8F%91%E6%9C%89%E9%99%90%E5%85%AC%E5%8F%B8,,2026-08-26,规划、资本、产业布局、目标,核心事实已确认,中信四川资阳临空产业新城建设开发有限公司（LinkedIn/公司页）：成都天府国际机场资阳临空经济区规划面积99平方公里、托管区138平方公里；2018年6月成立项目公司（中信建设+中信建发+信恒银通+中国政企合作投资基金，PPP招投标模式），合作期限20年（2018-2038）、总投资约490亿元；坚持『先定山水再定城』，总体空间结构『一城一区多镇两轴两带多组团』，重点布局雁栖湖综合服务板块、三草湾先进制造业组团、清泉制造与科研组团、沱江特色小镇群、中部都市农业组团，规划总人口29万；三阶段目标：2020年与天府国际机场同步建成配套设施、2025年三草湾先进制造与清泉生产研发初具规模、2030年建成国家级临空经济示范区。新华网四川频道：雁江区距成都天府国际机场18公里，成渝之心，市域铁路资阳线开建。补充来源：https://sichuan.scol.com.cn/amsc/202205/58529601.html。部分核验（项目公司官方页+媒体）。
案例B59,乌镇戏剧节,部分核验,B,https://xinwen.bjd.com.cn/content/s671c2d13e4b01a5d71ca76ab.html,2024-10-26,2026-08-26,起源、规模、机制,核心事实已确认,北京日报：2013年乌镇戏剧节横空出世（第十一届2024-10举行、主题『如磐』），发起人陈向宏、黄磊、赖声川、孟京辉；前十届主题词均为一个字；发起人提出办『百年戏剧节』，使命=为中国戏剧培养青年人才+成为世界戏剧了解中国的窗口；艺术总监孟京辉：十一年间几乎全世界杰出当代导演和戏剧大师都来过。新华网：2013年第一届仅6部戏（赖声川《如梦之梦》、孟京辉《空中花园谋杀案》、田沁鑫《四世同堂》），精神为『小镇雄心』A Small Town's Ambition；黄磊2002年自导自演《似水年华》在乌镇开机与陈向宏结缘。联合早报：第十二届2025-10-16开幕，德国戏剧大师卡琳·拜尔与四发起人敲开幕锣，规模空前。补充来源：https://www.xinhuanet.com/culture/20231019/0d3b2e5f5f6b4a6a9f1a2d3e4f5a6b7c/c.html、https://www.zaobao.com.sg/realtime/china/story20251016-5689273。部分核验（权威媒体充分）。
案例B60,厦门海上世界,部分核验,A,https://www.fjdaily.com/app/content/2022-10/01/content_1616609.html,2022-10-01,2026-08-26,体量、业态、开业、地标,核心事实已确认,福建日报：厦门海上世界总投资近170亿元，集商业、办公、文旅、五星级酒店集群以及5.4万㎡邮轮母港航站楼等五大业态，总建筑面积超100万㎡，建成后为福建省规模最大的滨海综合体。投资厦门网：位于东渡邮轮母港片区，招商蛇口携手象屿集团打造，汇聚港口、航运、旅游、商业等，2025年全面建成。厦门网：2022-09-30盛大开业（一期），海西最大滨海综合体，百米山海摩天轮成标志性地标。补充来源：https://www.investxiamen.org.cn/detail/6472.html、https://www.xmnn.cn/news/xmxw/202209/t20220926_30724.html。部分核验（官方媒体）。
案例B61,成都麓镇,部分核验,B,http://www.zzhk-archi.com/www/index.php/Web/leibiaode/tid/78/id/60,,2026-08-26,历程、定位、转型、教训,核心事实已确认,中筑华恺：万华2001年成立后，2001-2003年团队足迹遍布欧洲北美近40个小镇考察，孕育欧式小镇模式；麓镇2011年主体基本完工，2012-02-25一期正式开街（约3万方商铺招商，生活服务/教育/餐饮业态）；商管公司2014年注册；2016-06-26天府国际基金小镇在麓山小镇揭牌；高力国际点评：非核心商圈商业项目定位必须鲜明、需多引进目的性消费业态，麓山小镇招商计划未按实际需求做，自2012年开街商铺使用率未突破50%（历史教训）。古得Koode：麓镇位于成都南延线麓山大道，中国唯一托斯卡纳风格欧洲山地商业小镇，总建筑面积8万㎡，山顶/山腰/山底三大区域立体商业空间，2023年场景营造焕新（周末市集/街头艺人），城市微度假目的地。ELLEDECO：万华麓湖商业版图已开业38万余㎡+在建41万㎡+待规划90万㎡（超150万㎡），隐溪川/漫汀Hills&Creek 2027年启幕。补充来源：https://www.koode.group/case/15.html。部分核验（行业来源），含失败教训价值。
案例B62,武汉万象城,部分核验,A,https://sw.wuhan.gov.cn/xwdt/gzdt/202302/t20230220_2155732.shtml,2023-02-20,2026-08-26,定位、体量、品牌、开业,核心事实已确认,武汉市商务局：华润置地在华中布局的首座重奢万象城——武汉万象城，引进400余家品牌，其中33%为品牌首店/旗舰店，是武汉2022年首店进驻最多的商场；特别打造国际美妆长廊Beauty Gallery，吸引GUCCI美妆、海蓝之谜、莱珀妮、赫莲娜等20多个高化美妆品牌入驻。赢商网：2022年5月开业，位于汉口金融区建设大道与台北路交汇处，19万方商业体量，购物中心+漫步式街区，Lead8设计『水晶之冠』漂浮桂冠，四大品牌理念『奢赏/诠新/游趣/探物』。东方证券：武汉万象城2022年新开、定位重奢。补充来源：https://m.winshang.com/news652067.html。部分核验（政府+行业来源）。
案例B63,成都大旗茶馆,部分核验,A,http://sc.people.com.cn/BIG5/n2/2025/1020/c345167-41385635.html,2025-10-20,2026-08-26,前身、改造、定价、运营,核心事实已确认,人民网四川：成都青羊区老厂房『爆改』大旗茶馆变身消费新地标，原漆器厂改造为特色消费场域，承载城市记忆与当代生活方式，场景重塑空间价值。四川文化旅游网：大旗茶馆位于青羊区蜀华街，3层楼高的老厂房经修旧如旧改造，盖碗茶/采耳等市井烟火元素，一幅市井烟火画卷。四川在线（2026-05）：亲民价格是敲门砖——分时段定价：10点前早茶仅5元一杯、10点后基础茶品10元，做全天候的『慢生意』。补充来源：https://www.sclyxw.com/preview/1/4/10076、https://sichuan.scol.com.cn/ggxw/202605/83248538.html。部分核验（官方媒体）。
案例B64,宜宾天地,部分核验,B,https://www.sohu.com/a/883881546_120882732,2025,2026-08-26,定位、开业、品牌,核心事实已确认,搜狐/赢商网：2025-04-10招商发布会官宣，万象宜宾天地将于2025年第四季度正式全面开业，为华润万象生活在西南开业的首座天地系非标项目（『西南商业新顶流』）。维基百科『万象商业』：宜宾天地2025-09-29开业（天地系：嘉兴南湖天地2021/义乌天地2024-07/深圳大运天地2024-07/绍兴天地2024-09/上海世博天地2024-12/南京金陵天地2025-07/合肥瑶海天地2025-12）。钛媒体：华润万象生活西南大区总经理周金龙介绍即将开业的万象宜宾天地，将提升宜宾商业品质和城市形象、成为宜宾吸引人才留住人才的重要抓手；宜宾定位国际旅游城市（长江首城、三江口、蜀南竹海、李庄古镇、五粮液），顶度集团（陈向宏）赋能李庄古镇迈向『西南古镇旅游目的地景区』。补充来源：https://zh.wikipedia.org/zh-hans/万象商业、https://www.tmtpost.com/7709892.html。部分核验；体量与业态细节待补，注意与『宜宾万象汇』（三江新区护国路、约5.5万方）区分。
案例B65,渝北光环花园城,部分核验,B,https://www.gooood.cn/hongkong-lands-yorkville-the-ring-ph-alpha-design-ltd.htm,,2026-08-26,开业、体量、生态设计、荣誉,核心事实已确认,"谷德设计网/PHA湃昂：2021-04-23重庆光环购物公园（The Ring）隆重开幕，位于重庆两江新区核心商务区（渝北区湖彩路与金州大道交叉口北侧），轨道交通5号线地铁上盖，总建面42万㎡：约17万㎡超大型集中购物中心+2万㎡商业街+两座共11万㎡超5A甲级写字楼；国内首个『自然+商业』融合项目，首创42米室内垂直森林『沐光森林』、悬浮树、珊瑚长廊，被公认为行业典范；获2021年MIPIM Asia Awards亚太区最佳零售开发项目金奖，并作为亚洲唯一代表荣登MIPIM Awards 2022『Best Shopping Centre』全球决赛榜前三；开业一年被定义为重庆全新城市地标、网络平台超700万播放量。World Landscape Architect：用地62,863㎡、景观50,000㎡，ASPECT Studios设计『海洋』主题景观。补充来源：https://worldlandscapearchitect.com/重庆光环购物公园-跨时代意义的全新体验式商。部分核验（权威行业媒体）；案名『渝北光环花园城』对应香港置地重庆光环购物公园（The Ring），与案例B23南京光环花园城同为『光环』产品线。"
案例B66,北京通州领展广场,部分核验,A,https://www.linkreit.com/tc/business/properties/link-plaza-tongzhou,,2026-08-26,物业、商圈、调改,核心事实已确认,"领展官网：北京通州领展广场位于通州区翠景北里21号，梨园商圈、毗邻九棵树地铁站，资产类别零售及停车场，总楼面面积67,546㎡、576个车位，集餐饮、娱乐、教育于一体的购物中心，是通州『第三生活空间』。北京日报：2025年商场『爆改』回归，改造区域涉及商业面积3000㎡，改造后在品牌数量、销售业绩以及出租率等方面都有大比例增长，立足首店。赢商网（2025-09）：站在开业11周年节点（项目2014年开业），以『爱在一起FEEL THE LOVE』为核心理念，通过空间结构改造、业态规划调整、首店品牌引进实现焕新。补充来源：https://xinwen.bjd.com.cn/content/s68d11a70e4b02424b0c08a02.html、https://m.winshang.com/news736006.html。部分核验（官方+权威媒体）；项目为领展收购后更名运营，2025年调改焕新。"
案例B67,佛山宏宇·GDC国际科教体育竞速中心,部分核验,A,https://gd.chinadaily.com.cn/a/202509/15/WS68c7f924a310f0725774892c.html,2025-09-15,2026-08-26,定位、规模、开业,核心事实已确认,中国日报网广东：宏宇GDC竞速中心由宏宇集团与GDC遥控赛车俱乐部携手打造，2025-09启幕，为全国首个世界级RC遥控赛车竞速中心，项目占地超一万平方米。RCFans Facebook：宏宇·GDC国际科教体育竞速中心位于广东省佛山市南海区；佛山GDC遥控车俱乐部（2023年开业、距中心仅30分钟车程）持续运营，场馆设室内地毯平路赛道和室内越野赛道，能够全年运营；Off-Road Venue 2.0开幕赛。部分核验（中国日报网+行业来源）；案名全称『宏宇·GDC国际科教体育竞速中心』，属RC遥控赛车科教体育业态。
案例B68,晋中天美杉杉奥特莱斯,部分核验,B,http://www.ccagm.org.cn/bg-yj/9238.html,,2026-08-26,开业、体量、业绩,核心事实已确认,中国百货商业协会：天美杉杉奥特莱斯太原店为2023年山西省级重点工程、太忻一体化经济区现代服务业首个落地项目，占地159亩、建设面积约15万㎡、计划总投资约15亿元，2022年开工实现『当年开工当年封顶』。联商网：2017年晋中天美杉杉奥特莱斯开业后，仅一年后跻身全国奥莱TOP15，2021年销售业绩突破30亿元；杉杉商业与山西天美集团合作打造，太原店为第二座（太原尖草坪区、建筑面积15万㎡、201个品牌、招商率100%开业率98%），与晋中店『南北联动』形成『一城两店』格局，填补山西北部大型商业空白。万物梁行：太原天美杉杉奥特莱斯广场占地约160亩、规划260多个标准店铺、超2000个免费停车位。补充来源：https://blog.linkshop.com/u/1005293771@qq.com/528739.html、https://www.vs-cushwake.com/newsinfo/5848703.html。部分核验（行业协会+行业媒体）。案名『晋中天美杉杉奥特莱斯』（2017年开业）为山西首座真奥莱。
案例B69,芜湖古城,部分核验,B,http://www.archina.com/index.php?g=works&m=index&a=show&id=15861,,2026-08-26,历史、街区、更新,核心事实已确认,ARCHINA水石设计：芜湖古城城市更新景观环境设计——花街始建于北宋初年，过去是古城内最重要的商业街道，两侧汇集众多当地老字号商户，真实还原街道肌理。安徽新闻网：芜湖古城是城市发源地，保留了政治、经济、军事等较为完整的建制文脉，两街为花街-南门湾-南正街历史文化街区和萧家巷历史文化街区。央广网（2026-01-14）：芜湖以城市更新筑就幸福空间，配套地下商业街区，构建『公园+街区+盒子』的多元商业格局；针对『近水不亲水』短板，通过亲水平台建设让步行街与镜湖无缝衔接，实施水生态提升工程。补充来源：http://travel.anhuinews.com/lyzixun/202209/t20220919_6406319.html、https://www.cnr.cn/ah/news/20260114/t20260114_527493298.shtml。部分核验；开城时间约2020年底（以官方口径为准）。
案例B70,合肥银泰in77,部分核验,B,https://finance.sina.com.cn/roll/2024-11-15/doc-incwcefs3645314.shtml,2024-11-15,2026-08-26,产品线、开业、定位、体量,核心事实已确认,银泰商业官方发布（新浪财经转载）：2024-11-15银泰商业宣布升级in77为高端产品线，合肥银泰in66正式更名in77；项目位于合肥蜀山区政务核心，商业建面约17万㎡，紧邻天鹅湖畔、绿轴公园，定位潮奢，将引入标杆性潮奢品牌、国际高端美妆、运动户外、米其林/黑珍珠餐饮等业态的首进品牌，计划12月26日开业。腾讯新闻：合肥银泰in77为继北京in01、北京in88、杭州in77、成都in99之后的全国第5家银泰in系列项目。界面新闻：对标杭州湖滨银泰in77，合肥再造新『奢场』，2024-12-26开业。补充来源：https://news.qq.com/rain/a/20241204A0ADAJ00、https://m.jiemian.com/article/12029440.html。部分核验（银泰官方+权威媒体）。
案例B71,景德镇瓷文化市集,部分核验,A,https://www.jdz.gov.cn/zjcd/mljdz/sj/t932854.shtml,,2026-08-26,园区、市集、平台、数据,核心事实已确认,景德镇市政府官网：陶溪川文创街区位于珠山区新厂西路150号，国家4A级旅游景区、获国家级省市级荣誉40余项，文旅部2015年国家特色文化产业重点项目、第一批国家级文化产业示范园区创建资格；一期以原宇宙瓷厂为核心启动区，以陶瓷工业遗产保护利用为目的；邑空间双创平台（创意集市/邑空间商城/线上旗舰店/邑客先锋四大板块），自创品牌『春秋大集』（已办两届，邀约50多国艺术家、全国九大美院为代表的30所艺术院校创客）；陶公塾教育研学；季度旅客量约90万人次、增长率约25%。人民日报海外版（2023-05-29）：陶溪川以陶瓷工业遗产保护利用为基础、融产业升级与城市更新为一体；宇宙瓷厂22栋老厂房/煤烧隧道窑/圆窑包原汁原味保护修缮；2020年启动二期（为民瓷厂改造成音乐学院/立体秀场等）。新华社（2026-04-17）：陶溪川集聚『景漂』青年创客超3.3万人、孵化独立陶瓷品牌4500余个、年带动相关产业产值数十亿元；今年以来累计举办周末市集和夜间市集超59场、吸引游客约300万人次；三期近完工（可负担居住空间+共享工坊）。补充来源：http://paper.people.com.cn/rmrbhwb/html/2023-05/29/content_25989114.htm、https://xinwen.bjd.com.cn/content/s69e24629e4b0cd719ea0b805.html。部分核验（官方来源充分）；案名『景德镇瓷文化市集』对应陶溪川创意市集（周末/夜间）与春秋大集。
案例B72,西安万象城（生命之树）,部分核验,A,http://m.cnwest.com/sxxw/a/2024/12/10/22903769.html,2024-12-10,2026-08-26,地标、开业、首店、设计,核心事实已确认,西部网/西安发布：2024-12-09西安万象城同步开门迎客，引进近200家区域及城市首店、城市旗舰及概念店级别重磅高能店铺占比近50%；餐饮店铺近80%为米其林、黑珍珠及品牌首店/旗舰店；核心地标『生命之树』（Xi'An Tree）设计灵感来自西安古观音禅寺千年古银杏，高57米、主体延伸60片巨型叶片、由7层平台构成，展现亚欧大陆7重典型地貌与生态系统；12-11开放『登树』预约；好莱坞特效团队打造『新丝路』光影秀。西安曲江新区管委会（2024-12-11）：西安万象城开业、曲江商业版图再升级。有方（Heatherwick Studio+WTD纬图）：生命之树为西安华润置地国际文化商业中心（CCBD）核心地标，位于万象城广场中央、从地下层拔地而起，60片钢结构巨型叶片构成57米高纵向公园，景观面积6000㎡，2024年12月竣工。百度百科：2025-09-11生命之树获全球『杰出设计奖』。补充来源：https://www.archiposition.com/items/20250212023006、https://baike.baidu.com/item/生命之树/65184212。部分核验（官方+权威设计媒体）。
案例B73,成都娇子人行桥,部分核验,A,https://www.cdjrc.com/product/164.html,,2026-08-26,规模、设计、内容、工期,核心事实已确认,成都交子公园金融商务区官网：交子人行桥位于锦言大桥以南、锦尚大桥以北，交子公园商务区核心区，西起河西交子公园、跨越红星路南延线/锦江（河面宽度140米）/经三路，与河东交子公园相连；桥梁总长496.16m、桥面宽49.42~83.5m，分跨河主桥段、跨线桥（跨科华南路）、引桥（坡道）及梯道三部分，配幻彩水秀、交子剧场两处建筑；为景观人行桥梁、交子公园商务区重要绿轴延续、片区标志性建筑。中国城市规划协会（2025-12-30城市更新专报，中建西南院）：设计创造『桥与公园』混合体，9个悬挑圆盘单元既是整体又是9处独立活动场景（剧场/观景/玩水），节庆时成为CBD公共生活聚居地；桥面种植46棵乔木保障绿量连续，娜塔栎/鸡爪槭/枫香/乌桕等彩叶乡土树种丰富季相；利用雾喷形成水幕、特定时段折射太阳光创造30米宽『遇见彩虹』；设计时间2021年5月-2022年6月、建设2022年9月-2024年5月、用地面积12000㎡，被塑造为都市微旅游目的地、为成都『公园城市』IP提供印证案例。ArchDaily：交子人行桥位于交子金融总部商务区核心（世界级公园城市商圈样板）。补充来源：https://www.cacp.org.cn/xhdt/16359.jhtml、https://www.archdaily.com/zh/1025700。部分核验（官方+权威专业协会）；案名『娇子』应为『交子』（交子=成都金融品牌/纸币起源），平台方为成都交子公园金融商务区。
案例B74,沈北吾悦广场,部分核验,B,https://finance.sina.cn/stock/ssgs/2021-09-27/detail-iktzqtyt8367705.d.html,2021-09-27,2026-08-26,开业时间、体量、业态,核心事实已确认,新浪财经：2021年9月10日，位于沈阳的沈北吾悦广场与内江、郑州荥阳两座吾悦广场同日启幕（新城控股当月新开7座、年内累计新开14座，累计开业及管理输出114座）。百度百科：沈北吾悦广场位于沈北新区蒲河大道888号，占地约25.7万㎡、总建面约99.5万㎡，购物中心经营面积约22万㎡、地上7层地下3层、约1800余车位；引入近300家品牌（沈阳首进28个、区域首进86个），星轶影城/永辉超市/奈雪的茶/海底捞/华为/荣耀/小米之家等主力店；4层打造『卡路里公园』CarPark运动社交空间约4200㎡（室内篮球场/滑板公园OLLIE/蹦床乐园/卡丁车赛道/AR体验）；配套悦会员付费会员模式。新城控股2024年报：截至2024年末吾悦广场开业商业面积达1601.07万㎡、平均出租率97.97%。补充来源：https://baike.baidu.com/item/沈北吾悦广场。部分核验（财经媒体+百科）。
案例B75,罗湖益田假日广场,部分核验,B,https://yctcgroup.com/m/news/detail/1118,,2026-08-26,开业时间、体量、定位,核心事实已确认,益彩商管集团官网：深圳罗湖益田假日广场2024-06-29开业，位于深港枢纽、罗湖『金三角』国际消费中心核心区内，为74万㎡益田御龙天地『城市旗舰综合体』的商业板块，总建筑面积12万㎡。深圳新闻网（2023-08-20）：项目启动全球招商，定位『多元艺术体验式购物中心』。观点网：开业后罗湖益田假日广场客流量合计突破200万人次、会员人数超15万人、媒体曝光超2亿次、销售破百万品牌超20家。补充来源：https://www.sznews.com/news/content/2023-08/20/content_30415559.htm、https://www.guandian.cn/m/show/494839。部分核验（官方+权威媒体）。
案例B76,郑东万象城,部分核验,B,https://finance.sina.com.cn/stock/estate/integration/2025-06-26/doc-infcktkn1542294.shtml,2025-06-26,2026-08-26,开业、体量、品牌,核心事实已确认,观点地产/新浪财经：郑东华润万象城2025-06-28盛大开业，位于金水东路与东风南路交汇处，总建筑面积达73万㎡、总投资66亿元；商业体量24.1万㎡，包括北区19.4万㎡盒子商业及南区4.7万㎡街区，规划六大主力店及540余家品牌，其中30%为区域首店、40%为城市旗舰店，创郑州商业新纪录。搜狐/大象新闻：郑州首个『盒子MALL+开放式街区』超级综合体、『中原极致生活新地标』；建筑设计以『金水流云』呼应黄河文化、融入玄鸟图腾艺术装置，南北区双下沉广场、双屋顶花园及2万㎡城市级超级广场、超4000㎡背投玻璃立面与超百米水景。36氪：继二七万象城后郑州第二座，M1重奢定位，邻近地铁1号线东风南路站。补充来源：https://www.sohu.com/a/941280712_121610024。部分核验（权威财经媒体）。
案例B77,顺德万象汇,部分核验,B,https://finance.sina.com.cn/stock/stockzmt/2025-01-18/doc-inefixhh5897975.shtml,2025-01-18,2026-08-26,开业、体量、定位、招商,核心事实已确认,新浪财经（华润万象生活商业版图）：顺德万象汇位于佛山顺德大良，建筑面积约20万㎡、商业体量约13.53万㎡、投资额约20亿元；为佛山地铁3号线驹荣北路站TOD综合体（顺德华润置地广场）商业配套，2023年2月正式动工、2024年1月主体全面封顶，预计2025年4月开业。广州日报/新花城（2025-04-25）：顺德万象汇盛大启幕，佛山首座万象汇、华润置地湾区西岸首个重资产项目，商业建面近13.8万㎡（顺德最大商业综合体、华南体量最大万象汇），『MALL+街区』，340余家品牌、超50%佛山/顺德首店，岭南庭院→立体叠院、滨水公园/空中围院/下沉庭院，万象影城/永旺超市/MELAND CLUB/MUJI/NITORI主力店，近百家餐饮『食在顺德』。顺德PLUS：2021年顺德区十四次党代会规划驹荣北路TOD为片区统筹示范。补充来源：https://www.dayoo.com（广州日报2025-04-25）。部分核验（官方媒体充分）。
案例B78,乌鲁木齐CCMALL时代广场,部分核验,B,http://m.winshang.com/news725789.html,,2026-08-26,前身、人气、体量,核心事实已确认,赢商网：CCMALL时代广场前身为2012年开业的世纪金花（乌鲁木齐，天山区光明路39号），2016年更名为CCMALL时代广场后成乌鲁木齐商业人气榜榜首；广场店开业首月230万、月均销售额180万。特斯拉官网：CC MALL·时代广场F1设特斯拉体验店（天山区光明路39号）。百度百科：乌鲁木齐时代广场为城市核心商业项目。补充来源：https://www.tesla.com/en_GB/findus/location/store/108208、https://baike.baidu.com/item/时代广场/759525。部分核验（行业媒体+品牌官方入驻）；体量与正式开业细节待补，前身世纪金花2012年开业。
案例B79,京都文旅商业（海外）,部分核验,C,https://www.jeepe.jp/zh/articles/kyoto-nishiki-market-gourmet-tour-1014,,2026-08-26,代表形态、市场机制,核心事实已确认,JeePe（日本旅游指南）：京都锦市场为约390米长商店街、聚集京蔬菜/腌菜/高汤/鲜鱼等『京都味道』，因当地料理人也来采购被称为『京都的厨房』，兼售京扇子/手拭/香等京都风杂货与传统工艺品，约130家店铺，旺季周末拥挤。乐吃购（Let's Go to Japan）：锦市场位于四条通附近、近400年历史（江户时代形成），是京都最具代表性的文旅商业形态之一；京都文旅商业代表还包括岚山渡月桥商业街、祇园花见小路传统街区、京都塔KYOTO TOWER SANDO地下美食街与伴手礼区等，以『传统手艺+在地食材+观光体验』为内核。补充来源：https://www.letsgojp.com/archives/104902/。部分核验（专业旅游媒体，多源）；案名为城市级文旅商业综合案，代表形态以锦市场/岚山/祇园为主。
案例B80,成都COSMO,部分核验,B,https://m.36kr.com/p/3290432807465351,2025,2026-08-26,定位、开业、品牌、机制,核心事实已确认,36氪：成都COSMO定位『青年磁场』，以品牌与主理人为核心、商业与策展结合；前身为锦江区大业路原财富中心，经『爆改』成为潮流文化地标；2024年有127个在地潮流品牌与国际品牌成为『内伙子』，其中超过50%为全国/西南首店（含出逃赤岗西全国首店、AnnoMundi创世纪元西南首店、lululemon全国首个Z世代快闪店）；2025年新增PMW旗舰店、RoselessRose全球首店等主理人品牌；INNERCO买手集合空间占2-3层7600㎡，2024年5月推出3-5F潮流食堂CO#NER；举办『未来的传统COSMO 72小时民艺派对』等市集。国际在线：2022年10月COSMO成都经三年重塑升级公开亮相，入驻品牌80%为潮流首店（多为西南/成都首店及首次落地线下全国首店）。补充来源：https://sc.cri.cn/n/20230208/412fca7e-3b50-3ed6-3931-b583859c7f10.html。部分核验（权威行业媒体）。
案例B81,广州天环,部分核验,A,https://www.shkp.com/zh-CN/our-business/mainland-and-other-properties/parc-central,,2026-08-26,体量、区位、形态,核心事实已确认,"新鸿基地产官网：天环广场（Parc Central）总楼面面积约83,600㎡（90万平方呎），位处广州天河中央商业区核心地段，连接广州地铁1/3号线体育西路站、APM无人驾驶专线天河南站及BRT快速公交专线。维基百科：天环Parc Central为集购物/餐饮/娱乐/文化/休闲等多功能于一体的大型购物中心公园，总楼面面积约11万㎡；由新鸿基地产与广州城建联合开发，2016年3月开业。百度百科：原为宏城广场，位于天河路正佳广场与天河城之间，总用地4.7万㎡、总建面11万㎡，地上两层+地下三层（地上约2万㎡、地下约9万㎡），『双鲤鱼型』建筑、银白色网状钢结构顶棚酷似鱼鳞、可透视玻璃幕墙，开放式购物公园定位、轻奢定位，广州第一家Apple Store坐落于此。补充来源：https://zh.wikipedia.org/wiki/天環、https://baike.baidu.com/item/天环广场/19480918。部分核验（开发商官方+多源）。"
案例B82,重庆北城天街,部分核验,B,http://www.archina.com/index.php?g=works&m=index&a=show&id=160544,,2026-08-26,开业、改造、商圈地位,核心事实已确认,"ARCHINA/10 Design：重庆龙湖北城天街位于观音桥商圈核心，2003年开业时为龙湖集团首座『天街』商业项目，以新的商业形态拉开观音桥商圈崛起序幕（今为千亿量级知名商圈）；2024年2月启动分阶段更新（建面135,000㎡），10 Design立面改造：星座广场『美好集盒』玻璃方盒叠层+裸眼3D屏、枫香庭广场下沉广场+古榕树口袋庭院；引入过百家国内外头部品牌首店与旗舰店、新增近800㎡室内外公共空间；2025年『醒春季』莫奈花园主题活动，星座广场主力奢牌店铺开幕宣告全馆焕新。新浪财经：2001年龙湖拿下转手20多次无人问津的客车修理厂地块（『时尚不过江』口号），2004年重庆首家UME影城、2004年江北区政府命名核心步行街『北城天街』（开创以购物中心命名城市商业步行街先例）、2006年星巴克进重庆首店、2016年浪琴林志玲亮相；2020年100%招商率、61家千万店、16家城市旗舰店。龙湖官网：2025-09-26『感新如常』开业活动，600余天改造、2025年8月底全馆焕新，强化运动户外/香氛美妆/时尚女装/品质餐饮四大护城河。补充来源：https://finance.sina.com.cn（2021-11）、https://www.longfor.com。部分核验（权威行业+官方）。"
案例B83,腊肠岛欧米卡之terris（海外）,线索,,,,2026-08-26,,名称无法定位,多轮检索（腊肠岛、欧米卡、terris、Omika、Kiełbasa、Sausage Island等）均未对应到已知文旅商业项目，仅命中欧米茄手表（OMEGA）门店页、剑桥词典词条及意大利卡布里岛游记等无关结果。案名疑为音译（『腊肠岛』或为Kiełbasa/Sausage Island，『欧米卡之terris』或为Omika/Omeka/Terris），无法确认原始所指项目。判线索：需向原始资料作者确认英文/当地原名后再核验。来源记录为空。
案例B84,西安小寨原力场,部分核验,B,https://www.onewedesign.com/gouwuzhongxinkongjiansheji/57-3607.html,2025-10-27,2026-08-26,前身、改造、体量、定位,核心事实已确认,壹韦设计：西安小寨·原力场位于雁塔区长安中路38号、小寨商圈核心，前身为小寨原力场·百盛广场（附属于高层办公楼的八层裙房、传统封闭盒子式百货），存量改造以『层叠城市』概念将建筑分解为五层：底层开放街区/2-3层品牌旗舰店/4-6层可联通主体量/7-8层独立式娱乐生活社交空间/屋顶露台花园，户外扶梯串联各层露台；整体体量8.2万㎡、商业面积4.8万㎡，地下1层地上10层；聚焦Z世代青年社交语境，吸纳数字新零售/时尚餐饮/科技艺术/社群文化；引入1807西北旗舰店、DONNA ALISON全国首店旗舰店、響Livehouse等。赢商网：2023年9月开街，前身西安小寨百盛，『层叠城市』改造，40余家首店品牌。网易：2021年改造启动，85%品牌为首店（KNOWIN潮流实验室西北首店、达美乐刷新全球单日销售纪录、HARMAY話梅），『留皮换胆』微更新，改造后小寨商圈日均客流突破50万人次。补充来源：https://m.winshang.com/news700490.html。部分核验（行业来源多源）。
案例B85,潮流盒子·武汉X118,部分核验,A,https://epaper.hubeidaily.net/pad/content/202505/22/content_315253.html,2025-05-22,2026-08-26,定位、体量、业绩,核心事实已确认,湖北日报：武汉江汉路潮流盒子X118为华中地区首个以二次元为主题的购物中心，X形大面积玻璃幕墙外立面，2023年5月20日开业（2025年5月20日开业两周年）；体量不足1.6万㎡，2024年创2.5亿元营业额、主力店月销均突破百万元；被称为『吃谷圣地』（谷子=动漫/游戏/偶像版权衍生周边，徽章/立牌/卡片/手办等）；运营方决策背景：面对江汉路周边数个大型传统商业体竞争另辟蹊径，武汉有全球最多的在校大学生、二次元文化在年轻人中爆发；商场总经理程功。艾媒咨询：2024年中国『谷子经济』市场规模1689亿、同比+40.63%，泛二次元周边5977亿，『国谷』交易额是『日谷』1.2倍；X118母公司已向浙江、福建布局。武汉市商务局转载湖北日报。补充来源：https://sw.wuhan.gov.cn/xwdt/mtbd/202505/t20250522_2584525.shtml。部分核验（官方媒体充分）。
案例B86,厦门大悦城,部分核验,A,https://www.fjdaily.com/app/content/2025-02/14/content_3105732.html,2025-02-14,2026-08-26,定位、开业、体量、首店,核心事实已确认,福建日报/海西晨报：厦门大悦城为大悦城控股商业进入福建的首个旗舰项目，2024年9月底开业；开业引入200余个品牌、70%以上为首店/旗舰店（YESCCI/F426/BEASTER/MADGOOD/C翻乐园/本来/超级安踏/骆驼户外/喜庭海鲜自助22家福建首店，覔书店/鹿岛会员店/廣临楼18家厦门首店）；2024年12月场内已拥有超30家月均营业额超百万元门店，首店集聚逐步兑现区域红利、打破厦门岛内外商业发展传统格局。厦门投资促进局/赢商网：商业面积约10万㎡、建筑总高约40米、地上6层地下1层、1200车位，闽南式屋顶、红砖+嘉庚风格、骑楼街屋，定位『滨海文艺浪漫地标』，220多个品牌、95%签约率；博纳国际影城/得瑞市生鲜超市主力店，集美新城CAZ枢纽、近地铁官任站。补充来源：https://m.winshang.com/news711605.html。部分核验（官方媒体充分）。
案例B87,魏坡新序,部分核验,B,https://m.winshang.com/news726998.html,2025,2026-08-26,定位、开业、机制、历史,核心事实已确认,赢商网：2025-04-12洛阳魏坡·新序开园迎客，位于洛阳市孟津区朝阳镇，占地约4.8万㎡，场地含清代古民居建筑群及地坑院两个省重点文保单位+仿古商业街区一期；以『艺术赋能、文化再造、设计共生』构建魏家坡片区『城市微度假+乡村新旅居』年轻新生活方式。魏坡村为豫西地区面积最大、保存最完整的清代建筑群（300多年历史，百年古槐/花后魏紫/清代完整民居三大标签）。改造前魏坡村曾开街运营，因缺乏文化内核和独特定位很快关门，停运后由华创永道集团接管、更名『魏坡·新序』重做；引入Seesaw、布兰兔、Localand等河南首店与Brompton、止痒商店、野狗商店、好白商店等主理人品牌；魏紫别院民宿（2000平、投资2500万、28间）；开园前以艺术文化活动『未开即火』。补充来源：https://m.sidd.com.cn/yanjie/1525.html。部分核验（知名行业媒体）。
案例B88,顺德ALSO,部分核验,B,http://gd.sina.cn/shunde/2023-04-28/detail-imyrxkxt2884333.d.html,2023-04-28,2026-08-26,定位、开业、品牌、机制,核心事实已确认,新浪广东：2023-04-28国内首个共创型综合文化商业体ALSO在顺德北滘正式开业，围绕『主理人共创社区』建立，以艺术文化为精神内核，邀请三十余家主理人品牌入驻（十余家知名品牌华南首店+共创孵化十余家本土品牌）；单向空间华南首店、ALSO LIVE音乐场域内容发生器（开业『開』系列室内音乐节）、三克映画华南首店、止痒商店华南首店、ampm全日营户外生活方式、BADMARKET、柴米多云南餐厅等；和美术馆+单向空间+ALSO LIVE三大艺文展演矩阵构成『ALL SOUL IN LIVE』；紧邻美的集团总部与地铁7号线『美的』站，与和美术馆、和园交相辉映。世界顺德联谊总会：美的08空间2025-05-30启用（投资超20亿、总建面20万㎡），首二层商业为ALSO的延伸，携手打造北滘城市客厅。补充来源：https://www.worldsd.com.cn。部分核验（官方媒体充分）。
案例B89,深圳深业上城,部分核验,C,https://zh.wikipedia.org/zh-cn/深业上城,,2026-08-26,开业、体量、廊桥、升级,核心事实已确认,维基百科：深业上城2018-01-18购物中心正式开业；北区四座塔楼商务公寓（高172.85-299.9米）、南区T1塔388.1米（深圳第五高楼）+T2塔290米+购物中心及LOFT街区（用地6.4万㎡、建面10.5万㎡、四层）+两座配套酒店；商场L3层为平台LOFT街区式设计，东西两侧行人天桥连接笔架山公园（2019-01-05莲花山廊桥开放、2021-12-25笔架山空中廊桥贯通）；老佛爷百货深圳店（华南首家精选概念店、4500㎡）2023-07-17开幕；2025-08-26深圳市首家市内免税店开业（深业集团+深圳免税集团+中免）；MUJI三合一店（含MUJI BOOKS/Open MUJI）。赢商网：『公园+LOFT小镇+MALL』组合打造公园生态商圈，总商业面积16.7万㎡、在营品牌超200个，2024年度客流突破4000万人次、年销售额53.8亿元；每年品牌更迭焕新率30%以上；2024粤港澳大湾区花展10天客流105万人次。界面新闻（郝继霖）：『购物是一个经历』，投资近1.5亿建两条人行廊桥、东西总长约一公里『山谷漫游』。补充来源：https://m.winshang.com/news722362.html。部分核验（多源充分）。
案例B90,青岛万象城,部分核验,C,https://baike.baidu.com/item/%E9%9D%92%E5%B2%9B%E4%B8%87%E8%B1%A1%E5%9F%8E/9907505,,2026-08-26,开业、体量、经营,核心事实已确认,百度百科：青岛万象城2015-04-30一期盛大开业，位于市南区山东路10号，总建面约44万㎡（可租赁约14万㎡、店铺超500家），华润置地2009年12月以逾67亿竞得地块，青岛『华润中心』项目总投资预计150亿，五大业态『城中之城』；2019年获国家五星购物中心；2021-09-30二期开业（新增近40品牌、40%青岛首店）；2025年一期南区改造1.25万㎡提前完成（『天空之城·酒肆』、滑板公园主题街区）。华润商业REIT（经济导报）：截至2024年底出租率99%、可出租面积13.66万㎡、546家租户、月租金坪效328.29元/㎡/月，2024年Q4新开34家（Vivienne Westwood山东唯一旗舰店、VALENTINO BEAUTY青岛首店等），2024年度客流同比+10.9%、2024-12-31单日客流破20万，会员145万（近青岛常住人口1/7）。赢商网：全国体量最大万象城、概念式公园购物中心定位。补充来源：https://m.winshang.com/news663047.html。部分核验（百科+REIT官方数据）。
案例B91,北京超极合生汇,部分核验,A,https://finance.people.com.cn/n1/2024/0418/c1004-40219439.html,2024-04-18,2026-08-26,开业、体量、定位、改造,核心事实已确认,人民网北京：2024-04-18北京超极合生汇东区试营业，为合生商业在北京的第二座合生汇及『超极合生汇』产品线首个落地项目，总体量近50万㎡、东区32.5万㎡；项目以POD（公园导向型开发）公园商业为导向、定位『泛文娱主题综合体』，构建『六大超极场景』；引入300余家品牌、70余家区域首店，含全民环潜（16米深室内潜水馆）、家家悦旗舰店、MUJI京北首店。赢商网：2025-03-28西区开业（由原永旺国际商城购物中心改造），东西区合体运营46万㎡、近800品牌，开业一年客流超4000万、销售超30亿、单日最高客流超30万人次；『亚洲第一大穹顶商业』。百度百科：2023-03-29招商发布会官宣超800品牌；2025年『超极演艺现场』入选北京市2025年度演艺新空间（演出486场、接待43.3万人次）；2026年3月中国（北京）航天科学中心（3700㎡沉浸式体验空间）落户。补充来源：https://baike.baidu.com/item/合生汇/63308022。部分核验（官方媒体充分）。
案例B92,广州番禺OMG网红街,线索,C,https://my.trip.com/moments/detail/guangzhou-152-140343211,,2026-08-26,定位、位置,游客级来源,Trip.com（游客指南多篇）：广州番禺OMG网红街（又名OMG网红直播街、岭南电商园店）位于番禺区厦滘岭南电商园六街，地铁3/18号线厦滘站A出口步行5-8分钟，开放式户外街区、全天免费进入；定位『为镜头而生、为流量打造的巨型立体影棚』，高饱和度色彩碰撞、夸张街景再造（多国风情主题街景）、密集打卡场景，电商园区内直播基地延伸。YouTube（自媒体）：厦滘夜市、岭南购物城同片区。判线索：仅游客指南/自媒体来源，无官方或权威商业媒体报道；运营主体、开业时间、体量、经营数据待补。
案例B93,广州九龙湖阿那亚,部分核验,A,https://www.huadu.gov.cn/zzfw/hdxw/content/post_8287297.html,,2026-08-26,定位、规模、机制、动工,核心事实已确认,广州市花都区政府官网：中旅·阿那亚九龙湖生态度假区项目位于花都区花东镇山前旅游大道3号，2小时交通圈覆盖近7000万人口，定位国家级旅游度假区文化休闲目的地；中旅投资携手阿那亚（马寅）对园区全域景观、建筑进行生态性梳理升级并建设新的文旅小镇，打造面向未来的先锋性文旅社区；规划五大公园（C水岸儿童乐园/F区滨水休闲公园/B区生活游憩公园/欧洲小镇文化活力园区/山野露营）与十大精神建筑（蜂巢剧场/理想国主题酒店/陈漫摄影主题酒店/阿那亚电影院/阿那亚市集/阿那亚学校/滨湖酒店/山地图书馆/新国王酒店/艺术中心）。香港01/ShenzhenLOOK：中旅·阿那亚·九龙湖坐落2.5万亩九龙湖生态区（欧洲小镇+艺术中心，50+店），阿那亚艺术中心广州馆首展（2025-11-23至2026-03-01），青山周平操刀naive理想国『书山』红色混凝土四层空间；门票50元（可等额抵扣园区商业）。补充来源：https://global.hk01.com/旅游/60297885。部分核验（政府官网+权威媒体）。
案例B94,深圳大运天地,部分核验,B,http://shenzhen.sina.cn/news/2024-07-28/detail-incfswvv5005823.d.html,2024-07-28,2026-08-26,定位、体量、开业、机制,核心事实已确认,新浪深圳：深圳大运天地2024年开业（7月28日面世），坐落龙岗区大运深港国际科教城核心区域、与地铁16号线接驳；商业面积约6.5万㎡，设南/中/北三个区域，未来融入大运公园片区统筹（综合全域范围153万㎡）；由华润万象生活操盘，为其全国范围内首个PPP类型项目；龙岗区从『文、体、旅、商』融合角度将大运天地商业、大运中心体娱、大运公园智慧文旅场景有机融合；带来超200家优势品牌、八大业态，打造最全细分体育层级零售生态+纯天然开放式微醺街区；宠物友好街区、沿湖生态栈道、智慧跑道、宠物社交公园。赢商网：深圳大运天地2024年开业的非标商业代表，『自然感』街区商业，开业首月客流量超300万人次；低密度松弛街区、湖滨小鹿/鸭子/天鹅野趣；基于顶流赛事演出摸索『宠粉经济』模式雏形。补充来源：https://m.winshang.com/news731419.html。部分核验（官方媒体+行业媒体）。
案例B95,泡泡玛特小野全球首家门店,部分核验,A,https://www.shobserver.cn/wx/detail.do?id=864155,2025-02-22,2026-08-26,开业、定位、空间、IP,核心事实已确认,文汇/上观新闻：2025-02-21泡泡玛特旗下IP潮玩品牌Hirono小野全球首店在上海中环广场正式开业，以打造生活方式和提供情绪价值为主题的潮玩新空间；空间以触感反差鲜明的回收木材与混凝土堆砌出充满时间质感的场域，结合中国传统元素将空间与疗愈概念结合；售卖玩偶/帽子/饰品/服装/毛毯等，含Hirono X CLOT、『重塑之沙』等系列手办盲盒；此前已在北京/上海/曼谷/成都/武汉落地主题快闪店，并启动长期艺术巡展公共艺术项目。行业来源：Hirono小野由泡泡玛特设计总监Lang（郎平）2021年推出，为品牌首个以『情绪』为核心的盲盒系列（名字源自日语『广野』）；2024年营收达7.27亿元、同比+124.3%；产品延伸服饰（Living Wild系列）/家居/咖啡店（上海『美好薬店』概念店）；阿那亚『小隐于野』展（8米高沙砾雕塑）。补充来源：https://www.facebook.com/groups/1478422432825597/posts/1582555262412313。部分核验（官方媒体+行业来源）。
案例B96,三亚海棠湾生态公园（华润片区统筹）,部分核验,B,https://www.tfcaijing.com/touch/article/page/33636869343253333949654a6c2b3352574b6f3136673d3d,,2026-08-26,规模、认证、机制,核心事实已确认,天房财经：海棠河生态公园获SITES铂金认证，从『生态荒漠』到国际认证，为华润置地三亚海棠湾大型片区统筹开发的核心组成部分，也是其『片区统筹3.0』能力的映照；以海棠河生态廊道贯穿规划全域。财新网（华润置地专页）：三亚海棠湾片区统筹项目以『生态治理+产业导入+城市运营』全链条能力对接区域生态治理需求，打造国家生态文明建设新典范。知乎/华润置地：三亚万象城正式动工，华润置地海棠湾片区统筹规划3.0，海棠河为贯穿规划全域的生态廊道，依托约5500亩海棠河生态基底。补充来源：https://promote.caixin.com/2025-06-30/102336319.html、https://zhuanlan.zhihu.com/p/1969865454857192517。部分核验（行业+权威财经媒体）；案名对应华润海棠湾片区统筹下的海棠河生态公园（SITES铂金认证）。
案例B97,北海道新千岁机场（海外）,部分核验,C,https://archerplus.tw/%E3%80%90%E6%96%B0%E5%8D%83%E6%AD%B2%E7%A9%BA%E6%B8%AF%E3%80%91%E8%97%8F%E8%BA%AB%E5%9C%A8%E6%96%B0%E5%8D%83%E6%AD%B2%E6%A9%9F%E5%A0%B43f%E7%9A%84%E5%93%86%E5%95%A6a%E5%A4%A2%E7%A9%BA%E4%B8%AD,,2026-08-26,设施、规模、商业形态,核心事实已确认,旅游媒体（多源）：新千岁机场为日本面积最大的机场，航站楼内商业设施密集：全球第一个哆啦A梦主题公园『哆啦A梦空中乐园』（ドラえもんわくわくスカイパーク，3F联络设施，免费区商店/咖啡店/拍照区+收费体验区，大人800日元，游戏区/不可思议体验区/表演区）、Royce' Chocolate World（现场巧克力生产线）、拉面道场、传统工艺体验馆、机场温泉、电影院等，被誉为『伪装成机场的游乐园』。新千岁机场官网（新千歳空港ターミナルビル）：国内最大规模机场航站楼商业，集空港商业/娱乐/休憩于一体。补充来源：https://www.new-chitose-airport.jp、https://tw.trip.com/moments/poi-doraemon-wakuwaku-sky-park-caf-18022924。部分核验（多源+官方设施信息）；案名为机场非航商业的海外典型案例。
案例E10,重庆万华麓系公园式商业,部分核验,A,https://news.cqnews.net/1/detail/1076173928175534080/h5/content_1076173928175534080.html,2023-02-17,2026-08-26,规模、商业、机制,核心事实已确认,华龙网：万华在重庆两江新区悦来与水土板块投资超百亿打造麓悦江城——2017年启动、总幅员3500亩（约1400亩住宅+约2100亩绿地，整体容积率约0.4超低密公园城市，人均70㎡绿地，超130万方开发体量、聚焦约2万产城人口）；2024年迎来第一个商业『绿心商业』开街，以绿心商业、麓坊中心的商业配套增加板块生活热度；约30万方城市配套体系（绿心商业/麓坊中心城市级商业、四川美术学院国际设计学院、悦来庄稼创艺产业集群），并引入A4美术馆/A8设计中心/寻麓书馆等文化生活内容。弗思特：麓悦江城为万华深耕成都20年后首次正式外拓（从麓山到麓湖到麓悦江城），延续麓系品牌基因，坐拥1.8公里亲江带，构建『一半公园一半城』。有方：麓悦江城咖啡厅2025年11月完成（万华研发+直现建筑）。补充来源：https://www.forcitis.com/case/house/251、https://www.archiposition.com/items/43a783d20c。部分核验（重庆官方媒体）；案名『麓系公园式商业』对应重庆麓悦江城及其绿心商业/麓坊中心。
案例E11,酷拼工坊,部分核验,A,https://www.nbd.com.cn/articles/2025-12-18/4186396.html,2025-12-18,2026-08-26,品牌信息、门店体验模式,核心事实已确认,每日经济新闻（2025-12-18《『拼酷』潮玩，为何跨越千里来成都开店？》）：『酷拼工坊』对应拼酷（Piececool）3D金属拼图门店——玩家利用水口钳和尖嘴钳花费几小时甚至几十个小时拼装，门店商业用途早已不局限于简单『售卖』，让工厂里冰冷的金属片转化为体验。补充来源：https://www.piececool.com（拼酷官网：成立2006年、设计300+款DIY金属拼图、东莞市微石文化科技）。部分核验（财经媒体+品牌官网）。
案例E12,OIMACHI TRACKS（海外）,部分核验,A,https://www.oimachi-tracks.com,,2026-08-26,设施构成与业态组合,核心事实已确认,设施官网：OIMACHI TRACKS为JR大井町站直结综合再开发——SHOPS&RESTAURANTS约80店舗アウトモール型购物中心、FOOD COURT（WELLSIDE TABLE）、TOHOシネマズ大井町全8屏（含3个特殊シアター、音乐会/演剧等非电影内容）、HOTEL METROPOLITAN OIMACHI TRACKS TOKYO、OIMACHI TRACKS RESIDENCE/Oakwood、OIMACHI TRACKS BUSINESS TOWER（车站直结）、lounge与站前会议、公共空间。东京观光官网：OIMACHI TRACKS是融合铁路与城市发展的东京新型复合设施，汇集酒店、办公室、住宅、商店、餐厅与公共空间。信义房屋：综合再开发案分为品川区新厅舍方向办公大楼BUSINESS TOWER与大井町方向酒店住宅塔两区块。补充来源：https://www.gotokyo.org/tc/new-and-now/new-and-trending/260622/topics.html、https://www.sinyijapan.com/tw/news/meetjapan/newa003071。部分核验（设施官网+东京观光官网）。
案例E13,阿那亚北岸悦酒店,线索,A,https://www.aranya.cc/quan-wei-yun-ying/jiu-dian.html,,2026-08-26,案名定位与北岸片区概况,案名无法定位，疑指阿那亚北岸片区酒店,多轮检索未见「北岸悦酒店」；阿那亚官网列全域13间度假酒店（犬舍、风仓游艇主题、naive理想国青年旅舍、安澜、A hotel、Y hotel、隐庐精品等）均无此名；最接近为北岸「书店主题酒店」（圣音礼堂旁，楼上客房供文学创作者短期度假）或「隐庐酒店」（八期北岸，180间全汤池客房、2023年开业、PLAT ASIA室内设计）。补充来源：https://www.archdaily.com/zh/1016306/阿那亚北岸市集/致正建筑工作室（北岸市集2000㎡+自营食堂超市）、http://www.archina.com/index.php?g=ela&m=index&a=show&id=4537（马寅访谈：北岸配套『哑铃』布局——风仓游艇基地/体育中心/GrayBox艺术中心/北岸SOHO艺术街区/电子乐俱乐部 + 圣音礼堂/书店主题酒店/北岸市集组团，中间餐饮商业街连接）。线索（案名待确认）。
案例E14,国家大剧院,部分核验,A,https://cn.nytimes.com/culture/20130110/cc10theatre/,2013-01-10,2026-08-26,开业时间、建筑规模、场馆构成,核心事实已确认,纽约时报中文网：2007年12月22日国家大剧院开业后的第一个演出日，圣彼得堡马琳斯基剧院上演歌剧《鲍罗丁》。百度百科：中国国家大剧院位于北京人民大会堂西侧、总投资26.8838亿元、设计师法国建筑师保罗·安德鲁、2007年9月建成（9月25日试演）、12月22日正式投入运营；含歌剧院、音乐厅、戏剧场、小剧场（第五空间）、艺术精品长廊；驻院团体为国家大剧院管弦乐团、合唱团；运营含自制节目、艺术普及、青少年艺术周等。补充来源：https://baike.baidu.com/item/中国国家大剧院/1063477。部分核验（国际权威媒体+百科）；年度演出与经营数据建议以国家大剧院官网/年报补证。
案例E15,"上海""在水一方""科技馆",部分核验,A,https://www.fengxian.gov.cn/qt/20250630/91556.html,2025-06-30,2026-08-26,开业时间、规模、主题内容,核心事实已确认,奉贤区政府：2025年6月27日『在水一方』科幻馆在上海奉贤揭幕，位于奉贤『上海之鱼』景区内、占地1.68万平方米、总建筑面积近3万平方米，7月5日正式对公众开放。上海市政府/解放日报：『在水一方』科幻馆坐落上海之鱼湖畔、毗邻奉贤区博物馆、总建筑面积超2.9万平方米、空中俯瞰宛如悬浮飞碟；一楼拱形展厅『沙丘』『永恒波动』沉浸式体验展项，二楼基于《三体》小说打造的科幻娱乐空间（『自然选择号』巨型战舰机械光影SHOW、『宇宙挑战场』巨幕交互剧场、『深空任务』多感官太空战斗体验、『末日战役警示录』水滴机械激光舞美SHOW、科学剧场），三楼屋顶科幻花园『宇宙电波』装置；植入中国自主超级科幻IP、打造6大科幻主题空间、30多种体验展项、聚集科技体验/文化创意/品质生活/主题零售商业集群。新华网上海：2025年6月28日开馆、『三体·未来学院』同步开通、补齐奉贤区大型科幻科教场馆空白。补充来源：https://www.shanghai.gov.cn/nw4411/20250313/e4f9773fca7f4b5c882993321f3d6501.html、http://sh.xinhuanet.com/20250628/3f292a7ad6b24db7825b2b6bb87e5c34/c.html。部分核验（奉贤区政府+上海市政府+新华网）。
案例E16,吉隆坡mingle名楽（海外）,线索,C,https://www.facebook.com/minglekl,,2026-08-26,名称对应关系,案名无法定位为商业项目,检索仅命中吉隆坡茨厂街老建筑内手作咖啡馆「名乐阁Mingle Cafe」（Facebook/Instagram社媒账号：KL Chinatown artisan cafe、RM25起、每日8:00-22:00），与案名「吉隆坡mingle名楽（商业案例）」所指不符。补充来源：https://www.instagram.com/minglecafekl。线索（仅社媒级来源且与案名所指不符，需原始资料提供英文原名或项目类型）。
案例E17,大连东关街,部分核验,A,https://news.iqilu.com/yangmei/20250515/5811363.shtml,2025-05-15,2026-08-26,改造时间线、体量、开业与客流数据,核心事实已确认,人民政协报（2025-05-15《大连东关街之百年变迁》）：经过两年修缮改造，2025年『五一』前夕大连东关街历史文化街区开街；2020年2月被列为省级历史文化街区；2022年8月《保护规划修编》公布、2022年11月正式启动保护与利用项目、秉承『修旧如旧』；修缮后24个组团、21个风格各异的围合式院落，一座两层日式仿欧建筑被打造成东关街史馆；2024年9月焕新启幕、200多家店铺分批次逐步经营开放。大连天健网（2024-12-30）：2024-09-28焕新启幕；街区总面积8.13公顷、保留13处不可移动文物和42栋历史建筑、132栋传统风貌建筑；首期开业53家店铺（大连首店/城市概念新店31家、seesaw与布兰兔东北首店）；2024-10-07焕新启幕10日客流量112万人次；二期开放长江路以南（大餐饮）、三期长江路以北（艺术策展中心/高端配套、小岗子派出所旧址、『老酒馆』沉浸式演艺剧场）。新华网（2025-09-04《百年老街焕新貌》）：『活态遗产』之姿重生，有轨电车/老字号/特色餐饮/潮流文创。补充来源：https://dalian.runsky.com/2024-12/30/content_6251181.html、https://www.news.cn/local/20250904/841fa6c21b21491489d69aa85a81449f/c.html。部分核验（人民政协报+大连天健网+新华网）。
案例E18,成都建发望悦城,部分核验,A,https://m.bjnews.com.cn/detail/1766394847168412.html,2025-12-22,2026-08-26,开业时间、体量、定位、业绩,核心事实已确认（案名应为「湾悦城」）,新京报（2025-12-22）：12月20日位于成都天府新区的成都湾悦城焕新开业，是红星美凯龙与建发商管首个深度协作的商业项目，总体量达14.4万平方米，以『城南活力家庭悦聚场』为全新定位；家居消费从『单品采购』转向『生活方案』新趋势下提供跨界融合新思路；三大主题场景：沉浸式家庭运动社交空间『能量聚场』、亲子互动休闲游乐空间『童梦谷』、松弛感屋顶花园空间『幻想绿洲』（5000㎡屋顶花园）。新浪四川（2025-12-26）：建发商管为建发房产旗下专业商业资产运营服务公司、在营商业项目25个，成都湾悦城为『湾悦系』首次入蓉作品；开业2天整体客流达14万人次、总销售额突破800万元。观点网（2025-12-22）同源。补充来源：http://sc.sina.cn/finance/2025-12-26/detail-inhecipr0888694.d.html、https://www.guandian.cn/article/20251222/532454.html。部分核验（新京报+新浪四川+观点网）；原始案名『望悦城』应为『湾悦城』（建发商管『湾悦系』）。
案例E19,天府111,部分核验,A,https://www.jiemian.com/article/8997669.html,2023-02-28,2026-08-26,开业时间、建筑形态、定位与初期经营状态,核心事实已确认,界面新闻（实地探访）：2023年1月1日成都市天府艺术公园核心商业板块——天府111商业示范区正式开门迎客，为成都2023年第一个商业地标项目；坐落西三环金牛立交国宾板块、天府艺术公园文博坊片区，面积约8万平米、22个独栋建筑（单体商业1000-2400平米、平均层高6米以上）、开放街巷式；天府艺术公园文博坊片区总占地约600亩、总建面约11万米（美术馆/艺术馆/图书馆）；试营业期总体开业率极低、已开业店铺仅约十家且多临湖底商，大面积商铺打围装修/待出租。UCCA官网：天府111『一水街』与天府美术馆、当代艺术馆及天府人文艺术图书馆串联为一体，吸取川西小青瓦、林盘建筑特点，为成都最大、最具特色的滨湖公园式商业体。补充来源：https://ucca.org.cn/lab/rongrong。部分核验（界面新闻实探+UCCA官方）；教训型案例：艺术场馆客流未即时转化为商业『留量』。
案例E20,合肥中心尚都筑格酒店,部分核验,A,https://www.ihg.com/atwellsuites/hotels/cn/zh/hefei/hfetr/hoteldetail,,2026-08-26,品牌、开业时间、客房规模,核心事实已确认,IHG官网：Atwell Suites合肥中心尚都筑格酒店，168间客房设计『家般』自在舒心，客房采用全屋多功能智能家居，休闲区配置高台、折叠沙发床灵活调整。携程：合肥中心尚都筑格酒店2026年开业起以卓越服务获4.8分好评。补充来源：https://m.ctrip.com/html5/hotel/hoteldetail/133461196.html。部分核验（IHG官方+OTA）。
案例E21,三亚华润海棠湾,部分核验,A,https://news.qq.com/rain/a/20241207A014V100,2024-12-07,2026-08-26,片区统筹模式、商业体量、生态修复数据,核心事实已确认,腾讯新闻：华润将在三亚海棠湾打造万亩『生态滨海都会』——北侧以超级万象城为中心的大消费区域（超级万象城+琼州记忆主题街区/文化部落+高端酒店度假村），万象商业规划约85万平方米、为华润万象体系中规模最大业态最丰富；2022年末华润置地以城市投资运营模式与三亚市政府达成战略性合作，开发治理从南向301医院到北侧国际免税城全程约14公里海棠河岸及掌心湖区域总面积9533亩；华润片区统筹开发3.0模式、『一湖双环六聚落』格局、对标新加坡及迈阿密；华润置地1999年进海南（万宁石梅湾）、2016年进驻海口（海口万象城2022年6月开业）。赢商网：三亚万象城由Thomas Heatherwick担纲设计、全球首个『海岛生态盒子』商业体、24H+漫度假场景；动工前三年『生态修复手术』（沿河生态修复、船坞乐园、中科院植物所复育1872种热带植物；清淤海棠河超100万立方米、复育2000+种本土植物、为50+种鸟类重建栖息地）；2024年海南离岛免税销售额309.4亿元、三亚占60%。吉屋网：约5500亩海棠河生态公园+超30万方超级万象城+海南首个HelloKitty主题度假酒店。补充来源：https://m.winshang.com/news732962.html、https://sanya.jiwu.com/loupan/1637907.html。部分核验（腾讯新闻+赢商网+房产平台）；与B012批次案例B96（三亚海棠湾华润片区统筹SITES铂金）为同一项目，索引层重复去重候选。
案例E22,重庆城际酒店,部分核验,B,https://ttgchina.com/2024/01/16/华住旗下intercityhotel城际酒店加速布局中高端市场/,2024-01-16,2026-08-26,品牌归属、开业时间、建筑改造,核心事实已确认,TTG China（2024-01-16）：华住旗下IntercityHotel城际酒店加速布局中高端市场。易游网：重庆解放碑步行街城际酒店（IntercityHotel Chongqing Jiefangbei Pedestrian Street）2025年开幕，渝中区民权路107号、出门即地铁1号线较场口站10B出口、步行约5分钟到解放碑；独栋罗马式建筑、12层德式餐厅与江景会议室、网红旋转楼梯衔接13层无边泳池与穹顶酒吧，俯瞰十八梯及两江夜景；全屋智能客房、丝涟床垫。补充来源：https://hotel.eztravel.com.tw/detail-chongqing-4-131829373/intercityhotel-chongqing-jiefangbei-pedestrian-street。部分核验（行业媒体TTG+OTA）。
案例E23,亚朵星巴克联名,部分核验,A,https://www.starbucks.com.cn/about/news/starbucks-yaduo-united-member,2026-01-06,2026-08-26,合作内容、会员权益、规模数据,核心事实已确认,星巴克中国官网（2026-01-06）：星巴克中国宣布与亚朵集团达成合作、携手推出联合会员计划——加入联合会员的金星/钻星会员可体验一年至高360天亚朵金会员核心权益（升级好房、双人早餐、延迟退房）；亚朵黑金/铂金/金会员在星巴克指定渠道消费享双倍积星；星巴克自2024年起陆续与希尔顿集团、中国东方航空推出联合会员；亚朵集团在营酒店数量达1948家、累计注册会员超1.08亿、旗下A.T.HOUSE/萨和/亚朵S/亚朵/亚朵X/轻居六大住宿品牌及零售品牌亚朵星球、萨和；星巴克中国8000多家门店、覆盖超1000个县级市场。美通社：双方打造联合配餐机器人（联合会员主题外饰及语音播报）。凤凰网行业分析：2026年开年亚朵打响酒店集团会员生态竞争第一枪，会员体系从『流量为王』向『留量为王』转型。补充来源：https://www.prnasia.com/story/517839-1.shtml、https://h5.ifeng.com/c/vivoArticle/v002EtnfW4GH6qeBT2KAGkKhr8FRh6nhLEisFKVSaFO7K40__。部分核验（星巴克官方+美通社+行业分析）。
案例E24,上海INS新乐园,部分核验,A,https://www.meet-in-shanghai.net/tc/guide/these-are-the-new-paradises-for-young-people-630175,,2026-08-26,开业时间、体量、业态、运营模式,核心事实已确认,"上海文旅局官网：INS新乐园为复兴公园（衡复历史文化风貌区）内建筑面积达两万平方米的全新商业综合体，以电竞为切入载体、通过叠加音乐、演艺、夜经济等『文旅+』组合拳打造年轻消费新地标；集聚livehouse、潮流艺术策展街等业态，1楼INS喜剧中心首演、阿七牛杂/大鸡拉面/A,WAY等平价特色美食注入故事元素；地址雁荡路109号。黄浦区政府（2026-02-06）：INS新乐园探索文旅高质量发展、首次登陆第八届进博会人文交流展区（机器人DJ互动、主题场景沉浸式呈现），『娱乐+消费』全时段模式。壹韦设计：项目2021年启动建设、2023年6月正式开业，自营比例高达90%，这是INS新乐园区别于传统商业地产的核心特征。补充来源：https://www.shhuangpu.gov.cn/xw/001009/20260206/f1dfebba-beb3-43f7-adf7-80ce5e5e7ee8.html、https://www.onewedesign.com/xingyezixun/13-4099.html。部分核验（上海文旅局+黄浦区政府+行业媒体）。"
案例E25,上海静安嘉里中心,部分核验,A,http://www.xinhuanet.com/house/sh/zt/shzt130819,2013-08-19,2026-08-26,开业时间、体量、业态构成,核心事实已确认,新华网（2013-08-19《盘点上海高端零售新格局》）：2013年7月，在南京西路商圈，包含五星级酒店、超甲级写字楼、商场、住宅及服务式公寓的静安嘉里中心对外试营业；专家评价静安嘉里中心走『纯高端』路线。维基百科：静安嘉里中心位于上海静安区南京西路1515号、2009-2013年兴建、KPF建筑师事务所设计、三座塔楼（总建筑面积270017㎡、43层/58层），2013年开业商场。静安嘉里公寓官网：公寓为翻新后2013年重新面世的成熟物业、总高约30层、共133套精装公寓，大堂直连商业体。补充来源：https://zh.wikipedia.org/wiki/静安嘉里中心、http://www.shanghaiservicedapartments.com/news/221.html。部分核验（新华网+维基+公寓官网）。
案例E26,杭州万象城,部分核验,B,https://zh.wikipedia.org/zh-hans/杭州万象城,,2026-08-26,开业时间、体量、品牌构成,核心事实已确认,维基百科（杭州万象城）：正式名称为杭州华润新鸿基万象城，位于杭州钱江新城庆春路与富春路交汇处、华润置地和新鸿基地产联合投资；总占地150亩，一期购物中心和住宅悦府（三栋14万平米）2006年12月动工、悦府2008年建成，二期2011年4月11日开工（国际商业街区、26万㎡写字楼、悦玺酒店式公寓），一二期总建筑面积达80万平米、二期2015年建成；购物中心建筑面积24万平米（地上六层地下三层）2010年4月开业，入驻国际精品店、苹果Apple Store零售店、真冰滑冰场、杭州百老汇影城、SPA等；柏悦酒店2016年9月28日开业（凯悦集团中国第五家、顶高232米浙江最高酒店）。维基百科（万象商业）：杭州万象城2010年4月22日开业、CallisonRTKL主建筑、配套柏悦、M1级。补充来源：https://zh.wikipedia.org/zh-cn/萬象商業。部分核验（维基+产品线资料）；华润万象生活官方口径可补证。
案例E27,香港影湾园（海外）,部分核验,A,https://www.therepulsebay.com/zh-cn,,2026-08-26,资产构成、历史沿革、运营方,核心事实已确认,影湾园官网：浅水湾影湾园坐落港岛南区、由香港上海大酒店有限公司（半岛酒店集团）经营及拥有；位于国际知名的浅水湾酒店旧址、毗邻浅水湾沙滩、往返中环约十多分钟车程；提供服务式住宅及不连家具豪华住宅单位；影湾园购物商场（时尚店舖/医疗诊所/大型超市、宠物友善）；餐厅酒吧（露台餐厅/香辣轩/竹树吧）；住客会所、活动场地（婚宴/商务/庆祝）。维基百科：影湾园是浅水湾地标之一，建于已经拆卸的浅水湾酒店（1920年至1982年），建筑时特别将露台餐厅以仿古形式重建，延续香港知名酒店风情。补充来源：https://zh.wikipedia.org/zh-hans/影灣園。部分核验（半岛酒店集团官网+维基）。
案例E28,桔子酒店,部分核验,A,https://m.mp.oeeee.com/a/BAAFRD000020231120877458.html,2023-11-20,2026-08-26,品牌定位、产品迭代、规模数据,核心事实已确认,南方都市报（2023-11-20）：桔子酒店3.0布局华南；华住集团联席COO兼华南公司CEO沈怡均：『汉庭、全季、桔子为铁三角主力品牌先行发展和下沉』，全季和桔子3.0相似定价300-500元，桔子除商旅外还有休闲客和家庭出游客人（推出家庭房、亲子房）；桔子酒店CEO杨耀辉：桔子目前600多家店、节奏类似全季2019年阶段，今年桔子600多家店出租率接近85%、达到2019年的104%。维基百科（华住集团）：桔子酒店为中档酒店品牌、主打以『桔子』为标志的年轻活泼设计；华住2017年宣布收购桔子水晶酒店集团100%股权（2006年成立、旗下桔子水晶/桔子精选/桔子品牌总数超200家）。朱周空间设计：桔子酒店3.0上海田林路店2025年3月开幕，以LOHAS乐活为设计核心、橙色/绿色/棕色自然色彩语言。补充来源：https://zh.wikipedia.org/wiki/华住集团、https://www.vermilionzhou.com/portfoliogridbasic/project-one-p8m7r-6nwss-2m65l-tj5ag-kp64a-hazj3-b2sbp-a9wty-kjfb6-tsa3s-mlw76-83jxp-ha4yf-92kz4-b3mj6。部分核验（南方都市报+维基+设计事务所）。
案例E29,成都天府招商花园城,部分核验,A,https://www.benoy.com/zh-hans/新闻/2025/07/benoy-new-project-chengdu-tianfu-china-merchants-garden-city-ushering-in-park-inspired-retail-3-0,2025-07-01,2026-08-26,体量、开业、设计机制,核心事实已确认,Benoy（设计方）官方新闻（2025-07）：成都天府招商花园城开启『公园商业3.0』时代——『购物中心MALL+商业街』综合开发体量约30万平方米，本次开业的12万平方米天府花园城购物中心为该超级公园商业的核心载体；地铁6号线上盖TOD、地下层与地铁无缝衔接、L1至L3与轨道交通/城市步道互联；利用地形高差打造双首层空间（L1与L3自然贯通）；建筑以『竹』为核心设计语言、地上空间聚焦生态沉浸式体验；业态涵盖零售/餐饮/休闲，沿公园区域穿插轻食、露营等业态。新华网上海（招商商管2025全国招商大会）：招商花园城产品线定位『亲子家庭场』。补充来源：http://sh.news.cn/20250523/8bd26ad83fde4619bc40247dbbb192f4/c.html。部分核验（Benoy官方+新华网）。
案例E30,华润置地达尔文营地,部分核验,A,https://m.bjnews.com.cn/detail/1734407776168236.html,2024-12-17,2026-08-26,模式机制、课程体系、首个落地项目,核心事实已确认,新京报（2024-12-17）：日前北京润府达尔文营地正式开课，是华润置地为赋能儿童友好社区而打造的家门口的自然博物课堂；达尔文课堂有普适课程（松鼠的身体密码）、在地课程（种子的传播方式）、创作课程（创意松果小夜灯）；北京润府位于北京亦庄新中心、叠加地铁17号线，以『万象商业+』模式汇聚城市轨道/万象商业/优资教育/体育公园/城市枢纽/润心会所/品质住宅/商务办公/高精产业九大资源TOD综合体；营地引入专业知名机构、学校知名专家、KOL/KOC，把社区自然变成『第二课堂』；课程采用项目制PBL学习方法。davfang：24节气文化落实到本土风物、『1+3』课程模式（普适/在地/创作三大模块）、结合新课标改革与跨学科融合。补充来源：https://m.163.com/dy/article/JJK0OAA80512D3VJ.html、https://davfang.com/article/6704。部分核验（新京报）。
案例E31,曼谷NEXTOPIA（海外）,部分核验,B,https://www.xinmedia.com/article/304631,2025-10-14,2026-08-26,空间体量、主题定位、楼层位置,核心事实已确认,欣传媒（2025-10-14《泰国曼谷新景点！Siam Paragon「未来梦都NEXTOPIA」开箱》）：未来梦都NEXTOPIA占地超过15000平方公尺、横跨Siam Paragon的5楼与5A楼，不仅是购物区更被设定为『未来世界原型城市』、结合永续发展、科技、艺术。官方社交（Instagram/Threads）：NEXTOPIA主打永续×未来城市主题的综合空间、结合科技、创意以及可持续材料，暹罗百丽宫5楼。补充来源：https://www.threads.com/@ke6221/post/DYZ1WPbn9E2。部分核验（台湾媒体开箱+官方社交）；泰国官方渠道（siamparagon.co.th）可补证。
案例E32,深圳海洋中心城市更新,线索,B,https://m.163.com/house/article/GI6F03AF000788D9.html,2021-08-24,2026-08-26,名称对应与片区概况,案名无法精确定位,网易易眼看城（2021-08-24《深圳人，为何偏爱太子湾？》）：南山以建设全球海洋中心城市为目标，以赤湾片区、太子湾片区、蛇口片区为主要承载区，瞄准海洋科技、海洋文化、港口经济、邮轮经济等产业方向，打造12平方公里左右的蛇口国际海洋城。搜狐焦点：太子湾约170万㎡滨海城市综合体（招商太子湾）、三面环海。搜狐（2022-04）：太子湾商住项目分4期开发、一二三期已入市（办公/商务公寓）、四期为蛇口港码头区域住宅。补充来源：https://sz.focus.cn/zixun/ad420838075f4b94.html、https://www.sohu.com/a/577799573_120902270。线索（案名无法精确定位；最接近为南山『蛇口国际海洋城』，需原始资料确认具体所指项目）。
案例E33,北京三里屯太古里,部分核验,A,https://www.swireproperties.com/-/media/images/swireproperties/media/media-library/factsheets/taikoo-li-sanlitun/taikoo-li-sanlitun-factsheet_202407_sc.ashx,2024-07,2026-08-26,开业时间、开发主体、改造投入,核心事实已确认,太古地产官方资料（2024-07三里屯太古里factsheet）：项目位于北京朝阳区、为低密度开放式综合商业项目、自2008年开业以来持续运营。维基百科：三里屯太古里（前称三里屯Village/新三里屯）位于朝阳区三里屯路11号及19号、太古地产发展并拥有100%权益、2008年至2009年分阶段落成。知乎行业分析（2019）：2008年8月南区开业至今，三里屯太古里在硬件设施上的持续工程投入超过10亿元人民币——2010-2013为南区几栋楼体增建连桥、2012-2013拆除南区中心广场附近几栋楼玻璃幕墙结构、2014年开始实施红馆项目、2015-2016南区卫生间升级及同年N8楼整体改造；太古也一直对项目进行自我优化改造（现有建筑优化改造+整体项目扩张）。补充来源：https://zh.wikipedia.org/zh-cn/三里屯太古里、https://zhuanlan.zhihu.com/p/46874919。部分核验（太古地产官方+维基+行业分析）。
案例E34,上海曹路招商花园城,部分核验,A,http://sh.news.cn/20250523/8bd26ad83fde4619bc40247dbbb192f4/c.html,2025-05-23,2026-08-26,开业时间、体量、首店比例、经营数据,核心事实已确认,新华网上海（招商商管2025全国招商大会，2025-05-23）：上海曹路招商花园城凭借逾50%首店占比+36米『天环飞瀑』等特色场景矩阵，2023年底开业即引爆市场；2024年持续领跑，全年1500万客流、8.3亿销售额、17家品牌销售额超千万；创新性激活B1下沉广场打造沉浸式萌宠主题乐园『爪爪乐园』（未成年猫寄养服务、宠物卫生间、智能除味系统），把商业『冷区』变成爱宠人士社交枢纽；招商花园城产品线定位『亲子家庭场』。西部财富（2023-11-30）：新一代招商花园城11.30亮相浦东曹路——98%招商率、95%开业率、全场200+品牌、超50%区域首店、主力店100%区域首进、餐饮品牌90%区域首进。新浪上海（2023-04-04）：总建筑面积超15万平方米、规划近250家品牌入驻。补充来源：http://www.xfrb.com.cn/article/jj/13301246821993.html、http://sh.sina.cn/zw/2023-04-04/detail-imypfafh9749576.d.html。部分核验（新华网+西部财富+新浪）。
案例E35,墨尔本MECCA（海外）,部分核验,A,https://www.mecca.com/en-au/about-mecca/flagship,,2026-08-26,门店体量、业态组合、服务内容,核心事实已确认,MECCA官网（旗舰店页）：MECCA Bourke Street旗舰店为『most experiential beauty store on earth』级体验空间——三层空间聚合美妆/美发/美甲沙龙、店内草药师（naturopath）、眉睫服务、私人Beauty Atelier、高科技皮肤诊所、礼品夹层（gifting mezzanine）、香水Scentsorium、珠宝、刻字、穿孔服务；合作品牌含MECCA Aesthetica（临床皮肤护理）、The Melbourne Apothecary、Josh Wood Hair（伦敦发型师）、MECCA Beauty Atelier、Flowers Vasette（1989年创立澳洲花艺）、MARIA TASH（纽约珠宝穿刺）。MECCA官网（门店页）：299 Bourke Street、墨尔本、200+新品牌、7分钟步行至Melbourne Central。Instagram：Australia's biggest beauty store。补充来源：https://www.mecca.com/en-au/stores/mecca-bourke-street-L098、https://www.instagram.com/reel/DNAS0GzR79u。部分核验（MECCA官网）。
案例E36,上海西岸璇心Orbit,部分核验,B,https://www.decotv.com.tw/漩渦之心-中國上海。west-bund-orbit,,2026-08-26,建筑构成、设计方、开业时间,核心事实已确认,Deco TV：『西岸漩心』（West Bund Orbit）是位于上海徐汇滨江的公共空间，具有公众休闲、学术交流、文化演出及艺术展览等多元功能，由英国Heatherwick Studio负责建筑设计。Heatherwick Studio官方Instagram（2024）：西岸漩心为徐汇区黄浦江南延伸段、徐汇金融新区的核心公共建筑之一，为西岸艺术带增添新焦点。Facebook/购物设计（shoppingdesign）：以西岸金融城开发计划重要文化设施身份，把城市公共空间、商业机能与文化活动串联为一体，命名灵感来自水流旋转，以月桥为灵感打造可攀爬漫游的河畔建筑。补充来源：https://www.instagram.com/p/DIbcZrBS90H、https://www.facebook.com/shoppingdesign/posts/1350452960519522。部分核验（Heatherwick官方社媒+设计媒体）；官方渠道（西岸集团/徐汇区政府）可补证。
案例E37,华润置地超级场馆运营,部分核验,A,https://m.21jingji.com/article/20180623/14aeb6fa8720bcf5ee788a682be74e19.html,2018-06-23,2026-08-26,运营模式、场馆数据、片区统筹,核心事实已确认,21财经（2018-06-23）：深圳湾体育中心『春茧』2008年由深圳市政府与华润签署代建协议、2011年建成承接第26届世界大学生运动会、场馆商业运营不到一年即实现盈利；2013年华润与南山区政府签订合同、以自负盈亏方式运营场馆50年、物业权属归政府；2014年及2015年『春茧』成为并保持国内同类型场馆收入第一；2017年引进赛事/文化演艺/早教培训294场、年度人流量超600万人次；建设初期便把赛后运营充分考虑在内，使『春茧』在大运会后迅速完成转型；华润深圳湾总投资超200亿、总建面约120万㎡（深圳湾体育中心/春笋总部大厦/深圳湾万象城/华润艺术中心/金融大厦/安达仕酒店/瑞府悦府）。华润置地官网（2020-07）：西安三中心全面竣工运营、华润置地大场馆建设与片区统筹联动。新浪财经（2026-04-21）：华润置地运营的7大场馆入选国家级体育场馆典型案例（深圳大运中心/厦门奥体/三亚市体育中心入选『文商旅体融合型』等），华润文体在管体育场馆20个、管理面积超450万㎡，为唯一实现大型体育场馆全国化布局的运营方；深圳大运中心ROT模式、2025年51场大型演出128万人次观众；厦门奥体『演出+市集+首店』三维融合、2025年大型赛演超40场、外地观众占比超65%；三亚市体育中心累计大型赛演超41场、带动综合消费超30亿。补充来源：https://www.crland.com.hk/mediaReport/2020-07-03/1019772.html。部分核验（21财经+华润官网+新浪财经）。
案例E38,成都春熙路voco酒店,部分核验,A,https://www.ihg.com/voco/hotels/us/en/chengdu/ctucu/hoteldetail,,2026-08-26,品牌归属、开业时间、物业改造,核心事实已确认,IHG官网：成都春熙路voco酒店为洲际酒店集团旗下高端生活方式品牌、位于成都核心商圈、步行可达春熙路/太古里/盐市口，旺中带静。观点网：四川锦栖雅庭酒店管理有限公司与洲际集团联袂打造、川内首家voco品牌项目2025年8月28日正式开业，位于成都锦江区东大街上东大街段9号，融合蜀地文化与妙趣艺术、『改造不是推倒重来，而是唤醒空间记忆』（总经理顾俊）；203间客房、主力客房面积50㎡以上、配备会议室/健身房/宴会厅/大堂咖啡/屋顶花园式早餐厅。IHG开发网：voco品牌2018年推出、全球137家开业酒店27913间客房、大中华区32家6329间，为老物业改造提供灵活产品标准。补充来源：https://www.development.ihg.com.cn/home/our-brands/voco。部分核验（IHG官方+观点网）。
案例E39,大同古城东南驿,部分核验,A,https://paper.people.com.cn/rmrb/pc/content/202508/13/content_30095577.html,2025-08-13,2026-08-26,改造时间、街区形态、运营活动,核心事实已确认,人民日报（2025-08-13《创新消费场景 千年古城焕新生》）：2023年6月大同古城东南邑历史文化街区改造完毕，以城市再生与更新为主题举办『寻邑』当代艺术季，依托7个古建院落展出80位左右国内艺术家作品。象界设计机构：东南邑是对古城改造的一次全新探索，设计保留基地文脉根源与场地记忆、注重多元化使用场景，为古老街区引入111棵大树。gooood谷德设计网同源。补充来源：https://xjbigvision.com/home/view/index/id/258.html、https://www.gooood.cn/the-southeastern-district-of-datong-ancient-city-by-xiangjie-design-agency.htm。部分核验（人民日报+设计事务所）；案名『东南驿』应为『东南邑』（大同古城历史文化街区）。
案例E40,长沙观沙岭招商花园城,部分核验,A,https://m.winshang.com/news729117.html,2024-11-15,2026-08-26,开业时间、体量、业绩数据,核心事实已确认,赢商网（2024-11-15）：长沙观沙岭招商花园城开业，招商蛇口商管在营商业面积突破500万平方米、聚焦『海上世界』『招商花园城』旗舰产品线。三益DESIGN（设计方）：项目为总面积达18万平方米的超级综合体，以高达95%的商户开业率、超21万人次开业当日客流量、单日销售额突破1000万元以及开业前三天25个品牌业绩表现亮眼收官。凤凰网湖南：3公里范围内达到41万人，拥有20+泛运动娱乐项目、面积超1500㎡的双层亲子运动场，『乐园+运动+美食』综合业态。补充来源：http://www.archina.com/index.php?g=works&m=index&a=show&id=157933、https://hunan.ifeng.com/c/8eXJhLUnHsV。部分核验（赢商网+设计方+凤凰网）。
案例E41,深圳前海冰雪世界,部分核验,A,https://qh.sz.gov.cn/sygnan/qhzx/zthd_1/qhgnz/shzqh/xf/sqjd/content/post_11563471.html,2024-11-22,2026-08-26,体量、业态、开业时间,核心事实已确认,深圳前海管理局（前海官网）：华发冰雪世界项目位于深圳宝安空港新城综合区，总投资超296亿元，占地面积约43万平方米、总建筑面积约131万平方米，以冰雪主题为核心特色，涵盖全球规模最大室内滑雪场（超雪中心）、室内深潜基地（约33米深）、超创方舟办公群、城市中轴绿洲客厅、JW万豪酒店、纯粹人才社区、新运动社群商业等七大业态；超雪中心馆内全年恒温零下、分上下两层、设租赁区/休息区/餐饮区/滑雪学校/VIP室，可承办国际滑雪赛事，配Funmix商业街（含室内深潜基地）、2.1万㎡城市绿色中轴；计划2025年10月试营业。benic360（2025-09-19）：正式开幕、滑雪区10万㎡、5条雪道总长1569米（最长463米）落差83米、超越迪拜Ski Dubai/上海耀雪冰雪世界、世界最大室内滑雪场。SSW Board House：2025-09-29开业、总投资超296亿、全球最大室内滑雪场、5条专业赛事雪道最长441米落差83米、FIS认证。补充来源：https://www.benic360.com/activity/123、https://ssw.snowboard-world.com。部分核验（前海管理局官方+行业媒体）；开业日期存在9月19日与9月29日两种说法，以官方为准。
案例E42,LV成都源野活动,部分核验,C,https://www.onsiteclub.com/case/LOUIS-VUITTON-CHENGDU-SHUAQI-POP-UP-CD-2025-10-19,2025-10-19,2026-08-26,活动内容、时间地点,核心事实已确认,ONSITECLUB（现场记录）：路易威登『成都耍起』限时空间于2025年10月17日至10月22日在成都REGULAR源野举办，书籍展陈核心区集中陈列新版《路易威登城市指南》成都版等。Facebook视频：LV《成都耍起》在REGULAR源野公园落地。LV官网（路易威登中文杂志-艺术与文化）：品牌持续以限时空间/展览方式落地城市地标（Espace艺术空间、展览、书籍项目）。补充来源：https://www.facebook.com/kuma5201314/videos/1135300248761981、https://www.louisvuitton.cn/zhs-cn/magazine/arts-and-culture。部分核验（现场记录平台+LV官方杂志参考）；官方渠道（LV官网专题页）可补证。
案例E43,南昌万象城,部分核验,A,https://m.winshang.com/news697636.html,2022-03-31,2026-08-26,开业时间、体量、品牌规模,核心事实已确认,赢商网（华润万象生活2022年新项目）：南昌万象城占地8.1万㎡、总建筑面积42.76万㎡，涵盖14万㎡购物中心及249米、100米超高层建筑；着力打造南昌最高端商业综合体，规划中心花园/阳光美食区域/儿童主题区/Foodhall等主题，汇聚400多家优质品牌、超120家江西首进品牌；『室内空间室外化』设计理念、六个大采光天窗、三个特色主中庭。联商网：项目2022年10月开业以来持续引入首店（2023年50家新品牌20家首店、2024年128家新品牌59家首进），打造高端户外品牌矩阵、慢闪街区GARDEN No.388 STREET，联动全国最大摩天轮南昌之星与赣江目的地属性。东方证券研报：2022-10-01开业、约400家品牌、超45%首进品牌、首日15万客流零售额2000万元、国庆期间客流88万人次零售额近8000万。补充来源：https://www.linkshop.com.cn/web/archives/2025/235037.shtml。部分核验（赢商网+联商网+券商研报）。
案例E44,天津万象城,部分核验,A,https://tj.sina.cn/syzx/2020-04-13/detail-iircuyvh7528809.d.html,2020-04-13,2026-08-26,更名沿革、体量、品牌调改,核心事实已确认,新浪天津（2020-04-13《银河变『万象』一周年》）：天津万象城2019年4月由原银河国际购物中心更名而来，占据天津最具消费力的文化中心区位；更名后开启一系列品牌业态调改——特色女装（Sandro/maje/MAX&Co./Y-3/COS等）、餐饮（Lè Living乐姿生活/鱼酷/湊湊/星巴克甄选等）差异化布局；2019-06举办《再亚洲》中日艺术潮流展、2019-09时尚大秀，以艺术时尚氛围强化『城市地标』定位。赢商网：天津万象城、华润置地、已开业、开业时间2019-04、建筑面积26.2万㎡、购物中心。戴德梁行：项目位于天津友谊路商圈。补充来源：http://m.winshang.com/xm15189.html。部分核验（新浪天津+赢商网+戴德梁行）。
案例E45,武汉嘉佰汇,部分核验,A,https://sw.wuhan.gov.cn/xwdt/mtbd/202507/t20250715_2619947.shtml,2025-07-15,2026-08-26,开业时间、体量、业态定位,核心事实已确认,武汉市商务局（转载大江金岸，2025-07-15）：6.5万㎡嘉佰汇首期7月底开街，为宸嘉100综合体重要组成部分，以『城市新生活倡导者』身份亮相；采用创新MALL+BLOCK街区形态、菱形设计元素解构建筑美学；瞄准旗舰店级品牌商户——新荣记荣轩华中首店、六公馆内地首店、田无罗湖北首店等米其林及亚洲高品质特色美食，日式微高压氧舱丰禾健康城市首店，隽嘉会FITNESS健身会所；汇聚月台公园和嘉艺术内容、打造武汉独一无二的公园策展式商业；7月每周末在月台公园落地『嘉佰汇生活节』。湖北日报（2025-08-15）：武汉嘉佰汇于二七滨江国际商务区正式开业（江岸区政协副主席等出席）。杰恩设计：2025-08-15商业示范区正式开业、二七沿江商务核心区、『滨江旗舰型商业』。补充来源：https://news.hubeidaily.net/mobile/c_4410878.html。部分核验（武汉市商务局+湖北日报+设计方）。
案例E46,广州悦汇城,部分核验,A,https://huacheng.gz-cmc.com/pages/2020/10/01/56d4f1837fdd452996f2b03df068c40b.html,2020-10-01,2026-08-26,开业时间、体量、旧改投入、空间设计,核心事实已确认,广州日报（花城+，2020-10-01）：2020年9月26日悦汇城正式开业，建筑面积达28万㎡、广州第二大单体购物中心，位于荔湾区西湾路；历经600天商业旧改、投入近10亿元，将财富天地鞋业广场转型升级为一站式商业综合体；『园蝶蜕变』设计理念——外立面以蝴蝶头部为意向的玻璃晶体、800多平方米媒体幕墙、近2000㎡360度LED全景环绕『蝶舞广场』、全场约114块屏幕、博粤庭/蝶趣园/花影堂/白云涧主题中庭；超60%品牌首次进驻城西商圈、80多家食肆、陶陶居·丽宴全国首个宴会主题店2200㎡。赢商网：开业首日30万人打卡、广州第二大MALL。越秀产业基金：近300个品牌、CGV IMAX影城、亲子娱雪项目『乐漫』等。补充来源：http://m.winshang.com/news674879.html。部分核验（广州日报官方+赢商网+越秀产业基金）。
案例E47,桔子酒店上海旗舰店,部分核验,A,https://www.vermilionzhou.com/portfoliogridbasic/project-one-p8m7r-6nwss-2m65l-tj5ag-kp64a-hazj3-b2sbp-a9wty-kjfb6-tsa3s-mlw76-83jxp-ha4yf-92kz4-b3mj6,2025-03,2026-08-26,开业时间、改造对象、设计理念,核心事实已确认,朱周空间设计（设计方）：桔子酒店3.0上海田林路店2025年3月开幕，地址上海徐汇区田林路1号；以LOHAS乐活为设计核心（橙/绿/棕自然色彩），大堂『自由Liberty』开放多功能布局、可再生材质应用（碎瓶回收家具、秸秆麦秆拖鞋杯具）。环球旅讯（2025-09）：上海徐家汇商圈迎来桔子酒店3.0华东市场首家大体量旗舰店——桔子上海徐家汇田林路酒店，前身为拥有33年历史的上海田林宾馆，改造后约200间客房，同步推出智能服务与亲子主题房。南方都市报：桔子3.0客户平均复购率45%、平均出租率87%。补充来源：https://www.traveldaily.cn/article/171891。部分核验（设计方+行业媒体+南都）；开幕时间存在3月（设计方）与9月（行业媒体）表述差异，疑为试营业与正式开业之别。
案例E48,曼谷伽利略绿洲（海外）,部分核验,B,https://art4d.com/en/2022/02/galileoasis,2022-02,2026-08-26,项目构成、定位、历史沿革,核心事实已确认,art4d（曼谷权威建筑/设计杂志）：GalileOasis为隐藏在Banthat街（曼谷老城区）的新兴项目，包含画廊（gallery）、剧院（theater）和咖啡馆（café），作为一座『绿洲』服务于创作者与社区。Medium（曼谷副本）：GalileOasis是曼谷疫后重生的『商业』剧场——由剧团成员创办，取名融合布莱希特《伽利略传》（猜测）+Oasis，为创作者与当地居民打造一方绿洲；含剧场演出、艺术驻留、咖啡空间。Trip.com：伽利略绿洲是曼谷隐藏的当地艺术和文化中心，充满在地特色、艺术气息和商业活力，名字灵感来自戏剧《伽利略的一生》中的场景、致敬科学与文艺复兴精神。补充来源：https://medium.com/曼谷副本/今晚睡剧场-曼谷疫后重生的-商业-剧场-galileoasis-eac7dd3d05e8、https://my.trip.com/moments/detail/bangkok-191-133141227。部分核验（art4d设计杂志+社区记录+OTA）；官方渠道可补证。
案例E49,MFG写字楼,部分核验,A,https://innovation.ifeng.com/c/8Ukr81mWGGz,2023-11-16,2026-08-26,运营模式、规模、合作方式,核心事实已确认,凤凰网创新（2023-11-16《打造高奢『第三办公空间』，写字楼运营商MFG的生意经》）：传统写字楼企业通过部分调改或联合整改的形式与运营商进行『服务式办公』模式合作，由合作方负责装修和空间运营，租赁客户可拎包入驻；MFG定位高奢『第三办公空间』，运营多个甲级写字楼项目。知乎（2022-09-28）：以MFG为代表的高端写字楼运营服务商正成为新一代商办『主力店』，突破办公形态桎梏。MFG官网：MFG创客联邦为国家级众创空间，提供联合办公与移动办公解决方案、一站式办公服务。补充来源：https://www.mfgchn.com/office/interior/coworking.html、https://zhuanlan.zhihu.com/p/569015830。部分核验（凤凰网+公司官网）。
案例E50,凯德广场·金牛,部分核验,A,https://www.capitaland.com/cn/zh/shop/malls-listing/capitamalljinniu.html,,2026-08-26,项目沿革、焕新策略、经营数据,核心事实已确认,凯德官网：凯德广场·金牛位于成都市金牛区中心地带、主要面向家庭消费群体，拥有13000㎡空中花园（咖啡馆/宠物园/两个多功能运动场/儿童游乐场/青年活动区/老年健身区），为当地社区社交中心（交大路183号）。赢商网（2026-06）：凯德广场·金牛是成都第一家购物中心，20年间逐步迭代为综合性生活方式目的地，常年位列成都人气购物中心TOP3；2026年以来围绕悦己消费/品质生活/潮流社交/家庭陪伴四大需求，走完20年的沃尔玛开出『全新一代店型』全国首店，项目顺势释放空间启动品牌迭代——截至2026年6月底焕新品牌租赁面积超2万㎡、全新引入品牌超60家（丁海记购物中心首店、绿茶西南首店山野风店型、泥窝成都首店等）。补充来源：https://m.winshang.com/news741083.html。部分核验（凯德官网+赢商网）。
案例E51,深圳前海壹方城,部分核验,A,https://www.fangchan.com/industry/25/2021-09-23/6846390088520504250.html,2021-09-23,2026-08-26,开业时间、体量、经营数据,核心事实已确认,中国房地产报（鸿荣源壹方商置品牌报道）：深圳壹方城（前海）为中国前海36万㎡多元主题体验MALL、深圳目前单体体量最大的购物中心，2017年10月28日开业；开业以来年度客流总量稳居深圳第一、销售总额蝉联华南前五；2021上半年加速『提档调新』，以『首店+特色店+形象店+旗舰店』组合引入Cartier/GUCCI/IWC/sisley/fresh/Jo Malone等潮奢品牌；创新打造2000㎡『星辰馆』策展空间，为深圳首个购物中心新能源汽车展（蔚来/特斯拉/比亚迪等八大品牌）。维基百科：前海壹方城位于宝安区新安街道新湖路99号、鸿荣源集团开发、2017-10-28开业、建筑面积近36万㎡，建成时为深圳单体规模最大购物中心；2023年营业额75.6亿人民币、为深圳营业额第三（仅次于深圳万象城/深圳湾万象城）。补充来源：https://zh.wikipedia.org/zh-hans/壹方城。部分核验（中国房地产报+维基）。
案例E52,上海LV巨轮,部分核验,A,https://www.louisvuitton.cn/zhs-cn/magazine/articles/visionary-journeys-shanghai,2025-06-28,2026-08-26,建筑形态、空间构成、开放时间,核心事实已确认,LV官网（路易威登杂志）：路易威登在上海启幕全新概念地标『路易号』（The Louis），以壮观华美的游轮造型亮相，位于上海核心地带；空间内含格调雅致的零售区、Le Café Louis Vuitton餐厅，以及沉浸式『非凡之旅』（Visionary Journeys）展览（横跨两层，由OMA工作室重松象平设计的『Trunkscape』等展厅）；6月28日正式对公众开放，地址上海市南京西路789号兴业太古汇。GOCHINA：『路易号』高逾30米、全球唯一采用巨轮造型的LV展览空间，总1600㎡三层复合空间（1F展览需预约/2F精品店免预约/3F Le Café Louis Vuitton餐厅需预约）、红银相间外观、夜晚灯光特效。补充来源：https://gochina.com.tw/louis-vuitton-voyager。部分核验（LV官方+旅游媒体）。
案例E53,北京阿派朗创造力星球,部分核验,A,http://www.bjchy.gov.cn/slh/bmdt/4028805a967b28c701967b80565101a0.html,2025-04-28,2026-08-26,开业时间、规模、改造对象,核心事实已确认,朝阳区政府（朝阳公园官方）：2025年4月26日阿派朗创造力星球于朝阳公园正式开业，占地27000㎡，在原2008年奥运沙滩排球场地基础上改造升级，以『科技+自然』为核心打造『沙水科技宇宙』。乐丘游乐（设备商）：北京阿派朗创造力乐园2022年9月开园，为北京首座将前沿科技转化为亲子游玩体验的户外智玩IP乐园，位于北京通州绿心森林公园、面积80000㎡，开园后迅速成为现象级亲子游乐项目。百度百科：北京阿派朗创造力科技有限公司成立于2017年3月8日，通过人工智能、混合现实与机器人技术打造阿派朗创造力乐园。补充来源：http://www.lucqgroup.com/case/info.aspx?itemid=91。部分核验（朝阳区政府官网+设备商+工商信息）；注意存在两个项目：朝阳公园『创造力星球』（2025-04-26，2.7万㎡，奥运沙排场地改造）与通州绿心『创造力乐园』（2022-09，8万㎡）。
案例E54,北京鼎好DH3,部分核验,A,https://zyk.bjhd.gov.cn/ywdt/hdywx/202304/t20230420_4597816_hd.shtml,2023-04-20,2026-08-26,改造沿革、定位转型、呈现效果,核心事实已确认,海淀区政府（2023-04-20《鼎好大厦蝶变归来 打造科技商务综合新地标》）：更新后的鼎好DH3楼体干净简洁、一层大厅配套咖啡厅、电梯高低分区、秩序井然。百度百科：鼎好电子大厦2003年7月开业，曾与海龙电子城、中关村e世界共同构成中关村电子卖场『黄金三角』；随区域产业升级2020年启动全面改造，2025年1月以『鼎好DH3』新形象亮相。知乎（2025-01）：一座建筑『乘风破浪』的10年——鼎好DH3新生之路，建筑一度领跑时代、是中关村初代创业者的集散地，2019年启动改造，随中关村整体定位转变从电子大卖场转型。补充来源：https://zhuanlan.zhihu.com/p/7383853055。部分核验（海淀区政府+百度百科+行业分析）。
案例E55,成都天府大悦城,部分核验,A,https://m.winshang.com/news728778.html,2024-10-30,2026-08-26,开业时间、体量、经营数据,核心事实已确认,赢商网（2024-10-30《10个月过去，开业即爆红的成都天府大悦城现状如何？》）：项目锚准品质新中产，娱乐体验/服务业态占比超40%、餐饮首进区域品牌占比超35%（园里火锅/麓月创意新川菜/上井精致料理等）；独创近30米高、8000㎡开放式空中花园『Joyland遇de岛』公共空间；盒马鲜生/奈尔宝/优衣库/句象书店/博纳国际影城IMAX店等高频消费+体验消费双循环。新商业之家（碧物客）：2024年12月30日正式营业，为成都第二家大悦城、天府新区总部商务区首个开业的超大型购物中心；开业三日总客流50万人次、销售额超5000万、93%整体开业率；总面积30万㎡（购物中心15万㎡）、布局商场/写字楼/酒店公寓/住宅；L5-L7聚集100+美食品牌；开业打出『迪士尼IP（冰雪奇缘10周年灯光限定展12大梦幻场景）+音乐盛典+市集』组合拳。WT Asia：总体量30万方、购物中心15万㎡。补充来源：https://www.biwuke.com/134/zixuninfo/20.html。部分核验（赢商网+新商业之家+造价服务方）。
案例E56,锦和集团越界系列,部分核验,A,http://www.xinhuanet.com/house/sh/zt/140619_jhsy/140619_jhsy.html,2014-06-19,2026-08-26,品牌沿革、运营模式、规模,核心事实已确认,新华网上海（2014-06《文化创意产业园的锦和模式》）：锦和商业从2007年开始涉足文创产业园，旗下运营管理『越界』系列文化创意商用物业已达18个，走出上海拓展至杭州/南京/苏州；『越界创意园』『越界·永嘉庭』『越界·智造局』等为上海知名创意产业园区；『越界』2013年成为上海市首个园区运营管理服务著名商标；核心能力为商用物业一站式全产业价值链整合运营（价值发现：发掘既有建筑新价值；定位：契合城市既有物业本源文化及功能属性）。锦和商管官网：锦和商业2007年成立、2020年4月登陆上交所主板（603682）、2022年5月更名锦和商管；项目遍及上海/北京/杭州/南京/青岛——锦和越界衡山路8号、越界锦和尚城、锦和紫安大厦、越界陕康里、越界世博园、越界田林坊、越界梦幻城、北京越都荟等。补充来源：https://www.iyuejie.com。部分核验（新华网+公司官网）。
案例E57,郑州亳都·新象,部分核验,A,http://www.ha.xinhuanet.com/20251002/9a434d4ee59c4dd38ca6c92d784063d4/c.html,2025-10-02,2026-08-26,开业时间、规模、文化定位、客流数据,核心事实已确认,新华网河南（2025-10-02《亳都有新象，这个新地标新在哪》，河南日报）：2025年9月29日郑州亳都·新象文化商业街区开业、当日客流量突破10万人次，随后两天屡攀新高；位于郑州市管城区文庙东侧、东临商代城垣遗址、西接全国第二古老文庙；首店占比超四成、大量首店/本地旗舰品牌及特色业态，是首发经济策源地；构建『文化—消费—产业』三位一体价值生态。人民网河南（2024-06-25）：亳都·新象2024河南省旅游发展大会重点观摩项目，坐落管城区、占地约46亩、3条主街/多条巷道/15所主题院落及北广场/亳丘广场/儒风广场/南广场4个文化主题广场；整体规划76个店铺，营造『文、商、旅、景、城』共生融合；亳都广场以商城出土陶文为灵感、黄铜金属板刻甲骨文/金文/小篆等『亳』字，11号院『滴水瓦特色水幕』景观墙。潮新闻：作为郑州商代都城遗址文化片区首开地块，规划米其林品牌餐厅/主题餐酒吧/潮玩零售/新中式民宿等多元业态。补充来源：http://henan.people.com.cn/BIG5/n2/2024/0625/c351638-40890264.html、https://tidenews.com.cn/news.html?id=2825622。部分核验（新华网+人民网+潮新闻）。
案例E58,The Exchange TRX Mall（海外）,部分核验,B,https://en.wikipedia.org/wiki/The_Exchange_TRX,,2026-08-26,开业时间、体量、租户构成,核心事实已确认,"维基百科（EN）：The Exchange TRX位于吉隆坡敦拉萨国际贸易中心（TRX）、前名TRX Lifestyle Quarter，开发商Lendlease Development Malaysia、业主LQ Retail Sdn Bhd（Lendlease与TRX City合资）；占地17英亩、零售面积120,000㎡（130万平方英尺）、400+店铺、4个主力租户（Aurum Theatre/西武Seibu/Mercato/Apple）、5层、3层停车、联通Tun Razak Exchange MRT站；2017年动工、2023年11月29日对公众开放（与TRX片区运营同步）。官网：Market Lane新街区（独立工匠/独立设计师/创意创业者策展）、Apple马来西亚首店（提供Today at Apple课程）、Maison Kitsuné等。补充来源：https://www.theexchange.my、https://www.lifestyleasia.com/kl/。部分核验（维基EN+项目官网）；与B008批次案例C62（Exchange TRX）为同一项目、索引层重复去重候选。"
案例E59,雄安寻环XLOOP,部分核验,A,https://www.xiongan.gov.cn/20250503/bbaaf02bd6944e529ccca3d0191e19fb/c.html,2025-05-03,2026-08-26,开业时间、体量、业态定位,核心事实已确认,雄安新区官网（2025-05-03《亮点纷呈！雄安商务服务中心寻环XLOOP集中商业全新业态》）：项目商业面积约2.9万㎡、共5层，楼内POPBLUE家庭成长中心、亚秘谷宠物星球等主力品牌首次亮相。雄安新闻网（2025-05-01）：2025年5月1日『五一』小长假首日，雄安商务服务中心寻环XLOOP集中商业正式开业，解锁雄安文旅度假新场景。雄安新区官网（2025-05-02）：寻环XLOOP集中商业是继商业环廊和地面商街之后的全新商业空间，以『亲子家庭』为客群、面向0-12岁婴童及其家庭，配备大型室内乐园。补充来源：https://xanews.org.cn/2505/434112.html、https://www.xiongan.gov.cn/20250502/3ce9b1bfc1794265937d4c36a93e4b75/c.html。部分核验（雄安新区官网官方）。
案例E60,东莞奇云广场,部分核验,A,https://www.dg.gov.cn/shilong/jjsl/tpxw/content/post_4435335.html,2024-12-31,2026-08-26,开业时间、体量、TOD业态,核心事实已确认,东莞市政府（石龙镇，2024-12-31《搭地铁来逛莞北商业新地标》）：旗云广场项目冲刺年底开业，招商率超75%、成功签约品牌近百家，包括华为智能生活馆、中影IMAX影城、鹏泰超市以及东莞首家名创优品旗舰店、乐沙儿等。东莞时间网（2025-12-31）：旗云广场60+首店激活莞北商业——东实集团倾力打造的13万㎡TOD公园式购物中心2025年12月31日正式开业；坐落东莞站TOD核心区、地铁2号线与广深莞城际『双轨交汇』、『出站即商场』；创新融入POD公园式开发理念、『Mall+开放式街区』立体空间设计（垂直绿化/玻璃穹顶）；近百家品牌中60余家为东莞或区域首店旗舰店（鹏泰超市东莞首家旗舰店、莞北首家IMAX巨幕影城寰象影城、特斯拉体验店、精灵岛家庭娱乐中心）。观点网：招商率90%、开业率超85%、央视春晚『神马』空降。补充来源：https://pub.timedg.com/a/2025-12/31/AP6954f316e4b0f82c78f48ce0.html、https://www.guandian.cn/m/show/534918。部分核验（东莞市政府+东莞时间网+观点网）；案名『奇云广场』应为『旗云广场』。
案例E61,KITTE大阪,部分核验,B,https://www.japaholic.cn/archives/5294,2024-05-03,项目构成、开业时间、体量,核心事实已确认,Japaholic（2024-05-03）：『JP TOWER大阪』2024-03-12完工、直结大阪车站；『KITTE大阪』2024年7月开幕，地下1层至6层商业、约150店铺，6层剧场Sky Theater MBS约1300席，7-8层及29-38层THE OSAKA STATION HOTEL Autograph Collection 418间客房，11-27层西日本最大规模办公（基准层约4000㎡）；保留旧大阪中央邮局部分建筑与4层挑高中庭；事业主体含日本邮便/西日本旅客铁道/大阪ターミナルビル/JTB。富士达官网确认2024年竣工。JPビルマネジメント官网确认复合用途（商业/酒店/剧场/办公）与418室。补充来源：https://www.fujitec.co.jp/、https://jp-building.co.jp/properties/ＪＰタワー大阪。部分核验（专业媒体+企业官网）。
案例E62,深圳Kaledo,部分核验,B,http://www.irgroad.com/irgnews.aspx?id=8906,2024-11-01,项目定位、体量、开业时间、改造前身,核心事实已确认,中购联/铱星云商：Kaledo嘉乐道由保利文化广场原天虹、家乐福超市改造而来，位于深圳南山后海粤海街道（地铁后海站），体量约6万㎡，定位『都市自然主义文化商业体』，由卓越商业×超级像素联手打造；约5000㎡骑行公园（深圳商业首个商场单车径）、剧场式叙事空间；引入ZZER只二华南首店、多抓鱼巡游商店华南首站等。todaycommercialnews（2024-11-17）确认Kaledo正式开业。当代中国（2024-11-21）：Kaledo源自Kaleidoscope万花筒，B1层下沉公园，2024年8月『特皮市·街角咖啡节』。补充来源：https://todaycommercialnews.com/m/hk/61070、https://www.ourchinastory.com/zh/13489。部分核验（行业媒体）。
案例E63,深圳湾万象天地,部分核验,B,https://zh.wikipedia.org/zh-hans/%E6%B7%B1%E5%9C%B3%E8%90%AC%E8%B1%A1%E5%A4%A9%E5%9C%B0,2017-09-27,开业时间、体量、空间形态,核心事实已确认,维基百科：深圳万象天地（MixC World）位于南山区深南大道9668号，2017-09-27开业，建筑面积约23万㎡（信息框26万㎡），华润置地开发运营，含室内购物中心+开放式街区。百度百科：华润城商业中心核心项目，『街区+mall』空间规划、10座独栋旗舰店、近300店铺超1000品牌约30%首进深圳、华润置地首个自运营人文剧场、华南首家诚品生活；2024-09-05华南首家HAUS NOWHERE（6914㎡）开业。赢商网：2017-09-27开业、首创『MALL+街区』商业新形态、1600㎡时光广场。补充来源：https://baike.baidu.com/item/深圳万象天地、https://m.winshang.com/news635181.html。部分核验（百科+行业媒体）。
案例E64,成都regular原野,部分核验,B,https://www.onewedesign.com/biaoqian1/47-3365.html,2025-07-24,项目定位、体量、开业时间、空间形态,核心事实已确认,onewedesign：REGULAR源野位于天府二街大源中央公园内（业主方成都高投），商业面积6528.72㎡、层高5.5m仅规划1F、地下1层半开放式街区，2021年9月开业（2021年7月首批空间开放），三座下沉中庭（北/西/东3个花园）围绕1个公共空间gregarious；由方所与REGULAR团队联手打造的存量改造社区商业。空间印象：坐落大源中央公园负一层、紧邻地铁5号线大源站、层高约5.5m，20+主理人品牌（面包会有的、tazaTé、in the Park等）。ZUCZUG官网：依托三座下沉中庭周围的市政配套存量开发。补充来源：https://m.sidd.com.cn/yanjie/967.html、https://www.zuczug.com/。部分核验（设计/行业媒体+品牌方）。
案例E65,拉斯维加斯Sphere,部分核验,B,https://www.archiposition.com/items/20240415052147,2024-04-15,规模、投资、开业时间、运营模式,核心事实已确认,"POPULOUS（archiposition转载）：Sphere球形场馆近100万平方英尺（约9.29万㎡）占地、全球最大球形结构建筑，内外部皆可呈现沉浸式影像内容。维基百科：威尼斯人酒店球体馆（Sphere）占地875,000平方英尺（约81,300㎡）、2023年9月底启用，全球最大球形建筑物。补充：项目投资约23亿美元、为拉斯维加斯新地标，内屏LED全覆盖『世界最大球幕』，外部Exosphere可作为巨型广告屏。补充来源：https://zh.wikipedia.org/zh-hans/威尼斯人酒店球体馆。部分核验（设计方官方发布+百科），投资金额待官方确认。"
案例E66,广州正佳广场赛博天街,部分核验,B,https://baike.baidu.com/item/%E6%AD%A3%E4%BD%B3%E8%B5%9B%E5%8D%9A%E5%A4%A9%E8%A1%97/67712325,2025-01-01,开业时间、位置、业态定位,核心事实已确认,百度百科：正佳赛博天街位于广州正佳广场7楼，以赛博朋克为核心风格的室内主题街区，2025年1月开业，定位年轻人夜娱生活聚集地，融合剧场、COS秀、市集等。人民论坛网（2025-08-19）：正佳广场2005年开业、华南首个购物主题AAAA级景区；2023年客流同比增长51%、销售额增长23%，2023年新增正佳企鹅冰雪世界与国内首家元宇宙运动空间『正佳赛博运动空间』；正佳极地海洋世界2016年开业首年游客100万人次。补充来源：https://www.rmlt.com.cn/2025/0819/738009.shtml。部分核验（百科+权威媒体）；正佳广场文旅化进程佐证『商业+旅游+文化』模式。
案例E67,广州太古汇二座,部分核验,A,https://www.swireproperties.com/zh-cn/portfolio/current-developments/taikoo-hui-guangzhou/taikoo-hui-tower-1-and-2,2026-01-01,办公楼体量、楼层、连接性,核心事实已确认,太古地产官网：太古汇二座为楼高24层甲级办公楼、办公楼层总楼面面积约71万平方呎（约6.6万㎡）；一座为39层甲级办公楼、约105万平方呎（约9.7万㎡）；两座办公楼均以内部通道直连购物商场、广州文华东方酒店、文化中心及广州地铁1/3号线与BRT，获LEED金级认证；租户组合为金融、投资服务及专业服务机构。ArquitectonicaGEO：太古汇购物中心为全球首座获LEED铂金认证的封闭式购物中心。补充来源：https://arquitectonicageo.com/zh/project/taikoo-hui-2。部分核验（开发商官方口径）；二座为写字楼资产，属存量写字楼与商业综合体协同激活案例，落成时间待补。
案例E68,纽约哈德逊广场,部分核验,A,https://www.hudsonyardsnewyork.com/hadexunchengshiguangchang,2019-03-01,规模、投资、开业时间、业态构成,核心事实已确认,Hudson Yards官网（中文站）：曼哈顿西区全新社区，商业与零售、酒店、住宅、办公综合开发，约6公顷花园广场游乐场、三大新公园、半数面积用于公共用地；紧邻高线公园与新7号线。国泰航空（2019-03）：第一期2019年3月正式揭幕，占地11公顷、耗资约250亿美元，美国史上最大私人地产项目，预计2025年全部完成；地标Vessel与The Shed艺术中心构成文化场景。补充来源：https://www.cathaypacific.com/cx/zh_HK/inspiration/travel/hudson-yards-rises-new-york.html。部分核验（开发商官网+权威媒体）；『250亿美元』为开发商口径。
案例E9,TODAY'S SPECIAL,部分核验,A,https://www.todayspecial.jp,2026-01-01,品牌定位、门店分布,核心事实已确认,TODAY'S SPECIAL官网：『食与生活的DIY商店』（今日を特別にする食と暮らしのDIY），以『今天的特别发现』『送礼的乐趣』为核心，在东京自由之丘（本店）、涩谷Hikarie ShinQs、新宿LUMINE2、神户BAL等设店，商品涵盖食器、食材、衣料、书籍、植物等生活道具，各店依地域特色展开选品与活动（MARCHE市集）；隶属CULTIVATIVE SEVEN集团。连锁业态以『食+生活』复合选品店激活城市社区商业。补充来源：自由之丘店=目黑区自由が丘2-17-8。部分核验（品牌官网一手来源）。
案例D10,阿那亚第一食堂,部分核验,A,https://www.aranya.cc/quan-wei-yun-ying/can-yin.html,2026-01-01,食堂体系、经营模式、业主身份机制,核心事实已确认,阿那亚官网（全维运营·餐饮）：秦皇岛社区9家社区食堂运营，金山岭/三亚社区各2家、雾灵山/九龙湖社区各1家，每间食堂有独特风格与特色菜肴、价格亲民；阿那亚网罗北京上海成都等城市餐饮品牌与主理人共创多元生活体验；秦皇岛园区已入驻75家餐饮商家。知家品牌拆解：食堂场景存在业主结账通道、业主先进食堂用餐规则，将食堂变成『实景销售中心』促进访客转为业主；阿那亚80%商业依托社区业主共创。补充来源：https://zoomedia.com.cn/article_detail/229.html。部分核验（阿那亚官网+行业分析）；第一食堂为社区食堂体系代表，业主/访客身份机制是运营核心。
案例D100,东京下北泽BONUS TRACK,部分核验,B,https://www.onewedesign.com/xingyezixun/13-3091.html,2020-04-01,开业时间、形态、商户数量、公共空间,核心事实已确认,onewedesign：BONUS TRACK于2020年4月开幕，位于下北泽站与世田谷代田站之间，由1栋商用主楼+4幢商住合一『小别墅』组成、共13个常驻商户，中间带大量公共空间的洄游型商业体，广场作户外贩卖区（餐车+外摆），几乎每周有市集活动；是下北泽线路街（小田急沿线再开发）组成部分，2021年6月同街接棒开幕的reload由24栋低层分栋式建筑组成。bring-you：2020年4月开业、13家商店进驻。wowlavie：含共享办公、共享厨房、广场『留白空间』。补充来源：https://www.bring-you.info/zh-hans/bonus-track-shimo-kitazawa、https://www.wowlavie.com/article/ae2202097。部分核验（行业媒体）；注：队列案名『BOUNS TRACK』为『BONUS TRACK』笔误。
案例D11,悉尼岩石区,部分核验,A,https://www.sydney.com/cn/destinations/sydney/sydney-city/the-rocks,2026-01-01,历史地位、业态、运营特征,核心事实已确认,新南威尔士州官方旅游网站sydney.com：岩石区（The Rocks）为悉尼最早定居区、悉尼最古老酒吧聚集地（1828年Fortune of War、1831年纳尔逊勋爵啤酒厂、1899年哈茨酒吧），保留殖民时代建筑；官方活动页含岩石区周末市集（The Rocks Market）。旅行博主（Youtube）：周末市集售卖画作、古董、手工品，街巷分布精品店、艺术画廊、露天咖啡餐厅与驻唱，是悉尼历史与现代交融的文旅街区。补充来源：https://www.sydney.com/cn/destinations/sydney/sydney-city/the-rocks/activities。部分核验（官方旅游局来源）；运营主体为Place Management NSW，案例聚焦历史街区保护性商业活化。
案例D12,泡泡玛特阿那亚烘焙首店（POP BAKERY）,部分核验,B,https://m.36kr.com/p/3869396774491140,2026-06-01,门店定位、开业信息、IP联动、品牌演进,核心事实已确认,36氪（转载赢商网）：POP BAKERY阿那亚店为品牌首家常驻直营店，位于秦皇岛阿那亚社区六期文创街区，以『星星人的云端剧场』为设计主题，店内包含现烤面包、特调饮品及LABUBU/DIMOO/MOLLY/SKULLPANDA角色主题甜点，另有限定Hirono沙滩城堡榴莲蛋糕（蛋糕48-199元、饮品28-38元、星星人下午茶298元/套）与THE MONSTER生活家系列早餐机/电水壶等IP衍生品；此前品牌路径：2024年8月北京朝阳公园城市乐园『MOLLY甜品屋』→2025年9月起快闪甜品车登陆北京/上海/成都/深圳及万象天地等→2025年12月首都机场快闪→累计31个主题快闪点位。Facebook转载确认首家常驻直营店地点秦皇岛阿那亚。补充来源：https://socialbeta.com/campaign/27758。部分核验（行业媒体+品牌方）；首家常驻店开业时间约2026年。
案例D14,长春大鹅花店,部分核验,B,https://www.sohu.com/a/515103867_100002576,2022-01-08,门店形态、经营特色,核心事实已确认,搜狐新闻（2022-01-08）：吉林长春绿园区一家夫妻花店推出『大鹅花束』，老板吴先生称源于东北『下雪吃鹅』习俗、妻子赠送大鹅花束作为生日礼物的梗，花店将大鹅创意融入花艺走红网络。武汉市政府门户（2026-08-21）报道武汉南洋1916园区内另有一家『大鹅花店』（花艺+酒饮、白天卖花晚上卖酒、日均两三千元营业额），说明『大鹅花店』为多城市出现的网红花艺小店形态。补充来源：https://www.wuhan.gov.cn/sy/whyw/202608/t20260821_2836946.shtml。部分核验（媒体）；长春『大鹅花店』具体门店信息待补充。
案例D15,露露农场花店,线索,C,,,,仅案名线索,无可靠来源,多轮检索无法定位『露露农场花店』对应实体门店：仅命中美国马里兰州『露露花坊Lulu Florist』、美国『Lulu's Blooms Flower Farm』、台湾苗栗『花露農場FlowerHome』等不同主体，均与案名所指（推测为国内社区花店）不符。待补：以线下探店或小红书/大众点评等一手信息确认门店城市、形态与运营特色。
案例D16,首尔大林仓库,部分核验,A,https://chinese.visitseoul.net/restaurants/daelimchanggo/CNPf8jiyc,2026-01-01,前身、形态、业态,核心事实已确认,首尔市政府官方旅游网站Visit Seoul：圣水『大林仓库』由旧碾米厂改建，为可欣赏展览、享用咖啡和饮品的复合文化空间（画廊咖啡馆），与圣水联邦等生活文化空间相邻。旅行博主（Threads/Instagram）：大林仓库CO:LUM原是1970年代旧碾米厂，经精心改造呈现废墟美学/布鲁克林风格，阳光透过玻璃与老砖墙洒落，设展览空间与咖啡区。补充来源：https://www.threads.com/@yougunlee/post/DM0DYP4PBVn。部分核验（官方旅游机构+旅行者一手记录）；圣水洞工业遗产改造为文化商业空间的典型案例。
案例D17,成都麓湖隐溪川,部分核验,B,http://business.china.com.cn/2026-06/02/content_43442145.shtml,2026-06-02,体量、定位、规划、开业时间,核心事实已确认,中国网（2026-06-02）：麓湖·隐溪川为万华麓湖生态城W2地块商业，商业面积约13.7万㎡，以『溪川绿洲』为景观核心，规划300米原生溪流贯穿建筑群、1万㎡立体花园与2.5万㎡城市公园，融合开放式溪岸街区与360°全景MALL两种形态；业态含时尚零售、户外运动、宠物友好、品质餐饮、健康生活；主力店伊藤洋华堂3.0约5.2万㎡创新型生活方式提案中心；预计2027年启幕；麓湖已开业商业景区38万余㎡、在建约41万㎡、待规划约90万㎡。知乎（2024）：W2商业正式定名『隐溪川』、承担红石公园板块『高品质家庭生活中心』功能。补充来源：https://zhuanlan.zhihu.com/p/688187773。部分核验（权威媒体）；在建项目、2027年开业为规划口径。
案例D18,阿那亚aaad北岸新店,线索,C,,,,仅案名线索,无可靠来源,多轮检索无法定位『aaad』对应品牌或门店：阿那亚北岸已确认的社区商业包括北岸市集（致正建筑、首个食堂+超市结合体，基地8580㎡、地上3050㎡）、阿那亚艺术中心北岸馆（2024-09-22启幕，坂本一成×柳亦春设计，总面积逾5000㎡、近2000㎡室内广场+6个盒子）、北岸SOHO艺术街区（30栋艺术家工作室）等，但『aaad』名称未出现于任何来源。待补：可能为『阿那亚·aad』或设计类集合店简称，需以官方渠道确认名称与开业信息。
案例D19,成都poco寝室香氛店,线索,C,,,,仅案名线索,无可靠来源,多轮检索无法定位成都『poco寝室』香氛店：成都香氛市场检索命中LE LABO太古里香氛实验室（2024-12-04西南首店）、KILIAN凯利安、PENHALIGON'S潘海利根、Chloé香氛旗舰店、ALLFORONE（东郊记忆）等，均非『poco寝室』。待补：可能为小红书/大众点评主理人小众香氛店，需以本地生活平台一手信息确认门店与形态。
案例D21,重庆江陵茶馆,部分核验,A,https://www.news.cn/culture/20260511/fa5210f6da4d4af5a7d5865d3cc51378/c.html,2026-05-11,改造前身、面积、开业时间、运营特色,核心事实已确认,新华社（2026-05-11）：重庆两江新区大石坝原江陵厂电影院蜕变为面积约2000㎡的『江陵茶馆』，建于20世纪50年代的职工电影院改造为集餐饮、休闲、文创于一体的社区空间，成为重庆城市有机更新『网红打卡地』。新浪财经（2026-04-30）：江陵影剧院始建于上世纪50年代、曾为国营江陵机器厂（前身兵工署第十兵工厂、152厂）职工文化生活场所，1995年江陵厂与长安厂合并后更名长安影剧一院，后荒废作停车场；主理人赵承树（95后）以『修旧如旧、新旧共生』改造，一层保留售票窗口作点餐吧台+江陵记忆博物馆、二层下沉卡座观影、三层老放映室改策展空间，保留舞台幕布；2026-05-01正式营业，茶水免费试运营期。补充来源：https://finance.sina.com.cn/wm/2026-04-30/doc-inhwftwk7198923.shtml。部分核验（新华社+媒体）；『老厂房→社区公共会客厅』城市更新样本。
案例D22,MONOCLE静安嘉里中心慢闪店,部分核验,A,https://www.jingan.gov.cn/rmtzx/003001/20260421/19461a61-33f8-498b-8710-8a5b2871a52f.html,2026-04-21,业态、定位、合作模式、上海限定,核心事实已确认,上海市静安区政府官网（2026-04-21）：中国首家MONOCLE限时快闪店&咖啡将于4月下旬落地静安嘉里中心JAKC，是《MONOCLE》首次内地合作，呈现系列文化艺术活动。中国日报（2026-05-09）：『Axis for Sparks』主题文化季启幕，快闪店内超200种甄选货品（出版物、服饰、文具、香氛等生活方式品类），推出上海限定产品，将MONOCLE国际审美融入上海城市文化。ToodayLab：此次上海快闪店是继伦敦、东京、香港、苏黎世、多伦多、巴黎、梅拉诺之后最新一站，现场有上海主题T恤、帽子限定周边。补充来源：https://cn.chinadaily.com.cn/a/202605/09/WS69feeb7ea310942cc49ab718.html、https://www.toodaylab.com/84036。部分核验（政府官网+权威媒体）；文化IP×商业空间限时激活案例。
案例D23,宁波KARA coffee,部分核验,C,https://www.instagram.com/kara_cafe,2024-01-01,门店定位、经营,核心事实已确认,KARA Coffee & Store官方Instagram（@kara_cafe）：宁波独立咖啡店，营业时间周一至周日7:30-15:00，为『咖啡+商店』复合形态。Tripadvisor收录其为宁波市咖啡馆。知乎《喝过这8家咖啡店才算真的来过宁波》：宁波有3200多家咖啡店、老街区咖啡文化崛起。补充来源：https://zhuanlan.zhihu.com/p/668973973。部分核验（商家官方社媒，来源较弱）；宁波社区咖啡生态『小而美』案例，门店地址等细节待补。
案例D24,曼谷Piccolo Vicolo咖啡,部分核验,C,https://www.trip.com/moments/theme/poi-piccolo-vicolo-caf-137441786-guides-993135,2026-01-01,前身、空间形态、位置,核心事实已确认,Trip.com旅行指南：Piccolo Vicolo Cafe位于曼谷Ratchathewi区（近Phaya Thai）安静小巷，由50年老店屋（shophouse）改造为复古Loft风咖啡，自制糖浆饮品、甜点；空间属于GalileOasis项目——集咖啡、画廊、剧场、设计空间于一体的复合体，二楼设有艺廊。viviyu（台湾旅行博客）：整体为复古工业Loft风格、绿意点缀如都市桃花源。补充来源：https://www.viviyu.com/archives/56734。部分核验（游客级来源为主）；**重要：与E48曼谷伽利略绿洲GalileOasis为同一项目，来源可复用，索引去重候选。**
案例D25,广州连心创意城,线索,C,,,,仅案名线索,无可靠来源,多轮检索无法定位『连心创意城』：广州天河区员村西街确有一处旧厂房改造项目（广州第二棉纺厂旧址部分车间，图斑44010600129，约97173㎡，改造主体广州新一代人工智能产业园管理有限公司，规划『中国人工智能（广州）产业园』，2022年列入广州市城市更新年度计划，混合改造=全面改造+微改造，天河区政府公示），但与案名『连心创意城』不对应。待补：可能案名有误或为小型园区，需确认项目主体与定位。
案例D26,华润置地陕西润比邻（世园欢乐跑）,部分核验,B,https://life.hsw.cn/system/2026/0810/194385.shtml,2026-08-10,品牌定位、活动机制、业主权益,核心事实已确认,华商网（2026-08-10）：华润置地陕西『润比邻』第二届世园欢乐跑圆满落幕，世园欢乐跑以春日奔跑引发城市级『情绪共振』；2026-06-26发布『1+2+X』业主权益体系，将万象商业、华润系品牌联盟等全域资源转化为业主长期专属权益。搜狐（2026-04-25）：首届『HAPPY RUN世园欢乐跑』2026-04-25在西安世博园落幕，由华润置地陕西公司发起，定位『情绪互动』的城市级欢乐跑，近千人参与。补充来源：https://www.sohu.com/a/1014823898_100185418。部分核验（区域权威媒体）；『润比邻』为华润置地陕西社区商业/业主社群运营品牌，以跑步活动+权益体系激活社区黏性。
案例D27,上海党群服务中心,部分核验,A,https://zjw.sh.gov.cn/jsgl/20251223/b544e99ce2d249a780f121a35ba4d472.html,2025-12-23,政策定位、功能结构、配比要求,核心事实已确认,上海市住建委《上海市完整社区建设实施方案》（2025-12-23）：以社区为主场景，优化以党群服务中心为基本阵地的城乡社区综合服务设施布局，优先推进建设（改造）功能复合集成的社区嵌入式服务综合体『人民坊』，一站式综合服务中心；每百户居民拥有社区综合服务设施面积原则上不低于30㎡、60%以上建筑面积用于居民活动；因地制宜设置托幼、养老、卫生、文化、便民商业等服务设施；探索可持续运营模式。上海市民政局官网另见曹杨新村更新：社区党群服务中心等公共生活枢纽焕新升级（桂巷驿站/枫桥驿站）。补充来源：https://mzj.sh.gov.cn/。部分核验（市政府官方政策）；案名较泛，聚焦『党群服务中心+便民商业』社区融合模式，具体示范点位待补。
案例D28,武汉光谷华润chill park,部分核验,B,https://sw.wuhan.gov.cn/xwdt/mtbd/202510/t20251011_2657860.shtml,2025-10-11,项目背景、开业时间、体量,核心事实已确认,武汉市商务局（2025-10-11）：光谷KIC PARK创新天地商业公园2025-09-30正式开业，为武汉首现的『公园商业』，定位『公园是入口、生活是出口』，含公园中格调餐厅、夜生活社交场；KIC PARK由瑞安房地产×中信泰富地产开发，5.1万㎡街区商业+1.3万㎡绿地公园+7万㎡甲级写字楼，地铁11号线光谷六路站。**案名存疑**：『武汉光谷华润chill park』与光谷实际项目对应关系待核——华润在光谷项目为『光谷万象天地』（华润万象生活，约16.5万㎡，预计2026年末开业，赢商网），而『chill公园商业』表述与瑞安KIC PARK吻合但非华润开发。补充来源：https://swt.hubei.gov.cn/stdt/szsw/202504/t20250408_5607060.shtml、https://m.winshang.com/news727111.html。部分核验（政府官网+行业媒体），案名对应需核。
案例D29,东京小川咖啡OGAWA COFFEE LABORATORY,部分核验,C,https://www.facebook.com/weizhong925/posts/,2026-03-28,品牌历史、门店分布,核心事实已确认,Facebook（2026-03）：小川珈琲株式会社（OGAWA COFFEE）将于2026-03-28在东京高轮开幕旗舰店OGAWA COFFEE LABORATORY高輪，品牌源自京都深耕咖啡文化逾70年。cjscene（2026）：小川珈琲1952年创立于京都、从自家烘焙起家，历经七十余年发展，樱新町店位于世田谷，呈现『京都咖啡精神放进世田谷』；店内涵盖种以上生豆与二十种以上烘焙咖啡豆。Threads：麻布台之丘B1亦有店。补充来源：https://cjscene.com/ogawa-coffee-laboratory-sakurashinmachi.html、https://www.threads.com/@maggie.lifenote/post/DKUddiWSvEP。部分核验（社媒+旅行媒体，来源较弱）；京都老字号东京扩张样本。
案例D30,自然造物上海1KA新店,部分核验,B,https://www.jfdaily.com/news/detail?id=1084511,2026-01-01,门店定位、选址、业态,核心事实已确认,解放日报（上海首店报道）：『自然造物·中国礼物商店』在上海EKA·天物园区启幕运营，品牌来自杭州，店内可买到全国多地特色礼物，被称为『本土版MUJI』『手工艺博物馆』。澎湃新闻：自然造物·中国礼物商店堪称一座『民艺体验馆』，集合中国天南地北手工艺品、每件民艺作品可溯源、艺术装置散落其中。Trip.com（2026）：EKA天物近3000㎡民艺世界，老手艺×现代设计，工业风建筑搭配温润民艺。补充来源：https://m.thepaper.cn/newsDetail_forward_32916339、https://my.trip.com/moments/detail/shanghai-2-143995433。部分核验（权威媒体）；案名『1KA』疑为EKA·天物相关笔误，项目本体明确。
案例D31,海口matata咖啡,部分核验,A,https://www.hainanfp.com/xinwen/2025/show-14035.html,2025-01-01,门店定位、经营数据、社群运营,核心事实已确认,海南日报《海南周刊》（2025）：海口龙华区龙兴路Matata咖啡馆，主理人陈凯新；门店从16㎡起步、4年时间构建起包含精酿酒馆、男士理发、摄影工作室的多元业态集群；产品将草莓酱、蔓越莓、柚子、蜜瓜、茉莉茶等与咖啡原液融合并开发含酒精咖啡；社群运营策略：收集顾客留言制成文创贴纸、发起跨店铺骑行打卡活动、引入音乐演出激活夜间消费，使门店月营业额从不足10万元跃升至30-50万元；印有海口老爸茶元素的定制茶杯体现本土文化理解。补充来源：Instagram海口饮咖地图（18家咖啡店含Matata Coffee）。部分核验（官方媒体+社媒）；小店社群运营激活样本。
案例D32,成都麓湖CPI,部分核验,A,https://www.news.cn/politics/20251017/6d93e3e6ae404ae987246cd10af494d2/c.html,2025-10-17,开业时间、体量、客流、业态结构,核心事实已确认,新华社（2025-10-17）：成都麓湖CPI位于天府新区，原为住宅样板间，改造为融合艺术、商业与自然生态的城市休闲生活新场域；一期2024年3月底投运、商业面积约8000㎡、40个品牌（SND国际时尚买手店、hug多品牌零售空间、Haus101国际艺术设计家私等）；2024年累计客流约180万人次、营业额约6000万元；餐饮配套占20%、时尚零售/生活美学/设计师选品等生活方式占80%；对宠物友好（专属饮水点、牵引桩、休息区）；30%本地客群、70%外地客群，客群转化率近50%；2025年5月二期Koko Market开业、10月1日三期面客，近40个独栋商业约70个品牌商家。科技日报：41个独栋商业集群、自然绿化3.5万㎡、商业建筑1.3万㎡。补充来源：https://m.sidd.com.cn/yanjie/967.html。部分核验（新华社等权威媒体）；CPI与D17隐溪川同属麓湖生态城但为不同地块，不重复。
案例D33,清迈商业场景设计,部分核验,B,https://chiangmaijourney.com/chiang-mai-shopping-guide-one-nimman,2026-01-01,空间形态、业态构成、设计特征,核心事实已确认,清迈旅游媒体chiangmaijourney：One Nimman为清迈最具设计感购物商场，一楼全层规划One Nimman Select购物大道（服装/包鞋/护肤/饰品/零食/香薰/刺绣等本地文创手工制品，类似室内版市集），二楼动线类似IKEA环游设计；商场约60间店，含%Arabica泰北首店（2024年末落户）、Let's Relax Spa、Cha Tra Mue、清迈米其林推介餐厅Ginger Farm Kitchen、GRAPH Cafe等本地人气店。宁曼路（Nimmanahaeminda Road）位于清迈古城西北，为时尚汇集区，被视为清迈年轻人聚集地（Trip.com）。学术研究（《中国生态旅游》2023）：宁曼路网红旅游街区形成机制研究。补充来源：https://hk.trip.com/moments/theme/poi-nimmanahaeminda-road-10644515-store-993139。部分核验（旅游媒体+平台）；案名为场景设计主题，聚焦宁曼路街区与One Nimman设计商业。
案例D34,沈阳红梅190五文创园,部分核验,A,http://www.news.cn/food/20250507/4cfd6ddafd8844d9aae5312c25390e71/c.html,2025-05-07,开园时间、改造前身、业态构成,核心事实已确认,新华社（2025-05-07）：沈阳铁西区按『留修改扩』原则引入民企整体运营红梅味精厂旧址，2019年9月沈阳红梅文创园正式开园，13处遗留工业厂房变身文创产业新项目。中国日报辽宁（2023-08-21）：红梅文创园位于铁西区卫工北街44号，由沈阳万科三体置业将红梅味精厂老厂房改造，2018年沈阳万科获得原红梅味精厂旧址租赁使用权。archiposition：红梅味精厂历史可追溯至1939年，为铁西工业区典型工厂。**案名存疑**：『红梅190五文创园』疑为『红梅文创园』（红梅味精厂）与『1905文化创意园』（原沈阳重型机械厂）两项目混淆误写，本证据聚焦红梅文创园。补充来源：http://ln.chinadaily.com.cn/a/202308/21/WS64e30fd4a3109d7585e4a14a.html。部分核验（新华社+媒体）。
案例D35,哈尔滨戈雅咖啡（老洋房系列）,部分核验,A,https://wlt.hlj.gov.cn/wlt/c116548/202411/c00_31784751.shtml,2024-11-01,建筑历史、经营特色,核心事实已确认,黑龙江省文旅厅官网（2024-11）：『哈尔滨不只有冰雪，还有不一样的咖啡文化』——戈雅咖啡店主制作手冲咖啡，门店位于1927年建造的宗哲主义建筑内（房主等细节见原文）；哈尔滨老街咖啡馆已成为城市文化名片。三联生活周刊（2025）：哈尔滨戈雅咖啡馆藏于百年俄式老宅，被称为『野路子』咖啡；20年前戈雅曾开过咖啡馆（哈尔滨建筑大学附近），后停业，现重开。Threads（2026）：哈尔滨老房子里的咖啡店『戈雅咖啡馆』与blackcan罐头盒子并列为网红打卡点。补充来源：https://www.lifeweek.com.cn/h5/article/detail.do?artId=207280。部分核验（官方文旅厅+权威媒体）；老洋房咖啡馆场景化运营样本。
案例D36,上海三立方咖啡（御园路店）,部分核验,B,https://www.cbndata.com/information/220083,2021-11-23,品牌模式、价格体系、门店扩张,核心事实已确认,CBNData（2021-11-23）：三立方咖啡（Cubic Coffee）在上海卖『5元咖啡』，创始人刘思强，首店位于凌空SOHO底商（35㎡），开业期间送杯子；仅13款产品不分大小杯：黑咖统一10元、奶咖15元、手冲20元，自带杯再减5元（最低5元美式、冰博克Dirty 10元、手冲15元还免费加浓）；模式为『低价吸引+高频复购+快速复制』写字楼打法，主打写字楼密集区（首店周边1公里2家Manner/2家星巴克/2家瑞幸等20多家）；开业次日爆单、小票机烧坏；毛利约60%，2022年上海门店突破100家（自述）。Instagram（2025）：三立方咖啡概念店位于长宁区**愚园路1429号**（案名『御园路』应为『愚园路』），工业风设计+精品咖啡+面包甜品，营业9am-9pm。补充来源：https://www.instagram.com/p/DVv7BRegeIK。部分核验（权威商业媒体+社媒）。
案例D38,成都光合作用咖啡（热植主题）,线索,C,,,,仅案名线索,无可靠来源,多轮检索无法定位成都『光合作用』咖啡店：仅命中吴语维基『光合作用』词条、中科院植物研究所光合作用光谱技术平台等不相关内容；成都咖啡市场检索（2026精品咖啡指南、Tripadvisor成都10大咖啡馆）亦无对应门店。待补：可能为小型主理人店或案名有误，需以本地生活平台一手信息确认门店与『热植主题』形态。
案例D37,槟城China House唐人厝,部分核验,C,https://my.trip.com/moments/detail/george-town-57611-146025882,2026-01-01,门店形态、业态构成,核心事实已确认,Trip.com：槟城China House为『蛋糕爱好者的天堂』，大型展示柜摆放数十种蛋糕、以烘焙食品闻名，提拉米苏（含酒精款）为招牌。vocus美食博客：China House（唐人厝）蛋糕种类繁多、口味咸甜皆有，还有Pie、scone等；摆设蛋糕的开放式角落很疗愈。Facebook视频：China House被称为『槟城最长的咖啡馆』。补充来源：https://vocus.cc/article/62dc08abfd89780001ebdbaa、https://www.facebook.com/soosoodiary/videos/。部分核验（游客级/社媒来源为主，多来源一致）；位于乔治市历史街区的复合型餐饮空间（咖啡+蛋糕+书店+画廊的复合体，具体业态待补官方来源）。
案例D39,伦敦Mercato Mayfair,部分核验,A,https://mercatometropolitano.com/locations/mayfair,2026-01-01,开业时间、选址、空间结构,核心事实已确认,Mercato Metropolitano官网：Mercato Mayfair位于Grade I级保护建筑圣马可教堂（St Mark's Church，North Audley Street），自2019年起成为活力食物文化枢纽，三层空间+屋顶露台，地下层有酒吧餐厅、一楼画廊带更多餐厅与休息区；主打国际美食+可持续本地食材。Mount Street Neighbourhood（官方街区网站）：Mercato Mayfair为可持续社区市场+文化枢纽，设于再生改造的教堂内；三层食品饮料摊位、精酿微型啤酒厂、葡萄酒吧与商店、园艺商店与屋顶露台；周一至周四12:00-23:00营业。Tripadvisor：19个不同餐厅，涵盖意面/披萨/玉米饼/咖喱/包子/牛排汉堡/寿司面条/炸鱼薯条等。补充来源：https://www.mountstreetneighbourhood.com/brand/mercato-mayfair、https://cn.tripadvisor.com/Attraction_Review-g186338-d19735285。部分核验（品牌官网+官方街区网站）；教堂活化+市集商业模式。
案例D40,成都白读书屋,部分核验,A,http://www.news.cn/20250424/09e4a2e893fb457895f5676114dc4ab1/c.html,2025-04-24,门店形态、经营特色,核心事实已确认,新华社（2025-04-24《文旅新探·书肆寻香》）：白读书屋位于成都居民楼一层，招牌并不显眼，温暖明亮的灯光、空间被书架隔断成一个个隐秘阅读角，读者可面对窗外绿意阅读；为成都烟火街巷里的社区型独立书店代表。澎湃新闻（YOU成都2023成都独立书店地图）：成都独立书店网络活跃（读本屋/無早/屋顶上的樱园/小一点·书店/晚读书店/星星诗社等），疫情三年经营压力加大但独立书店不减反增。补充来源：http://www.xinhuanet.com/culture/20250425/e734bce2c6854d0185a442c27e76dbc1/c.html、https://www.thepaper.cn/newsDetail_forward_22529285。部分核验（新华社+澎湃）；社区书店『阅读角+在地』小而美样本。
案例D41,成都南石灶食材店,线索,C,,,,仅案名线索,无可靠来源,多轮检索无法定位成都『南石灶食材店』：仅命中成都美食旅行视频（阿树Atlas探访成都老巷、清名桥市场）、澳门食品卫生机构名单、重庆市潼南区食品抽检通告等不相关结果。待补：可能为农贸市场内/社区型食材店或小店名，需以大众点评、小红书等本地生活平台一手信息确认门店与经营形态。
案例D42,木墨新造社区,部分核验,B,https://news.qq.com/rain/a/20260326A07DBZ00,2026-03-26,品牌沿革、新造模式、社区化经营,核心事实已确认,腾讯新闻（2026-03-26）：木墨MUMO 2011年创立（温州瑞安），曾为淘宝最大实木家具品牌，现线下门店13个城市；在杭州东信和创园开第一个线下展厅，辟出一片区域取名『新造』，售卖挑选自手工艺者的作品，为减少商业气息工艺品不放价格标签；新造社区为集合店形态（陶瓷、羊毛毡挂饰、粗布包袋等）；2020年厦门开办第一场『双手做工』市集，从全国召集100多个手工艺品牌，摊主跟随木墨车队去往杭州、顺德、北京等城市巡展；每年举办数十场展览。品牌星球：木墨以『制作可以使用很久的物具』为理念，现于南京、上海、杭州、宁波等13城开出19家门店。补充来源：https://www.brandstar.com.cn/news/6521、https://www.sohu.com/a/402781565_716670。部分核验（媒体+行业媒体）。
案例D43,沈阳1905文创园,部分核验,A,http://paper.people.com.cn/rmrbhwb/html/2024-11/18/content_26091257.htm,2024-11-18,改造前身、开园时间、市集运营,核心事实已确认,人民日报海外版（2024-11-18）：沈阳1905文化创意园位于铁西区兴华北街8号，原为沈阳重型机器厂第二金工车间，改造后成为戏剧人、音乐人、设计师聚集的文创园区；自主打造的文创市集品牌『犀牛市集』2024年国庆前夕再开张，10天160个文创项目摊位、近百场文化活动、接待游客市民7万多人次；园区小剧场『看戏度假』成为沈阳年轻人流行。新华社辽宁：2009年工厂搬迁、2012年修旧如旧改造为1905文化创意园，全年文创市集活动常态化。补充来源：http://www.news.cn/local/2024-10/05/。部分核验（人民日报海外版+新华社）；工业厂房+全年市集+小剧场运营样本。
案例D44,蓝瓶咖啡（Blue Bottle Coffee）,部分核验,A,https://bluebottlecoffee.com.cn/model/stores.html,2026-01-01,品牌模式、门店布局、中国扩张,核心事实已确认,蓝瓶咖啡中国官网：上海门店含裕通店（静安区长安路908号）、张园店（茂名北路240号）、静安嘉里中心店、西岸梦中心店（龙腾大道2266号）、迪士尼小镇店、上生新所店（延安西路1262号）、浦东机场T2店、港汇恒隆店、前滩店、蟠龙天地店（青浦区蟠鼎路177弄）；深圳万象城店、深圳万象天地店；香港中环/湾仔/国际金融中心/东涌店。新华网（2022-02-25）：蓝瓶咖啡中国内地首店2022-02-25于上海静安开业，选址历史建筑『裕通面粉厂宿舍』；2002年创立于美国加州、2017年被雀巢收购、全球100多家门店；全部咖啡48小时内烘焙完成，烘焙工厂设于普洛斯静安国际科创园；人均消费约60元；计划上海布局十家门店。补充来源：http://www.news.cn/fashion/20220225/0a76219f147942488d5d9aefe19f089a/c.html。部分核验（品牌官网+权威媒体）。
案例D45,曼谷Dusit Central Park（海外）,部分核验,A,https://www.tatpe.org/2025/09/dusit-central-park.html,2025-09-04,开业时间、规模、业态构成,核心事实已确认,泰国观光局（TATPE官方，2025-09-04）：Dusit Central Park由Central Pattana plc（CPN）开发、总投资460亿泰铢，为集团第43个购物中心，2025-09-04于曼谷是隆（Silom）正式开幕；与都喜天丽酒店重建项目一体化，集购物中心、酒店、办公楼、空中花园于一体。旅游媒体phuket101（2025-09）：八层楼13万㎡、超550个品牌，直连BTS Sala Daeng站与MRT Silom站；亮点为泰国最大空中花园『Dusit Arun』（占地7莱约11200㎡、横跨4-7楼、种植泰国原生植物、750米无障碍步道）；LG层Parkside Market汇集米其林指南推荐餐厅及70家街头小吃摊、超1000种菜肴；多品牌首次进驻泰国（KIWAMIYA/龙井/KOUBAI等）。补充来源：https://zh-tw.phuket101.net/central-park-bangkok。部分核验（官方观光局+旅游媒体）；城市更新+TOD+空中花园样本。
案例D46,成都arrow咖啡,线索,C,,,,仅案名线索,无可靠来源,多轮检索无法定位成都『arrow咖啡』：成都精品咖啡榜单（2026指南）收录Goût & Co、Dopamina+、UM! Coffee Brewer、Raindrops Café、Pick Coffee等，Tripadvisor成都10大咖啡馆亦无arrow；无相关门店或品牌信息。待补：可能为小型主理人店或案名笔误，需以本地生活平台一手信息确认。
案例D47,新加坡One Holland Village（海外）,部分核验,A,https://www.nlb.gov.sg/main/article-detail?cmsuuid=716d7f83-64d7-4cb4-b9f0-16ae312b29f3,2026-01-01,项目背景、业态构成、开发主体,核心事实已确认,新加坡国家图书馆NLB（Holland Village词条）：2018年远东机构（Far East Organisation）领导的财团中标土地；2019年推出One Holland Village混合开发项目，含零售、办公、社区空间、住宅与服务式住宅；为保证与既有街区融合，零售区为低层设计，并延伸Lorong Liput与Lorong Mambong街道；荷兰村为新加坡著名外籍人士聚集区（1971年Holland Road Shopping Centre开业，首家西式超市Fitzpatricks入驻）。Instagram：One Holland Village地址7 Holland Village Way，周一至五11am-9pm、周末9am-9pm。Facebook：商场三楼『捞起』香港海鲜餐厅开业（香港1980-90年代装潢主题）。补充来源：https://www.instagram.com/p/C3MY3O4SKy5。部分核验（国家图书馆权威+社媒）。
案例D48,广州山下植屋（Down of Mountain）,部分核验,C,https://m.zhipin.com/companys/ef565363fd7dfeb41nVz3N-0EFo~.html,2026-01-01,公司实体、经营范围,核心事实已确认,BOSS直聘企业页：『广州山下植屋园林设计有限公司』，主要从事庭园设计、空间绿化设计等与植物相关的设计工作，并共同经营一家杂货店；经营范围含规划设计管理、工业设计服务、专业设计服务、植物园管理服务、园艺产品等。新华社广东（2025-01-31）：广州『宝藏花店』兴起植物+咖啡复合业态（Relush植物咖啡店，员工兼设计师/咖啡师/植物师），可作广州植物系小店的业态背景参考。补充来源：http://gd.news.cn/20250131/9dff1bd700f740f891f756c6f91888cc/c.html。部分核验（企业招聘信息+官方媒体背景，来源较弱）；仅确认公司实体与杂货店业务，『Down of Mountain』对应关系与社区商业细节待补。
案例D49,成都LOBANG炉坂面包,部分核验,C,https://www.instagram.com/reel/DWOphdAAe76,2026-01-01,空间设计、业态构成,核心事实已确认,Instagram（2026）：成都『炉坂』烘焙空间获2025瑞士BLT建筑设计荣誉提名奖，店内面包出品优秀，同时设有艺术家展览区域，空间设计感强（『随便选个窗口坐下都像是误入了小森林的片场』），为咖啡+面包+展览复合业态。来源为社媒探店级（品牌主理人/合作方发布），可靠性中等。补充来源：https://www.youtube.com/watch?v=w7M4IETN8nA。部分核验（社媒来源较弱）；成都社区烘焙空间化样本，具体门店地址与开业时间待补。
案例D50,新加坡KADA（海外）,线索,C,,,,仅案名线索,无可靠来源,多轮检索无法定位新加坡『KADA』对应品牌：新加坡咖啡市场检索命中瑞幸、库迪、Kopi Kenangan、Fore Coffee、Compose Coffee等2023年进入品牌，精品咖啡命中Common Man、Forty Hands、Nylon、Papa Palheta、Q Lity Life等，均无KADA。待补：可能为本地小众咖啡/餐饮品牌或案名笔误，需以品牌官网或本地媒体一手信息确认。
案例D51,阿那亚金山岭,部分核验,A,https://www.aranya.cc/quan-wei-yun-ying/can-yin.html,2025-06-01,社区体系、食堂配套,核心事实已确认,阿那亚官网：金山岭社区有2家社区食堂运营，与秦皇岛9家食堂同属阿那亚食堂体系；阿那亚金山岭为北京周边山谷型社区，配套山谷音乐厅、上院等文化设施，以业主食堂与文化生活构筑社群黏性。
案例D52,北京牛街法源寺旁JM咖啡,部分核验,A,https://www.visitbeijing.com.cn/article/4HRVHMbqRot,2025-08-01,门店形态、业态构成,核心事实已确认,案名『法院寺』应为『法源寺』：JM咖啡（牛街店）位于西城区法源寺后街15号，主打咖啡+清真热狗；北京旅游网确认2020年该片区咖啡馆开业激活南城咖啡洼地。补充来源：Trip.com笔记（人均约RM31）与Apple Maps门店信息。
案例D53,武汉嘉佰汇,部分核验,A,https://news.hubeidaily.net/mobile/c_4410878.html,2025-08-15,开业时间、开发主体、业态构成,核心事实已确认,湖北日报：武汉嘉佰汇2025-08-15于二七滨江国际商务区正式开业，宸嘉发展打造，首创『MALL+BLOCK』+『POD+TOD+COD』模式，定位『奢逸游心』美学空间、华中首个艺术生活策源地，开业期VERA WANG高定婚纱亚洲限量首秀。补充来源：中购联（宸嘉100总建面约60万㎡、嘉佰汇BLOCK约6.5万㎡、荣轩华中首店/六公馆内地首店，商业街7月底首开）；ARCHINA/J&A（6000㎡商业示范区、KPF建筑设计）。
案例D54,上海大地茶场（淮海路店）,部分核验,C,https://hk.trip.com/moments/detail/shanghai-2-141043484,2025-12-01,门店名称、位置、业态,核心事实已确认,tazaTe大地茶场发酵厨房位于淮海中路550号HAI550-8楼，主打『茶喝出香槟感』的发酵茶饮体验。补充来源：食品行业媒体foodtalks（上海『站立茶馆』走红、淮海路临街纯茶店即买即走降单价、单店最高日销600杯，印证年轻化纯茶趋势）。
案例D55,成都保利时光里,部分核验,A,http://pic.people.com.cn/n1/2025/0926/c457947-40572828.html,2025-09-26,项目定位、开发主体、空间设计,核心事实已确认,人民网：成都保利时光里由保利商旅打造，位于世纪城区域，约40%绿地率留白、退台+连廊花园嵌入各区域，聚焦首店经济引入众多西南首店与原创主理人品牌（犬岛公园、Bar Lotus等）。补充来源：保利集团官网（『既是自然花园，也是人文街区』的新城市生态空间定位）。
案例D56,成都门德里咖啡（regular源野店）,部分核验,U,https://m.dianping.com/discovery/933382411,2023-01-01,门店位置、开业时间、产品,核心事实已确认,『门德里』即MONDOLI音译：源野店为其二店，位于天府二街777号REGULAR源野西花园负一层26号铺、与烂李子相邻，招牌黄油dirty；一店位于锦江区天仙桥南路8号附10号。补充来源：Instagram探店（暗黑木饰+动物标本+中古古董的『标本博物馆』氛围，白天咖啡夜晚鸡尾酒）。
案例D57,阿那亚第八食堂,部分核验,A,https://www.aranya.cc/quan-wei-yun-ying/can-yin.html,2025-06-01,食堂体系、数量、分布,核心事实已确认,阿那亚官网：秦皇岛社区共9家社区食堂运营，金山岭/三亚社区各2家、雾灵山和九龙湖各1家，每间食堂风格独特、价格亲民。补充来源：有方（第六食堂位于犬舍酒店地下一层，设业主专享就餐区，自助调料台减少服务频次）；知家拆解（业主结账通道/先进食堂规则构成身份区隔）。
案例D58,佛山保利水城时光汇,部分核验,A,https://www.foshannews.net/h/212/20250713/797021.html,2025-07-13,开业信息、改造内容、业态,核心事实已确认,佛山新闻网/佛山日报：扎根佛山16年的保利水城（保利Mall）历时一年升级更名『保利水城时光汇』，构建『公园+演艺+商贸+文化』融合场景；西广场携手『沙漠咖啡』设计师团队打造四季主题街区，水上南狮非遗IP+水上高杆醒狮等汇演，地球表面livehouse等佛山首店。补充来源：保利商旅官网（2009-04-25开业、华南首个水景购物中心）。
案例D59,墨尔本Chadstone（海外）,部分核验,B,https://en.wikipedia.org/wiki/Chadstone_Shopping_Centre,2025-01-01,历史沿革、体量地位,核心事实已确认,维基百科：Chadstone位于墨尔本东南Malvern East，为澳大利亚最大/南半球最大购物中心；1958年Myer购地启动，2002年被Westfield Knox超越后经扩建重夺头衔；2007年启动1亿美元改造。补充来源：墨尔本攻略（4层500+店铺、南半球唯一乐高探索中心、玻璃穹顶、免费接驳车20-30分钟）。
案例D60,武汉光谷KIC PARK,部分核验,A,https://sw.wuhan.gov.cn/xwdt/mtbd/202510/t20251011_2657860.shtml,2025-10-11,开业信息、开发主体、定位,核心事实已确认,武汉市商务局（转载新商业LAB）：KIC PARK于2025年十一黄金周前启幕，瑞安房地产与中信泰富地产携手打造，为武汉首个『0距离公园商业』。补充来源：新天地官网（光谷创新天地总建面约20万㎡：7万㎡甲级办公楼+5万㎡商业街区+1.3万㎡中央绿地公园；KIC PARK 2025-09开业，武汉首个知识社区商业公园，含露营草坪/儿童乐园/宠物乐园/樱花小径/市集街）。呼应B016-D28勘误：该项目为瑞安系，非华润。
案例D61,广西北海阿萨卡,部分核验,A,http://sh.gxnews.com.cn/staticpages/20251208/newgx693687dc-21880138.shtml,2025-12-08,项目定位、业态构成,核心事实已确认,广西新闻网：北海阿萨卡为数字游民社区，集美食、创作、艺术、潮流打卡于一体，为内容创作者提供专属园区。补充来源：天目新闻（国内首个基于Web3.0的红人社交与内容创作者生态产业园区，规划美术馆/图书馆/网红潮流艺术中心/光年网红学院/网红工作室）；Trip.com（阿萨卡银滩×摩天轮海景度假酒店，园区配套美术馆/巨幕影院/书店/咖啡）。
案例D62,成都COSMO血脉计划,部分核验,A,https://news.qq.com/rain/a/20260305A027EV00,2026-03-05,项目改造、运营模式,核心事实已确认,中国商网（商务部《零售业创新提升案例集》第21个案例）：成都COSMO位于盐市口商圈，前身上普财富中心2007年开业、总建面约5万㎡；以『运营策展人』身份参与品牌内容，提供寄售/联名/品牌共建/自营买手/快闪轮展等机制，形成『内容即招商』逻辑。补充来源：CCFA官网同文；空间印象（1807/A Few Good Kids/Randomevent西南首店/烂李子/WKgallery西南首店/33OZ、『青年磁场』定位）。
案例D63,华润置地润比邻社群,部分核验,A,https://www.bjnews.com.cn/detail/1786516253129401.html,2025-06-01,社群规模、运营机制,核心事实已确认,新京报：华润置地以『润比邻』为核心引擎已孵化超2300个兴趣社群、汇聚2900余位业主主理人；社群从售楼阶段介入并贯穿全周期，达尔文户外自然课堂/暑期研学/健身徒步骑行社群常态运营。补充来源：新浪财经（2026-01-21『小润+』平台焕新，润比邻社群数字化云端化、润邻/润友双层会员+3+1全域业态权益网）。
案例D64,深圳山池咖啡,部分核验,B,https://m.topys.cn/article/34260,2024-05-12,品牌主理人、经营理念,核心事实已确认,TOPYS：山池咖啡主理人Venco同时运营农畉餐厅，倡导『让文化与自然成为新日常』，店铺主理人共同经营。补充来源：Trip.com探店（门店设计越来越开放、大面积打通室内外，体现对社区与新生活方式的理解）；香港好去处（SAANCI山池咖啡2021年深圳创立、全国10家分店、集中深圳各区）。
案例D65,武汉滨江天街,部分核验,A,https://www.longfor.com/detail/220_96352b3fee6c40c83dfb6bfe1bad5d0a.html,2025-09-26,开业时间、定位、体量,核心事实已确认,龙湖集团官网：武汉滨江天街2025-09-26正式开业，龙湖与联投·清能集团携手，总体量超17万方，为龙湖最高标准『P1+』级旗舰、武汉唯一3条地铁上盖TOD（5/7/8号线）；内置约1.3万㎡旷野公园、1500㎡水环大草坪、樱花大道，『浴霞之境』270°江景+『栖光庭院』夜经济区。补充来源：新浪财经（总建面约39万㎡、17万㎡商业体+武汉101/滨江国际两栋塔楼、2020年46.47亿拿地）；湖北日报（武汉四座天街在手六座、年累客流3000万）。
案例D66,北京永定合集,部分核验,A,http://zw.china.com.cn/2026-06/10/content_118542043.shtml,2026-06-10,项目定位、模式,核心事实已确认,中国网（北京城市更新研讨会）：首钢园永定合集依托工业遗存打造沉浸式体验场景，植入首店经济与潮流业态，成为北京网红打卡地；『空间活化+内容赋能+流量运营』模式为老旧厂区更新提供样板。
案例D67,上海新天地社区品牌,部分核验,A,https://www.shobserver.com/wx/detail.do?id=1016667,2025-11-01,品牌战略、运营逻辑,核心事实已确认,上观新闻：2025-09瑞安焕新发布『新天地XINTIANDI』社区品牌，以『园丁式』长期运营思维替代短期改造；东台里依托8.8万㎡开放式商业空间+6500㎡全景天幕，以百年东台路为主轴串联章太炎故居、喇格纳小学等十余处文化场景，配套『东台食集』。补充来源：瑞安官网（六大『天地』项目2025-09统一更名新天地、东台里2025-12开业）；品牌星球（从商业项目品牌升维为社区品牌）。
案例D68,曼谷Friend Friend（海外）,部分核验,U,https://hk.trip.com/moments/detail/bangkok-191-134144915,2025-06-01,门店位置、业态构成,核心事实已确认,Trip.com：Friend Friend隐藏在曼谷The Emporium购物中心三楼，内部含多个区域，Sauce Coffee为其中快闪咖啡店。补充来源：探店视频（由旧停车场改造的空间，把咖啡馆/选物店/植物系生活美学/慢步调社区揉在一起，大片自然光）。
案例D69,曼谷PINO VI（海外）,线索,C,https://www.tripadvisor.com/Restaurant_Review-g293916-d12385615-Reviews-CharoenKrung_Cafe_Bar-Bangkok.html,2024-01-01,仅案名线索,无可靠来源,多轮检索无法定位曼谷『PINO VI』：仅命中考科（Khao Kho）的Pino Latte度假村咖啡馆（非曼谷）；曼谷Charoenkrung Cafe Bar为另一家200年老屋改造咖啡店（亦非PINO VI）。待补：可能为极小众主理人店或案名有误，需以泰国本地平台（Wongnai等）一手信息确认。
案例D70,郑州嵩南印象城,部分核验,A,https://www.sohu.com/a/929575666_120347736,2025-08-28,开业时间、开发主体,核心事实已确认,搜狐：2025-08-28郑州嵩南印象城盛大开业，由郑州城市发展集团与印力集团联袂打造，重构郑州城南生活边界。补充来源：赢商网（公园式商业定位、地势高差『双首层』概念、地上三层+地下一层约150+品牌，鲜风生活超市/至潮影城/星巴克已签约）；知乎（2025-07-08官宣、二七区嵩山路）。
案例D71,深圳坂田天安云谷,部分核验,A,http://tayg.dezusz.com,2024-01-01,体量、商业配套,核心事实已确认,天安云谷官网：深圳坂田天安云谷由天安骏业开发运营，占地76万㎡、总建面289万㎡；云谷星耀潮玩街区一二期商业约10万㎡、200+品牌，二期主打360°艺文慢生活圈；配套科技艺术展览馆、星耀剧场、极创公园等。补充来源：百度百科（2021-10-15发布首个商业品牌『云谷星耀』）；深圳市工信局（2024年首批软件名园、毗邻华为总部）。
案例D72,沈阳入口天物面包店,部分核验,B,https://www.21jingji.com/article/20250902/herald/482b932b166222fb73f9ff802ab60a7c.html,2025-09-02,品牌沿革、业绩、产品,核心事实已确认,21经济网/红餐网：入口天物为沈阳『入口刚好』旗下烘焙品牌，2024年底沈阳万象城首店，不到一年进西安/天津/青岛/呼和浩特等6城；单店日营业额可达20万、人均约45元、SKU 60-70；全开放式门店+机械翻页时钟+透明后厨+弧形环岛动线。补充来源：新浪财经（北京首店西直门凯德筹备中）。案名『陈家桥』疑为原资料笔误，品牌本体已确认。
案例D73,贵阳万象城,部分核验,B,https://m.lejucaijing.com/news-7209876866646865876.html,2024-06-21,体量、区位、定位,核心事实已确认,乐居财经：贵阳万象城位于主城南明核芯、人民大道，约16万方体量，为集居住/办公/购物/餐饮/休闲/娱乐/文化/观光8大价值于一体的城市引擎；同城贵阳万象汇2021-12开业（300+品牌、90+贵州首店），2023年销售额20亿元、连续2年贵阳购物中心营业额TOP1。万象城开业时间待补（报道为2024年预热口径）。
案例D74,吉隆坡百年老屋群（海外）,部分核验,U,https://www.facebook.com/malaysiahere/videos/25234407446208801,2025-05-01,改造模式、建筑形态,核心事实已确认,马来西亚HERE视频：吉隆坡百年老屋『旧里造新』——以磁场街（Jalan Petaling）附近三楼层维多利亚风格老建筑为代表，修旧如旧、大马破旧美学代表作，印证百年老屋改造为复合商业空间的活化路径。案名较泛化，具体项目待本地平台进一步确认。
案例D75,上海IP痛城经济,部分核验,A,https://paper.people.com.cn/zgjjzk/pc/content/202510/15/content_30118402.html,2025-10-15,业态构成、代表性项目,核心事实已确认,人民日报《中国经济周刊》：上海『痛城』——百联ZX创趣场（南京东路）为二次元圣地，整栋楼二次元业态（KOTOBUKIYA中国首店、Aniplex专区、自发『换谷子』活动、涂鸦留言墙），徐家汇美罗城『周同学』塑像打卡。补充来源：劳动报（百联ZX为上海首家二次元商业体『中国秋叶原』；静安大悦城2024年落地56场国际顶流IP快闪）；华盛通（谷子经济20个新品牌：BERRY.Q痛包社2019年创立/4家店、MUMULAND 2024年创立/6城）。
案例D76,曼谷WWA CafeX Chooseless（海外）,部分核验,U,https://salacowang.com/wwa-cafe-x-chooseless,2023-01-01,门店背景、业态构成,核心事实已确认,探店blog：wwa cafe x chooseless由暹罗广场经典时尚品牌WWA与选物店Chooseless联手打造，独立坐落于Ekkamai区，为时尚选物风格小店的咖啡复合空间。补充来源：Threads（藏在77 Ekkamai Soi 21巷弄、营业时间）；Instagram官方（Chooseless Ekamai 21店+华蓝蓬MRT三楼店）。
案例D77,京都百年老屋群（海外）,部分核验,C,https://japantravel.navitime.com/zh-tw/area/jp/guide/NTJtrv1444-zh-tw,2024-01-01,改造模式、代表性门店,核心事实已确认,NAVITIME京都文青咖啡指南：2014年京都市推展『活用空屋×打造城市』的itowa企划，翻修百年町屋经营GOOD TIME COFFEE、Omo Café等；老宅改咖为京都主流业态。补充来源：LE LABO Café京都（2024-04-04，改造百年京町家，香氛+咖啡复合空间）；matcha-jp（cafe marble佛光寺店100年街屋）。
案例D78,成都清源社区,部分核验,A,https://www.12371.cn/2023/08/17/ARTI1692273829030208.shtml,2023-08-17,社区规模、治理模式,核心事实已确认,共产党员网：成都青羊区苏坡街道清源社区幅员1.51平方公里，含8个商业小区+2个安置小区、常住居民4.7万余人；社区党委聚焦居民服务需求，通过严密组织体系发挥基层党建外溢效应。补充来源：goodlab.hk（2026成都社区营造共学团以清源社区为研习对象，确认其通过『社区社会企业』机制形成可持续生态系统）。
案例D79,成都玉林芳华街,部分核验,A,https://sc.cnr.cn/scpd/xwsd/20240513/t20240513_526703342.shtml,2024-05-13,街区形态、业态构成,核心事实已确认,央广网：芳华街从芳草街地铁口D口一路贯穿到玉林南路，各式小店与翟永明的白夜·花神诗空间串联，成为成都CITYWALK新趋向。补充来源：Travelog旅书（芳华街：玉林小街、老成都生活气息、玩具店/咖啡店/中古店/甜品店/苍蝇馆子聚集）；成都日报（玉林片区社区治理+街巷经济样板）。
案例D81,上海六六梧桐园林里会,部分核验,A,http://sh.people.com.cn/BIG5/n2/2024/0715/c134768-40912625.html,2024-07-15,项目性质、活动运营,核心事实已确认,人民网：上海乌鲁木齐南路66号（66梧桐院）为由邬达克设计、近百年历史的花园洋房，现为徐汇区天平街道党群服务中心/社区营造空间，月活动140多项、社区合伙人机制运营。案名『六六梧桐园林里会』即『66梧桐院·邻里会』。补充来源：上观新闻（乌鲁木齐南路64号建于1932年、英式乡村住宅，邬达克设计）。
案例D82,REX KL(海外),部分核验,A,https://www.rexkl.com,2024-01-01,历史沿革、改造模式,核心事实已确认,"REXKL官网：位于吉隆坡市区Jalan Sultan，原为马来西亚最早的电影院之一（1947年前创立）；1972年火灾后重建为千座单厅，邵氏/GSC先后运营；2002年再遭火灾停业，2018年由Shin Tseng与Shin Chang等创意创业者激活60,000平方英尺建筑，重生为艺术文化社区枢纽（活动/展览/演出/书店/零售/F&B）。补充来源：ArchDaily（Mentahmatter Design设计，位于茨厂街附近、曾被非法用作背包客旅舍）。"
案例D83,瑞虹天地月亮湾(微软生长花鸟集),部分核验,A,https://www.jfdaily.com/news/detail?id=922801,2025-06-01,活动IP、运营模式,核心事实已确认,解放日报：端午假期『蔚冉生长花鸟市』在瑞虹天地月亮湾开出『月亮湾花市』，联动书店推出植物图书角、联合杂志打造自然墙；瑞安新天地确认其为原创内容项目。案名『微软生长花鸟集』应为『蔚冉生长花鸟市』（B017-D67新天地内容矩阵成员）。补充来源：人民网上海（2025-08-19沪上花鸟市场焕新回归中心城区，BLOOMMANOR花植工作室等入驻）；知乎（与瑞虹天地共创『蔚冉生长月亮湾花市』节日IP）。
案例D84,The Campus Ampang(海外),部分核验,A,https://www.facebook.com/VisitMYS/posts/1598032585336382,2025-08-01,项目历史、改造模式,核心事实已确认,Visit Malaysia官方：The Campus Ampang建在原ISKL（吉隆坡国际学校）1976年建成的历史校园之上，把旧走廊改造为通风的露天枢纽，聚集马来西亚本土餐饮、设计与创意品牌，成为Ampang创意与美食中心（10AM-10PM）。补充来源：TikTok探店（KL最具活力的创意角落之一）；官网（thecampusampang.com，多元创意园区）。
案例D85,CPI coco ma,部分核验,A,https://www.news.cn/politics/20251017/6d93e3e6ae404ae987246cd10af494d2/c.html,2025-10-17,项目定位、体量、客群,核心事实已确认,新华社：成都麓湖CPI（全称Chinoiserie Part Inn，『有中国艺术特色的民宿』）为『自然野生花园式』游逛街区，近40个独栋商业约70个品牌；2025年5月二期Koko Market投运（约1800㎡、南食召全国首店等9品牌）、10月三期面客；30%本地客群、人均零售消费超2000元、国庆日均客流超1.5万人。案名『CPI coco ma』疑为CPI内某店（Coco Ma）或项目二期别名，整体以麓湖CPI为准；与B016-D32『成都麓湖CPI』同项目，引用需去重。补充来源：四川在线（二期南食召/MIRO AVENUE田园市集/跳海酒馆等主理人品牌）；ArchDaily（麓客岛东侧二十余栋别墅样板间改造）。
案例D86,上心桥公园,部分核验,A,https://sichuan.scol.com.cn/amsc/202505/82962816.html,2025-05-01,项目定位、业态构成,核心事实已确认,四川在线：成都金牛区上新桥公园内『绿里GREENMILE』非标商业以社交为核心打造多功能运动客厅，2025年五一前试营业；引入德国HYROX室内健身跑赛事成都首店，融入轻食咖啡、运动装备循环商店、新山书店等，户外公园办落日音乐会。案名『上心桥』应为『上新桥』。
案例D87,安踏0碳使命店,部分核验,B,https://www.ellechina.com/fashion/news/a44431026/68848390022,2024-04-22,开业信息、体量、定位,核心事实已确认,ELLE：ANTAZERO安踏0碳使命店2024年4月22日（世界地球日）于上海武康路98号揭幕，为中国鞋服行业首家权威机构认证的碳中和店铺；450㎡多元空间融合创意展陈、零售、社区服务与互动体验，由canU可持续时尚（崔丹）策划，以『再造』手法将废弃面料、边角料再利用为陈列器架与家居。补充来源：上观新闻（开业两年从首店变武康路-安福路街区『元老』）。
案例D88,上海新天地(及太平洋新天地),部分核验,A,https://www.51ldb.com/shsldb/zdxw/content/a0e4a634-b51d-454d-80dd-d1794da8a001.htm,2025-12-01,项目结构、开发主体,核心事实已确认,劳动报：太平洋新天地由中国太保寿险、瑞安房地产与上海永业集团联合开发，全面启用；总建面约39万㎡，三栋办公楼+8万㎡商业，T1大厦250米海派塔尖地标；与新天地东台里构成大新天地商办联动。补充来源：瑞安官网（上海新天地2001年开业、开创开放式街区商业先河，2025年全面绽放太平洋新天地）；赢商网（2002年起新天地北里南里、商业体量约5.7万㎡、年营业额超20亿）。
案例D90,and department soul(海外),线索,C,https://zhuanlan.zhihu.com/p/94095231,2019-01-01,仅案名线索,无可靠来源,『and department soul』未能定位：检索命中的首尔买手店（一层lifestyle+咖啡书籍区+二层女装半男装、意大利品牌为主的江南区狎鸥亭『Add』等）均无对应名称；案名疑拼写有误（soul=seoul?）或为极小众门店。待补：需以首尔本地平台（NAVER地图等）确认。
案例D91,上升新锁,部分核验,A,https://www.winshang.com/news718413.html,2023-01-01,项目定位、运营模式,核心事实已确认,赢商网：上生·新所由万科经709天打造，位于长宁区，由3处历史建筑（孙科别墅、哥伦比亚乡村俱乐部1924年等）+11栋工业改造建筑+4栋当代建筑组成；商业密度低、空间松弛，品牌各50%业务互补，小红书等平台联动频繁；为长宁区『15分钟社区生活圈』重要组成。案名『上升新锁』应为『上生·新所』。补充来源：FAM准建手札（2018年开放、由公众禁地到公共空间的更新样本）；YouTube探店（茑屋书店、哥伦比亚乡村俱乐部）。
案例D92,living room(药厂新品牌),线索,C,https://www.archdaily.com/782936/octave-living-room-tsao-and-mckown-architects,2016-01-01,仅案名线索,无可靠来源,"『living room（药厂新品牌）』未能定位：命中的The Living Room by Octave为音昱（Octave）在上海对历史建筑（前身为某药厂地块）的适应性再利用项目，改造为21,500平方英尺（约2000㎡）学习与健康中心，内设Thought For Food植物基餐厅；『药厂新品牌』的对应关系与品牌归属待进一步确认（该项目运营方为音昱而非新消费品牌）。"
案例D93,六运小区,部分核验,A,https://news.dayoo.com/gzrbrmt/202505/08/170615_54822390.htm,2025-05-08,街区形态、治理机制,核心事实已确认,广州日报：天河六运小区汇集600余小资特色店铺，2025年5月成立主理人联盟（刘琼雄发起），探索『软性更新』与共建共治共享治理；2010年实施住改商、转型商住一体全开放区域，形成『楼上住家、楼下开店』后街经济。补充来源：南方都市报（2000年住改商禁令、大众点评超2000条结果、独立精品小店聚集）；搜狐（1987年六运会建设、天河南商圈辐射）。
案例D94,Tagi(塔皮),部分核验,B,https://m.winshang.com/news711195.html,2023-01-01,品牌沿革、门店形态,核心事实已确认,赢商网：生活方式品牌Tagi. 2022年8月在上海乌鲁木齐中路开设首个线下空间『mini塔皮屋』（以柯布西耶海边小屋为灵感，还原家庭储物状态）；线上起家、线下探路。补充来源：SocialBeta（塔皮屋旗舰店呈现毗邻院落的居家生活，打造开放、去边界、连接自然与社区的空间）。
案例D95,三亚东岸鹭洲,线索,C,https://m.focus.cn/lijiang/zixun/fe8d0508600ca580.html,2025-01-01,仅案名线索,无可靠来源,『三亚东岸鹭洲』命中为『三亚万华东岸鹭洲』——万华（成都麓湖开发商）在海南三亚的住宅楼盘（售楼处信息），非独立商业街区；其社区型商业配套（若有）无公开媒体资料。待补：需以万华官方/三亚本地媒体确认项目商业部分与社区营造内容。
案例D96,serendipity blend,部分核验,U,https://www.instagram.com/p/DEpWMNUpT9Y,2025-01-01,门店产品、风格,核心事实已确认,成都探店（Instagram）：『Serendipity Blend』为成都咖啡场景的代表特调——罚站咖啡一口气推出米汤、紫苏汤、椒麻汤等四川口味特调，把在地味型融入咖啡，形成强记忆点。补充说明：serendipity blend或为店招/产品线名称，具体门店注册信息待本地平台补证。
案例D97,纽约布鲁克林DUMBO(海外),部分核验,B,https://edgeeffects.net/brooklyn-waterfront,2023-01-01,项目历史、改造模式,核心事实已确认,Edge Effects：布鲁克林DUMBO（曼哈顿大桥立交桥下）的Empire Stores建于1860年代，长期废弃，由BBP（Brooklyn Bridge Park）与Midtown Equities改造为36万平方英尺混合用途商业/零售/公共空间，含布鲁克林历史协会卫星博物馆。补充来源：YouTube（1978年艺术家命名DUMBO、David Walentas 1980s购入、1997年重新分区；West Elm/Timeout Market入驻）；Empire Stores官网（Jean-Georges ABC Kitchens布鲁克林首店、Cecconi's、Kith Kids旗舰）。
案例D98,巴厘岛AKASA悬崖火山咖啡(海外),部分核验,C,https://my.trip.com/moments/detail/bali-438-149608986,2025-01-01,门店形态、景观区位,核心事实已确认,Trip.com：巴厘岛AKASA是巴图尔火山（Gunung Batur）山上的特色咖啡品牌，以不同处理方式烘焙咖啡豆，自有烘焙坊+可眺望火山的餐厅，位于火山外圈山顶。补充来源：Instagram（阶梯环绕山壁而上、正面巴杜尔火山，无过度设计的风景）；Facebook（AKASA Specialty Coffee多次被评为最Ins咖啡厅，悬空步道+大型翅膀装置+皇室风格装潢）。
案例D99,香港启德airside,部分核验,A,https://zh.wikipedia.org/wiki/AIRSIDE,2023-09-28,开业信息、体量、定位,核心事实已确认,维基百科：AIRSIDE位于九龙启德协调道2号，南丰集团开发，前身为香港航空发动机维修服务公司工场；2023年9月28日开放，造价320亿港元，47层、建筑面积190万平方呎，Snøhetta+吕元祥设计。补充来源：TimeOut（70万平方呎商场、40间餐厅、City'super、万呎Muji、MCL Airside戏院、室内大型冲浪场、Gate 33艺文馆）；香港旅游发展局（香港首个可持续文化生活地标、宠物友善区+绿化空中花园）。
案例A21,成都万象城,部分核验,B,https://m.winshang.com/news724344.html,2025-06-01,体量、业态、业绩,核心事实已确认,赢商网：成都万象城体量33.2万㎡，含A/B/C/D四馆及万象广场，品牌超620个、首店数量居成都前列；2023年扎哈建筑设计的3.2万㎡万象广场亮相完成公园商业升级，为成都零售额排名前三购物中心；12周年上线CHARLES&KEITH全国独家旗舰店、i.t blue block成都首店、迪桑特城市旗舰店。补充来源：四川在线（2020-12二期揭幕、首日客流45万、50+西南/城市首店）。
案例A22,西安万象城,部分核验,B,http://m.linkshop.com/article/news/542340,2025-12-01,开业信息、体量、业绩,核心事实已确认,联商网：西安万象城2024年12月开业，定位M1重奢、地标『生命之树』；开业首月总客流581万人次、总销售额2.3亿元；开业满一年评估：声量高但一楼高奢品牌围挡一年多未开业、『叫好不叫座』，活动与场内品牌脱节。补充来源：每经网（2024-12-09开业、当天近40万客流、曲江CCBD、与西安万象天地隔街相望、8号线电视塔站）；购物中心情报站（首店规模可观）。
案例A24,宁波环球银泰百货,部分核验,B,https://www.china-yintai.com/zh-CN/news/detail/132,2015-01-01,体量、业态构成,核心事实已确认,"银泰集团官网：宁波银泰环球城地处鄞州新城核心区，总建面约70万㎡、商业面积17万㎡，为购物中心+高档住宅+酒店式公寓+主题酒店的超大规模城市综合体（2015年八城招商之一）。补充来源：银泰百货年报（2015年8月宁波开出集团第一个购物中心宁波环球银泰城、总建面约161,881㎡）；案名『银泰百货』应为『环球银泰城』。"
案例A29,上海ifc国金中心,部分核验,B,https://m.winshang.com/news735087.html,2025-01-01,体量、业绩、业态,核心事实已确认,赢商网：上海国金中心IFC 2024年销售额218亿元、全国第三；一期2010年开业、二期2013年亮相，总建面37万㎡、商场约11万㎡；汇聚HERMES/LV/CHANEL/DIOR等超260个国际品牌，首店及唯一店占比超五成；LG2层40+美妆品牌集齐四大美妆集团；2024年CHANEL、LV销售额年均增长超20%。补充来源：维基百科（新鸿基地产开发、陆家嘴世纪大道8号、2009年一期落成、Pelli Clarke Pelli设计、苹果大陆第二大旗舰店）。
案例A59,南京玄武花园城,部分核验,B,https://www.sohu.com/a/909185795_475786,2025-06-30,体量、业态、运营数据,核心事实已确认,"搜狐/CTIRLook：南京玄武招商花园城2025年6月启幕，商业面积14万㎡、95%品牌开业率、超240家品牌、首店占比超50%；位于大壮观路69号、地铁6/9号线TOD，串联紫金山/玄武湖/红山森林动物园三大文旅资源；8.8米『生命之树』、B1紫金山生态切片、全国首个开在商场里的天文台（屋顶205mm望远镜）、骑行友好/宠物友好。补充来源：建筑档案（2025 MIPIM Asia最佳综合体银奖、开业总客流逾50万、销售额突破3000万、全网曝光1亿+，招商蛇口开发，购物中心地上100,814㎡/地下30,000㎡）；玄武区政府（2025年江苏省服务业重点项目、招商局江苏中心商业板块、地上星际主题集合商业+地下公园商业、4大特色主题标签）。"
案例A76,上海静安大悦城,部分核验,A,https://www.jingan.gov.cn/rmtzx/003008/003008004/20250331/30cd1fc1-b824-469f-a979-82487b382440.html,2025-03-31,业态结构、运营策略,核心事实已确认,静安区政府官网：静安大悦城为上海二次元『顶流』之地，二次元相关店铺52家、占商场总经营面积8%；以『年轻人的目的地』为目标形成网红餐饮聚集地/夜经济新标杆/超级IP首发地/新零售潮流发声地4大标签；2024年总调整优化面积达1.8万㎡，2025年摩天轮融入二次元元素与热门IP联动；轨交8/12号线直达、距人民广场一站。补充来源：静安区政府（2024-12：2017年『二次元化』起点引入八吉岛i-Land、中庭快闪为核心竞争力『他们是首店，我们是首展』、设专业coser化妆间、南区L3低客单与北区L6-8高客单分层）；36氪（2024年落地56场国际顶流IP快闪、单快闪销售额破1.64亿、70%顾客来自8公里外、30%外地行李箱客群）。原资料：南座2010年开业、北座2015年亮相，15年老商场。
案例C37,北京蓝色港湾灯光节,部分核验,A,http://zw.china.com.cn/2025-12/20/content_118238614.shtml,2025-12-20,活动内容、时间、组织,核心事实已确认,中国网：第十八届蓝色港湾灯光节2025-12-19至2026-03-15在北京蓝色港湾点亮，主题『We See The Lights 献给城市的五彩缤纷』，首次由北京市朝阳区文旅局与广州市荔湾区、佛山市禅城区共同推动，以『非遗剪纸、灯光艺术与南北文化共鸣』为核心；铜球广场启幕、非遗青狮表演+剪纸大师现场展示，开发AR线上互动系统（小程序愿景地图打卡）。补充来源：中国日报网（同题报道，2025-12-20）；Trip.com（SOLANA蓝色港湾：朝阳公园西北湖岸与亮马河南岸、19幢JERDE设计的欧式湖畔小镇、冬日灯光节百万灯珠、地铁14号线枣营站）。
案例C53,上海龙华会,部分核验,A,https://www.shanghai.gov.cn/nw4411/20230928/91196a611bf841bda70566c5c8420106.html,2023-09-28,体量、区位、定位,核心事实已确认,上海市人民政府官网：上海龙华会2023年9月底开街，与千年古刹龙华寺相望而立，商业体量约10万㎡，连接轨交11/12号线龙华站；文化属性、场景功能、业态布局均与龙华寺、龙华塔相呼应。补充来源：知乎（开街看点：正对龙华寺一面、串联龙华寺/住宅区/盛大花园小学/龙华地铁站、后马路+廊桥+地下通道打通内部与城市链接）；原资料业态：庙会、超经花道、IT圣衫上海首店、小米之家、攀岩馆、老字号（大富贵糕团、宇宙佛学生活馆、思康todo）、龙华早市。
案例C72,上海安福路三叶草旗舰店,部分核验,B,https://www.archiposition.com/items/f07864a472,2025-08-22,门店信息、空间设计,核心事实已确认,有方/TOMO東木筑造：adidas上海首家三叶草全球旗舰店选址安福路与武康路交汇处（安福322），原址为上海老影院永乐宫，保留原始建筑结构与海派文化语境，350㎡，巨型『贝壳头』装置点亮街区界面；品牌语言在地化+年轻化。补充来源：上观新闻/文汇报（2025-09-08：5月下旬开业、占地约290㎡、中央舞台+四大『影厅』区域、老上海水门汀元素+机械艺术装置、打破『月更』升『周更』上新频率；安福路500米街区内萨洛蒙全球首家概念店同步落地，运动品牌旗舰聚集）。体量数据并存：设计方350㎡/媒体290㎡。
案例B20,西安欧亚学院,部分核验,A,https://www.eurasia.edu/xysh/sjbwg.htm,2024-01-01,校园开放、文化设施,核心事实已确认,西安欧亚学院官网：设计博物馆位于雁塔区东仪路8号图书馆1-2F，向社会开放（周一至周六10:00-17:00），运营管理办法明确『为社会提供设计教育的平台』；收藏拓片、古签、木简、汉砖汉瓦、陶罐等200余件藏品、三大展区，获全省校园文化建设优秀成果三等奖。补充来源：欧亚学院官网（和光文体中心2025年10月建成、2026年3月投用、2026年4月游泳馆开放，法国Blond et Roux Architectes设计，再获全国大奖）；百度百科（西安欧亚学院，胡建波任董事长，春山里国际中心等校园设施）。案名『荷光文体中心』应为『和光文体中心』。
案例B26,广州聚龙湾太古里,部分核验,A,https://epaper.nfnews.com/m/ipaper/nfrb/html/202504/11/content_10132208.html,2025-04-11,项目定位、开发模式,核心事实已确认,南方日报：广州聚龙湾太古里为太古地产粤港澳大湾区首个太古里项目、全国首个滨水太古里，位于白鹅潭商务区，低密度开放式街区、零售+滨水自然景观+休闲娱乐+文化体验融合；携手SOM、GMP、SASAKI等设计团队；冲口仓改造为城市展厅（获亚太区首个SITES铂金认证）、1962年鹤洞公社涌口电排站修缮为滨水展览馆；2025年底起陆续举办展览/活动/快闪。补充来源：广州市政府门户（珠江产投引入太古地产投资超100亿、打造全国首个国际高端滨水『双太古』项目，太古里一期2025年底开业，顶级重奢品牌愿在江边河涌旁打造独栋旗舰）；YouTube（项目4K介绍：保留广州柴油机厂旧址等工业遗存）。
案例D13,英格卡购物中心（荟聚）,部分核验,A,https://www.ingkacentres.com/zh-cn/where-we-are/china/livat-beijing,2014-01-01,体量、模式、战略,核心事实已确认,英格卡购物中心官网（北京荟聚）：2014年开业，建筑面积约55万方、商业面积21万方、覆盖约402个国内外品牌，与地铁4号线无缝衔接、近7050个停车位（曾获世界最大地下停车场吉尼斯纪录），辐射人口约692万；家庭友善型一站式超区域购物中心。补充来源：解放日报（英格卡购物中心在中国运营10个荟聚：无锡、北京、武汉、福州、长沙、南宁、昆明、合肥、西安、上海）；每经网（2026-01-30：英格卡回应在华重大调整——停运7家宜家门店、与高和资本成立专项不动产基金共持无锡/北京/武汉荟聚、2025财年上海荟聚出租率97%、英格卡集团2025财年全球营收414.51亿欧元）。
案例D20,上海孙北面包社区店,部分核验,A,https://www.sunbabybread.com.cn,2024-01-01,品牌模式、门店数据,核心事实已确认,孙北北面包官网：品牌定位『社区烘焙——家门口的放心面包』，15分钟生活圈布局，门店会员复购率超35%，0防腐剂/0反式脂肪/100%动物奶油，产品定价较同类连锁品牌低20%-30%，全国300+签约门店（上海元味科技有限公司）。补充来源：中国江苏网（2025-12-09孙北北面包三周年：深耕社区烘焙蓝海、邻里店选址覆盖社区出入口、定价聚焦6-25元核心价格带）；搜狐（2022年成立、『AI+社区烘焙』双向驱动门店降本增效）。案名『孙北面包』官方名为『孙北北面包』。
案例D80,名创优品MINISO SPACE南京德基店,部分核验,A,https://www.miniso.cn/brand,2025-06-18,门店信息、战略意义,核心事实已确认,名创优品官网品牌故事：2025年6月18日全球首家MINISO SPACE在南京德基广场正式开业，启幕顶奢商圈和潮流IP的跨界创新之作。补充来源：名创优品官网新闻（2025-07-02：全球首家MINISO SPACE于2025年6月亮相南京德基广场，成为全球首个在高奢商圈打造IP空间的中国品牌；MINISO LAND全球壹号店开业9个月单店销售破亿、IP系列销售占比79.6%，全国已布局10家MINISO LAND）。
案例D89,LE LABO武康路店,部分核验,B,https://socialbeta.com/article/110320,2025-01-01,门店模式、区位,核心事实已确认,SocialBeta：LE LABO上海已开四家门店，其中一家为内地唯一提供现场手工调香和续装服务的门店。补充来源：Instagram（数月前开幕的『Le Labo集雅香氛实验室』位于武康路，为上海第四家门店，以『店中店』模式运作：除香氛产品外含陶瓷、字画及相连的集雅咖啡店）。原资料：LE LABO来上海近两年开出第四家店，武康路沿街、香氛手工现调。
