case_id,project_name,evidence_status,project_highlight,problem_opportunity,decisive_action,mechanism_chain,evidence_backed_result,transferable_action,applicability_trigger,required_conditions,non_transferable_conditions,proposal_use,card_status
案例A1,呼和浩特万象城,部分核验,以首店及综合业态补足首府城市大型旗舰商业供给的开业型样本（项目方原文待补）,区域高品质商业和首店供给不足,围绕购物、餐饮、娱乐组成旗舰商业配套并导入首店,城市消费升级需求 → 旗舰体量与首店招商 → 形成区域目的性到访（经营效果待补）,开业和首店信息仅由被拦截官方页的搜索摘要支持；经营结果待补,先以区域供给缺口定义招商级次，再用首店与高频消费业态组合建立首期开业吸引力,首府或区域中心缺少高品质综合商业、消费外溢明显,足够体量、区域消费辐射、头部招商资源和成熟运营团队,呼和浩特首府辐射能力、华润品牌资源及具体项目规模,策略依据（需补官方原文后使用）,已完成
案例A10,南京德基广场,部分核验,把艺术、商业与科技体验叠加到头部商场，形成“高端零售+24小时+文化场景”的复合运营,高端商场在品牌之外需要持续制造目的性到访和媒体话题,将首店、24小时营业、艺术商业科技内容共同编排进日常经营,高端品牌底盘 → 艺术/科技/24小时内容 → 延长时段并吸引目的性到访,艺术商业科技机制、首店、24小时模式和客流销售数据已确认；改造全过程待补,在成熟高端项目上叠加“文化内容+全天候时段”，而不是只做品牌招商,头部商场需要提升时段利用率和内容话题度,品牌级次、24小时运营条件和内容策划资源,南京核心商圈、德基品牌资产和城市级消费辐射,策略依据,已完成
案例A11,长沙万象城,部分核验,以开业后楼层业态和运营观察校验招商兑现，作为新开业万象城样本,新开业项目需从开业热度转向稳定运营，品牌数量口径易失真,开业后持续观察楼层业态组合与品牌实际经营,开业招商 → 楼层业态兑现 → 运营观察验证业态匹配,开业后楼层业态和运营观察已确认；品牌口径需统一,开业后以楼层为单位复盘业态兑现，避免只用宣传品牌数判断成败,新项目开业后需要检验招商与运营一致性,项目方数据开放、楼层业态数据可获取,长沙万象城具体品牌资源和项目体量,动作参考,已完成
案例A12,绍兴苏宁广场,部分核验,以TOD、复合空间和场景组合提升区域商业体开业吸引力,新建区域商业需要把交通、空间与内容一次性组织清楚,将体量、TOD到达、复合空间和主题场景在开业阶段同步落地,TOD客流 → 复合空间与场景 → 开业期形成区域目的性到访,开业、体量、TOD、复合空间和场景已由政府确认；品牌和开业后表现待补,把交通接驳、空间节奏和场景主题作为开业策划的一体化任务,TOD或区域商业在开业时需要快速建立认知,轨交接驳、空间可塑性和开业期内容投入,绍兴项目体量、政府资源与苏宁体系,动作参考,已完成
案例A13,成都印象城,部分核验,用主题空间、区域联动、年轻客群和夜间业态为区域商业做内容更新,区域型购物中心同质化，需要年轻化和夜间活力,导入主题空间、联动区域并强化夜间业态,主题空间 + 夜间业态 + 区域联动 → 吸引年轻客群并延长时段,主题空间、区域联动、年轻客群和夜间业态已确认；持续运营数据待补,围绕单一目标客群做主题空间与夜间业态组合，并与片区活动联动,区域购物中心需要年轻化和夜间消费,主题空间改造、夜间业态招商和区域资源,成都印象城体量与印力运营体系,动作参考,已完成
案例A14,南昌大悦城,部分核验,以项目定位、开业品牌和首日表现组织新开业商业的即时反馈,新开业项目需要快速验证定位与品牌匹配,在开业阶段集中释放定位、品牌矩阵并观测首日表现,定位与品牌矩阵 → 开业集中释放 → 首日表现验证,定位、开业、品牌和首日表现已确认；空间和后续表现待补,把开业当作定位验证节点，快速回收品牌与客流反馈,新项目筹备后期需要校准定位与品牌,招商完成度、开业执行和首日数据采集,大悦城品牌资源和南昌项目体量,动作参考,已完成
案例A15,苏河湾万象天地,部分核验,以开放商业街区和历史建筑线索组织苏河湾滨水地段的非盒子商业,滨水/历史地段不适合传统盒子，需要开放空间与文脉,用开放街区、滨水界面和历史建筑线索组织商业,滨水开放空间 + 历史建筑辨识 → 形成可游逛街区消费,位置、开放商业和历史建筑线索已确认；华润/静安官方来源待补,在文脉地段用开放街区和历史建筑做空间识别，而非复制盒子,滨水或历史地段需避免封闭商业形态,开放街区条件、历史建筑保护和运营协调,苏河湾地段、华润品牌资源,策略依据（来源待补强）,已完成
案例A16,成都杉杉奥莱,部分核验,把奥莱从折扣场升级为文商旅体联动的目的地式消费场景,奥莱仅靠折扣难以形成高黏性，需叠加体验与服务,在开业后叠加文旅、体育、空间服务和内容联动,折扣底盘 + 文商旅体联动 + 空间服务 → 拉长停留并提升客单,开业后文商旅体联动、空间服务和经营数据已确认；项目方原始来源待补,在奥莱上叠加非购物的体验与服务内容，而不是只扩品牌折扣,奥莱需要摆脱单一折扣依赖,可运营公共空间、文旅/体育资源和运营能力,成都杉杉奥莱体量、项目方资源,动作参考,已完成
案例A17,上海青浦百联奥莱,部分核验,以多年运营、品牌会员和年度经营数据验证奥莱的长期复购体系,成熟奥莱需要证明可持续经营而非仅开业热度,沉淀运营年限、品牌组合和会员体系，并以年度数据衡量,多年运营 + 品牌会员 → 稳定复购与年度经营产出,运营年限、品牌会员和2025经营数据已确认；二期计划需单独记录,用会员权益绑定与品牌季节性迭代做年度复购，以年度经营数据而非开业热度衡量成效,成熟奥莱需要评估复购和经营稳定性,会员体系、品牌更新能力和多年运营积累,上海青浦区位、百联体系与既有客群,策略依据,已完成
案例A18,北京世纪金源,部分核验,以改造策略、时间线和主题空间组织大体量商业的更新节奏,大体量老牌商业需要在不失定位的前提下分步改造,制定改造时间线，并用主题空间承接更新内容,改造策略 → 主题空间落地 → 分阶段更新保持经营,改造策略、时间线和主题空间已确认；项目方公告待补,先定改造主线与节奏，再以主题空间作为阶段性内容抓手,大体量存量商业需要更新且难以整体停业,改造策划、分期施工和主题空间运营,北京世纪金源体量与既有客流,动作参考,已完成
案例A19,西安万象城-生命之树,部分核验,以“生命之树”特色场景为大体重奢项目建立可传播的城市记忆点,大体量项目需要超越品牌招商，形成可被记住的场景符号,以强识别度的特色场景装置作为项目空间锚点,特色场景符号 → 社交传播与记忆点 → 带动到访与品牌认同,生命之树作为特色服务场景已确认；西安项目官方页和单项目数据待补,在项目中设置一个可传播、可停留的空间锚点，而非平均铺满美陈,需要建立城市级辨识度的大体量项目,空间承载力、维护预算和传播能力,西安万象城资源、华润体系与具体装置,动作参考,已完成
案例A2,湾里·王府井WellTown,部分核验,将奥莱交易底座改造成含餐饮、艺术和主理人内容的微度假消费链,传统奥莱停留短、体验单一，难以承接文旅和轨道客流,将40%以上运营面积配置为餐饮、文化、艺术和生活体验，并以艺术中心和高频内容延长停留,奥莱价格吸引 → 内容与餐饮延长停留 → 文旅/轨道客流转化为多品类消费,2025年12月开业及体验业态占比已确认；长期销售和复购待补,在折扣零售之外预留可运营的内容与餐饮比例，并将其编入完整游逛动线,奥莱或远郊商业客单结构单一、停留时间短、周末依赖强,可持续内容团队、餐饮承接能力、停车/轨道可达性及文旅客流,环球影城邻近、北京副中心客流、轨道枢纽和大型停车资源,动作参考,已完成
案例A20,成都万象城,部分核验,以产权与运营分离呈现成熟商业资产的资本化与持续经营并存,持有型商业需要融资或退出，但不能因此中断运营,转让产权同时保留专业运营管理，形成轻资产运营延续,产权转让 → 运营管理保留 → 资产资本循环与经营稳定并行,产权与运营分离及商业REITs背景已确认；单项目运营资料待补,资本退出时以运营管理权保留保障经营连续性,成熟资产面临资本循环或退出需求,现金流稳定、专业运营团队和资管工具,华润体系、成都万象城成熟度,策略依据,已完成
案例A3,长宁Artpark大融城,线索,项目身份未确认，不能归纳为有效商业亮点,待确认正式资产、改造背景及其真实经营问题,先按“上海长宁大融城”与“Art Park”分别完成项目消歧,身份不清 → 不能建立事实—动作关系 → 禁止形成可借鉴结论,仅确认存在活动场地线索,不可引用；先补项目身份、主体和基础经营资料,案例名称、边界或主体不唯一时,项目方、开发商、政府或专业媒体的基础资料,不适用,风险提示,已完成
案例A4,杭州万象城-香氛节,部分核验,把香氛这一垂直品类从店内陈列扩展成可游逛、可互动、可复访的街区型内容,高端商业需要以低频品类创造可参与的到访理由,在沿街空间组织品牌主题展、艺术家合作、品牌小屋、巡演和会员任务,垂直品类主题 → 公共空间互动与会员任务 → 品牌曝光、停留及复访,2026年活动时间、沿街位置、互动展和巡演已确认；活动转化待补,选择已有品牌基础的单一品类，用共创展陈、任务和商户权益做成跨店内容季,项目有沿街/中庭公共空间，且需要提高品牌互动和会员活跃,品类品牌联合投入、公共空间排期、会员工具和内容执行团队,杭州万象城品牌池、艺术家资源和单次活动热度,动作参考,已完成
案例A5,杭州大厦,部分核验,在持续营业状态下，以分区改造、品牌补强和科技体验完成传统高端百货的渐进更新,老牌百货需要升级空间和品牌，且不能长时间停业失去既有客群,对B座、C座分区边营业边施工，并同步推进品牌续约、补强和跨界活动,分区施工控制停业损失 → 品牌与体验同步更新 → 保持商圈存在感并逐步提升消费体验,武林商圈内空间、品牌和活动更新及边营业边施工已确认；改造效益待补,将存量改造拆为可营业的分区节奏，并让招商更新与施工节点同步排布,成熟百货或购物中心需改造但无法整体闭店,分区施工条件、商户协调机制、明确的迁铺/续约计划和现金流承受能力,武林核心商圈、头部奢侈品牌资源和国企集团协同能力,动作参考,已完成
案例A6,北京朝阳合生汇,部分核验,不是单靠IP快闪，而是让商户、首店、餐饮、IP和会员共同参与成熟项目的持续调改,成熟购物中心需要在既有客流基础上提升复购和内容新鲜度,组织商户协同、首店引入、主题街区和高频内容活动,成熟客流与商户基础 → 联合内容和权益 → 到访转化为跨店消费与会员复购,协同共创、主题街区及活动运营已确认；单项目经营数据待补,建立商户共创机制，将活动权益、餐饮和会员任务捆绑，而非孤立做IP快闪,成熟项目客流稳定但复购/内容新鲜度下降,商户协作意愿、会员数据能力、内容团队和品牌资源,北京商务客群、合生汇既有体量与首店资源,动作参考,已完成
案例A7,重庆方圆LIVE,部分核验,把低效地下商业街重构为可24小时分时运营的二次元社交消费基地,地下空间可见度低、传统业态弱、夜间闲置,以二次元主题、自由Cosplay、高频活动和分时运营重组地下空间,封闭地下空间 → 圈层沉浸与社交活动 → 延长夜间停留并带动消费,5万平方米、2023年开业、二次元街区与客流表现已确认,先锁定可持续圈层，再将空间、活动、店铺和夜间规则一体化设计,地下/边角空间低效且周边有年轻圈层,稳定IP供给、社群运营、夜间安全消防及分时管理,重庆本地二次元社群、具体客流和活动热度,动作参考,已完成
案例A8,苏州万象天地,部分核验,用MALL+街区、一街一巷四广场把古城商业做成多节点游逛体验,大型商业需要避免封闭盒子同质化，并与古城文脉建立关系,以开放街区、主题巷道和多个广场组织动线，同时导入首店,开放空间节奏 → 多节点停留与首店探索 → 游逛转化为多场景消费,2025年12月开业、约14万平方米、近350品牌已确认,把主力店之外的步行路径设计为连续的可停留节点，并让首店配置对应节点主题,新建综合体需要提升步行探索和外摆公共空间价值,开放空间、连续动线、招商资源及公共空间运营,姑苏古城文脉、地铁上盖和高能级品牌资源,动作参考,已完成
案例A9,上海静安大悦城,部分核验,以夜食天台和二次元IP首发，为传统购物中心建立青年夜间内容入口,项目需要提升青年客群吸引和夜间时段活力,调改屋顶为夜食天台，联动二次元业态、超级IP活动和商户,专属夜间空间 → IP首发带来目的客流 → 餐饮与零售承接并形成复访,天台调改、IP活动及经营表现已由政府和项目方确认,把IP内容放入可持续经营的专属空间，并配置餐饮、零售和会员承接,需要做青年夜经济或将屋顶/闲置高区转化为目的地,年轻客群、夜间审批和安全、餐饮供应、IP资源与商户联动,上海核心商圈、静安大悦城IP资源与活动热度,动作参考,已完成
案例C1,首尔圣水洞,部分核验,保留工业肌理并允许设计、咖啡、快闪渐进聚集，使旧工业区成为潮流街区,工业遗存闲置或单一，需引入当代消费但避免失去原有特征,保留旧厂房氛围，导入小尺度创意业态和阶段性快闪,工业空间辨识度 → 创意业态与快闪聚集 → 形成街区探索和潮流传播,工业区向K时尚/美妆趋势区域转型已确认；租金和经营数据待补,保留可识别的工业元素，采用低门槛、小尺度和可迭代招商，而非整体仿古改造,工业遗存更新、需要引进年轻创意客群,产权允许渐进改造、小店招商、公共空间和防绅士化治理,首尔潮流资源、城市旅游流量及原有产业积累,策略依据,已完成
案例C10,广州黄沙上堓,部分核验,把旧水产交易市场原址更新为固定店铺与月度慢闪结合的临水商业,产业交易功能外迁后，遗留滨水存量资产需要重新导入消费,在原址保留固定店铺，并以月度慢闪持续引入新内容,历史产业原址 → 固定店铺承接基本经营 → 慢闪保持内容轮换,旧黄沙水产市场原址、2026年4月开幕、固定店铺与慢闪机制已确认,用固定铺+慢闪的组合平衡稳定租约与内容更新,产业搬迁后遗留的临水或历史存量资产,产权清晰、慢闪场地和运营方持续策展能力,广州黄沙滨水区位和既有水产市场记忆,动作参考,已完成
案例C11,上海M+幸福里,部分核验,把老厂房更新为社区休闲和小而美业态，并以市集和婚登节点放大“幸福经济”,老厂房与社区需要建立日常关联，而非只做艺术打卡,导入社区休闲、小而美商业，并用市集和婚登内容联动,老厂房空间 → 社区休闲与小店 → 幸福经济节点带动日常到访,老厂房更新、社区休闲、小而美业态、市集及幸福经济内容已确认,以小而美业态服务周边日常，并用可复用的仪式/市集节点制造复访,社区型存量空间需要兼顾日常消费与目的地内容,社区客群、轻改造成本可控、内容运营方,上海长宁区位、婚登节点等公共资源,动作参考,已完成
案例C12,昆明巡津街,线索,项目身份与统一运营主体未确认，不能形成可引用亮点,历史街区视频线索需要先确认是否具有统一运营和可迁移机制,先确认项目范围、运营主体和是否统一招商运营,身份不清 → 无法区分自发聚集与主动运营 → 不能形成借鉴,仅原始视频线索，无可靠来源,不可引用；先区分“自然生长街区”与“有运营主体的项目”,视频或社交线索指向某街区但运营主体不明,项目方、政府或专业媒体来源,不适用,风险提示,已完成
案例C13,武汉延庆里,线索,项目身份未确认，不能归纳为有效商业亮点,里份空间更新需先确认正式名称、范围和运营阶段,先确认正式名称、地址、主体和开业阶段,身份不清 → 无法建立事实—机制关系,无可靠来源；正式名称、范围、开业和品牌待确认,不可引用；先完成项目消歧,案例名称或主体不唯一,项目方、政府或专业媒体资料,不适用,风险提示,已完成
案例C14,成都CPI,部分核验,把湖岛样板间存量资产转为自然场景、独栋游逛与生活方式业态共存的商业公园,存量样板间/独栋资产需要从地产配套转向可消费的公共商业,保留自然场景与独栋形态，导入高比例生活方式业态和慢闪,自然场景 + 独栋探索 + 生活方式业态 → 游逛与停留,麓湖CPI分期、空间业态、2024年经营数据及客群结构已确认,以独栋小体量和自然路径组织游逛，用慢闪持续更换内容,拥有生态或独栋存量、想打造非标生活方式商业,生态资源、主理人/生活方式品牌供给和持续运营,麓湖生态、样板间存量和高客单品牌资源,策略依据,已完成
案例C2,悉尼岩石区（海外）,部分核验,以统一遗产管理机构和低干预保护，让历史滨水街区保持真实性与常态化运营,历史街区需在保护前提下持续运营，避免过度商业化,由单一公共机构持有并管理，叠加低干预保护和本地创作者市集,统一遗产管理 → 低干预保护 → 本地市集与真实社区生活共存,The Rocks由Placemaking NSW持有管理、历史滨水街区身份已确认,以统一管理机构统筹保护与商业，用本地创作者内容保持活力,历史滨水街区需要协调保护与运营,统一管理机构、保护约束和本地创作者供给,悉尼历史街区资源与Placemaking NSW体制,策略依据,已完成
案例C3,北京中海大吉巷,线索,项目身份未确认，不能形成可引用亮点,北京老城更新项目需先确认资产、文保和开业状态,先确认项目身份、面积、文保点位和开业期,身份不清 → 无法建立商业机制,无可靠来源；面积、文保、开业、品牌和经营待确认,不可引用；先完成项目身份核对,案例名称或资产不明确,项目方、政府或专业媒体资料,不适用,风险提示,已完成
案例C4,宁波秀水街,线索,项目身份未确认，不能形成可引用亮点,历史街区更新需先确认主体、保护范围和开街时间,先确认招商蛇口主体、更新范围、开街和首店,身份不清 → 无法形成借鉴,无可靠来源；主体、保护范围、开街和经营待确认,不可引用；先完成项目消歧,案例主体或范围不明确,项目方、政府或专业媒体资料,不适用,风险提示,已完成
案例C5,悉尼QVB（海外）,线索,项目身份为历史商业再利用方向，但关键事实未确认,历史建筑商业再利用需确认业主、修复和设计导则,先获取政府、业主或项目官方资料,身份可辨识 → 但修复/租户/导则未确认 → 暂不可引用,仅确认Queen Victoria Building历史商业再利用方向,不可引用；先补业主、修复、租户和设计导则,历史建筑再利用但官方资料缺失,政府、业主或项目官方来源,不适用,风险提示,已完成
案例C6,上海安福路,部分核验,以风貌保护、品牌阶段性更新和外摆精细治理，把漫步流量转成街区消费,历史风貌街区需在保护与商业化之间保持平衡,在风貌约束下导入首店/快闪，并用外摆试点和营商服务做精细治理,风貌保护 → 品牌更新与外摆治理 → 漫步流量转消费,约1.5公里街区、200余商户、风貌保护、快闪和外摆治理已确认,用保护规则做边界，再用品牌更新和外摆试点提升沿街体验,历史风貌街区需平衡保护与消费,可步行界面、风貌约束、活动审批和居民协商,衡复风貌区、上海首店资源与高密度国际品牌,策略依据,已完成
案例C7,景德镇陶阳里,部分核验,以考古式修缮把产业遗产变成手作、研学与日常生活的生产性载体,产业遗产易被做成静态布景，缺乏真实产业链和内容支撑,采用考古式修缮，把遗产保护与手作、文创、餐饮、研学并置,真实文化产业链 → 遗产保护与研学消费 → 文化深度与夜间延长,108条里弄、明清窑作群、修缮方式、业态和接待量已确认,把遗产当作可生产内容的空间，导入手作、研学和生活业态,拥有真实文化产业链和遗产资源的项目,遗产保护能力、文化产业链和社区协调,景德镇陶瓷产业链、御窑遗址和城市级文旅流量,策略依据,已完成
案例C8,北京胡同商业,线索,案例名不是唯一项目，不能形成可引用亮点,“北京胡同商业”需拆分到具体资产和运营主体,先拆分并定位具体项目、资产和运营主体,非唯一名称 → 无法建立事实—机制,无可靠来源，仅泛指胡同住宿零售,不可引用；先拆分具体项目,案例名称是泛指而非唯一项目,具体项目名称、地址和主体,不适用,风险提示,已完成
案例C9,青岛银鱼巷,部分核验,小尺度历史巷道的轻修缮加业态动态调控，从活动导流转到服务型运营,历史巷道初开街后业态易过度集中，需从引流转向留客,保留路面、拱券等历史痕迹，用主理人起步并动态调整业态结构,轻修缮 + 主理人测试 → 业态动态调控 → 服务与复购,约255米、2019启动、2021开街、业态迭代与运营转向已确认,先轻修缮保真，再用主理人试水并据品类集中度动态调业态,小尺度历史街区开街后需要转向精细运营,历史痕迹可保留、主理人供给和服务能力,青岛老城资源与项目运营总监口径,动作参考,已完成
案例B1,东郊记忆,部分核验,把工业遗存变成展演、数字文创、潮流商业与办公协同的内容生产空间,旧厂房需要超越静态改造，形成可持续内容生产,保留工业肌理，导入展演、首店、主理人和产业办公,工业遗存保留 → 展演/首店/主理人内容 → 年轻客群与产业协同,工业遗存、300余商企/主理人、展演和年轻客群已确认,把旧厂房做成“可演、可展、可办公”的内容生产平台,大体量工业遗存需要持续内容与产业支撑,存量空间、内容生产能力和交通承载,成都传媒集团资源与原厂遗产,策略依据,已完成
案例B10,曼谷1981 Soul & Sold,部分核验,以明确文化母题把旧商场改造成复古时尚、音乐与社群集合的体验型商业,旧商场在区位和体量之外缺乏主题与内容黏性,以“Newstalgia”为主题，按八类功能分区组织业态和活动空间,旧商场 + 明确文化母题 + 分区业态 → 社群型消费,The Mall Ramkhamhaeng更新、Newstalgia定位、八类分区已确认；属早期运营,用单一清晰文化母题贯穿分区、业态和活动,旧商场更新且缺少内容主题,文化母题明确、分区招商和活动组织,曼谷区位、The Mall存量与本地文化社群,动作参考,已完成
案例B11,沈阳东北超-机械巨虎,部分核验,以可互动的机械文化IP连接城市重工叙事、夜游、商业与赛事,城市需要高辨识度事件型内容打破文旅同质化,打造机械仿生IP并接入街区、夜游演艺和赛事活动,城市重工符号 + 可互动装置 + 赛事/节庆联动 → 传播与到访,机械巨虎技术规格、委托主体、IP用途及虎啸街更新背景已确认,用本地产业符号做成可互动的城市事件，并绑定节庆赛事,城市有重工/产业符号且需要事件型引流,装置安全维护、演艺编排和夜间管理,沈阳重工文化、赛事资源和本地文旅投入,动作参考,已完成
案例B12,盐官古城-潮乐之城,部分核验,以遗产修复先行，再用音乐内容作为全年运营引擎,古城需在保护基础上形成可持续的全年内容供给,修复历史街巷与文保，并引入音乐产业合作延伸内容,遗产修复 → 音乐/观潮内容 → 全年运营与阶段性客流,修复逻辑、2024试运营、保护规划和阶段性客流已确认,先修遗产保真，再绑定可长期供应的主题内容引擎,古城/古镇需要内容引擎而非一次性开街,历史资源真实、修缮资金、演艺内容和承载能力,钱塘潮、盐官遗产与长三角客源,策略依据,已完成
案例B13,迪拜文艺园区,线索,项目身份未确认，不能形成可引用亮点,“迪拜文艺园区”需确认是否对应Alserkal Avenue等具体资产,先确认正式中文名称、边界和运营主体,名称疑似但非唯一 → 暂不可引用,仅第三方线索，未确认项目边界和主体,暂存“工业仓库弹性空间+创意生产者聚集”假设，待专项核验,名称指向不明或非唯一,项目官方页、业主主体和项目数据,不适用,风险提示,已完成
案例B14,广州阿那亚Aperch,线索,项目身份未确认，不能形成可引用亮点,“Aperch”拼写、地点、主体和开业状态均不明,先确认正式名称、地点、资产类型和主体,身份无法定位 → 不可引用,无可靠来源,不可引用；先完成项目身份核验,名称或拼写无法定位,项目官方名称、地址和主体,不适用,风险提示,已完成
案例B15,洛阳魏坡新序,部分核验,先识别低效仿古存量，再用本地文化/艺术内容重做目的地,阶段性开发遗留的低效仿古街需要真正的内容激活,以艺术赋能、文化再造和设计共生植入创意资源,识别低效存量 → 本地文化/艺术内容 → 重做目的地,所在地、古民居/仿古街背景、机构和更新逻辑已确认,先诊断低效存量，再用本地真实文化内容而非纯仿古改造,历史街区存在低效仿古或空置存量,历史资源真实、社区参与和策展招商能力,魏家坡古民居和洛阳文旅资源,动作参考,已完成
案例B2,广州聚龙湾,部分核验,以片区级复合开发与前置内容导入组织大体量更新项目筹备期,大型更新项目在建设期就需要定义内容与协同关系,在片区开发中前置导入零售、餐饮、展览及文商旅定位,大体量更新底座 → 分期落成与内容前置 → 片区功能协同,太古地产与珠江实业合作、位置、建设与分期计划已确认；仍属在建,在长周期项目中把内容策划前置，明确分期与功能协同,片区级更新处于筹备/建设期,长期资本、统一规划和多阶段运营,太古与珠江实业资源、广州区位,策略依据,已完成
案例B3,阿那亚70家新店,线索,数量型描述不是唯一项目，不能形成可引用亮点,“70家新店”需确认年度、园区和统计口径,先确认对应年份、园区、品牌清单和开业状态,非唯一项目名 → 无法形成机制,未取得官方资料,不可引用；先锁定具体年度和店铺清单,数量型描述而非唯一项目,官方年度资料和品牌清单,不适用,风险提示,已完成
案例B4,阿那亚2026新店,线索,计划/预告不能作为已实现事实,2026新店属计划或预告，需区分实际开业,先取得官方年度发布并核对实际开业品牌,计划/预告 ≠ 已实现 → 不可形成业绩结论,未取得可引用官方年度资料,不可引用；区分招商预告与实际开业,案例是计划或预告型描述,官方年度发布和实际开业清单,不适用,风险提示,已完成
案例B5,北京亮马河,部分核验,以生态治理、慢行开放和岸上内容联动构建滨水运营系统,滨水空间需先建立可达性，再形成全年内容供给,先做水生态与公共空间，再以游船、灯光、节庆和商业编织内容,生态治理 + 慢行开放 → 水上/岸上内容 → 滨水消费,治理工程、生态改善、周边客流/商业变化及内容运营已确认,先做公共性基础，再把商业与水上/岸上活动联动,滨水空间需活化但公共基础不足,水体安全、公共岸线、跨部门治理和长期维护资金,北京朝阳滨水资源与政府治理投入,策略依据,已完成
案例B6,伦敦巴特西发电站（海外）,部分核验,以遗产地标修复为锚点，把零售、办公、住宅和交通整合为持续更新的片区,大型遗产更新需长期资本和统一规划而非单点招商,以遗产修复为核心，导入混合功能、交通并持续招商,遗产锚点 + 片区混合功能 + 交通接入 → 长期街区活力,2022年开放后零售休闲文化持续招商及街区复合供给已确认,以遗产地标做识别，用混合功能和交通支撑长期片区运营,大体量遗产/棕地更新需长期运营,长期资本、统一规划和多阶段运营,伦敦地标、住房办公市场和地铁新站,策略依据,已完成
案例B7,北海阿萨卡,部分核验,用数字内容生产、旅居服务和消费场景盘活非住宅存量,非住宅存量需以产业导入替代传统销售去化,叠加直播基地、影院、美术馆、餐饮和酒店，导入数字游民,数字内容生产 + 旅居服务 → 人流与消费而非卖房,数字游民社区、数字产业和旅居消费复合定位已确认,以产业和内容导入替代单纯卖房，形成旅居消费闭环,非住宅存量去化或产业导入,产业导入、运营主体和住宿配套,北海政策与低投入成本,动作参考,已完成
案例B8,上海EKA·天物,部分核验,保留工业记忆，用非同质建筑群、首店和公共内容做文商旅体展融合,工业遗存活化需避免千篇一律的仿旧改造,保留工业构件，多建筑师改造并叠加首店、展览、运动和社群,工业记忆 + 非同质建筑群 + 首店/公共内容 → 全时段消费,原厂址、开发主体、建筑改造、首店和销售增长已确认,用多建筑师差异化改造保留记忆，再用首店和公共内容持续导流,工业遗存更新需要差异化与持续内容,可步行空间、策展招商能力和维护预算,上海浦东区位与首店资源,策略依据,已完成
案例B9,北戴河阿那亚,部分核验,以公共文化地标、内容日历和社群运营支撑度假社区消费,度假社区需在居住之外形成稳定的文化与消费内容,用孤独图书馆/礼堂等公共建筑建立认知，并以戏剧、音乐高频运营,文化地标 + 内容日历 + 社群运营 → 住宿餐饮零售协同,滨海文旅定位、文化设施、高频活动及2024游客/社区收入已确认,以公共文化地标和内容日历支撑度假消费，而非孤立复制建筑,度假社区需要稳定内容与社群,长期运营权、内容生产能力和淡旺季策略,滨海资源、环京客源和既有品牌认知,策略依据,已完成
案例E1,东京OIMACHI TRACKS（海外）,部分核验,以轨道运营商主导的站区复合开发升级交通节点,站区土地需从单纯换乘转向城市目的地,由铁路运营方统筹办公、酒店、商业和公共空间开发,轨道站区土地 → 复合开发 → 站城目的地,约3公顷原社宅用地、JR东日本主体、2026年3月开街已确认,由土地统筹型运营方把站区做成“交通+商业+办公+居住”多业态目的地，用连续动线串联各功能而非孤立设店,站区或TOD用地需升级为目的地,站区土地统筹、交通换乘和长期资产运营,东京通勤客流、JR土地权属和品川集聚,策略依据,已完成
案例E2,东京虎之门之丘（海外）,部分核验,以整体街区运营和店铺联动组织高密度混合功能综合体,城市综合体零售不能单店出租，需与办公居住协同,将商业嵌入居住办公复合体，做整体优化、店铺联动和活动,高密度办公居住 → 商业整体运营 → 店铺与活动协同,森大厦城市综合体中商业设施嵌入居住/工作的机制已确认,把商业的招商、内容与公共空间纳入综合体整体运营，用酒店/办公/轨交客群互相导流，而非把铺位独立出租,高密度混合功能综合体,多功能密度、站城连接和长期资产管理,东京核心区位、轨道网络和森大厦土地整合,策略依据,已完成
案例E3,深圳后海片区,部分核验,以就业密度、公共空间、慢行连接和夜间内容共同塑造CBD片区活力,CBD片区不能只靠单一商业载体，需多要素协同,强化公共空间、连廊、滨海界面与夜间经济,就业密度 + 公共空间 + 慢行连接 + 夜间内容 → 片区活力,国际客厅、世界级商圈及公共空间升级方向已确认,以交通、产业、居住、公共空间与商业的多要素协同做片区运营，用人流与配套互补而非单项目招商衡量成效,CBD/片区级综合运营,就业密度、公共空间和慢行系统,深圳湾CBD能级与公共投入,策略依据,已完成
案例E4,上海西岸梦中心,部分核验,以滨江开放场景承接文化活动，再以票根权益把流量导回商户,滨水商业需要把文化活动和消费转化连接起来,用滨江岸线、落日剧场承接露天电影音乐会，配票根优惠联动,滨水开放场景 → 文化活动 → 票根权益导回餐饮零售,GATE M滨江场地、电影活动及票根联动机制已确认,以文化活动做引流引擎，用跨店权益/会员任务把活动流量转化为商户消费,滨水/开放空间需内容与消费联动,高质量公共空间、内容合作方和商业承接,徐汇西岸滨江资源和活动期流量,动作参考,已完成
案例E5,东莞旗云广场,部分核验,以TOD通勤客流、首店矩阵和主题活动把交通节点转化为区域目的地,枢纽商业需把通勤客流转为消费而非仅路过,以首店/旗舰店矩阵、影院和主题快闪组织开业内容,TOD客流 → 首店与主题活动 → 区域消费与社交,TOD位置、东实集团开发、2025-12-31开业及区域定位已确认,在动线节点设首店内容与高频活动停留点，把过境交通客流转化为到店消费,TOD或枢纽型商业,持续交通客流、周边居住消费和招商活动能力,东莞站通勤客流与东实资源,动作参考,已完成
案例E6,成都凯德天府,线索,项目身份无法唯一对应，不能形成可引用亮点,“成都凯德天府”需确认正式项目全名和主体,先确认正式全名、地址、主体和开业状态,名称无法唯一对应 → 不可引用,无可靠来源,不可引用；先完成项目消歧,名称无法唯一对应具体资产,项目方、政府或专业媒体资料,不适用,风险提示,已完成
案例E7,武汉麓客岛,线索,项目身份未定位，不能形成可引用亮点,“武汉麓客岛”需确认是否真实存在及主体,先确认正式名称、地址、主体和原始语境,身份未定位 → 不可引用,无可靠来源,不可引用；先完成项目身份核验,名称无法定位或非唯一,项目方、政府或专业媒体资料,不适用,风险提示,已完成
案例E8,上海乐高乐园旁爱琴海缤纷里,线索,项目身份未获官方来源，不能形成可引用亮点,乐高乐园配套商业需确认主体、开业、商户和经营,先取得项目方、乐园或政府官方来源,仅百科/旅游结果 → 不可引用,未取得可靠来源,不可引用；先补官方开业/招商/经营资料,配套商业身份待确认,项目方公告、官方招商/开业材料,不适用,风险提示,已完成
案例D1,南京景枫中心·再地,部分核验,在购物中心边角空间做在地文化品牌社区，并以社群友好和首展快闪带动复购,既有购物中心需在标准动线外制造可停留的非标准场景,以下沉广场做在地文化社区，并串联餐饮、社交、骑行和宠物,边角空间 + 在地内容 + 社群友好 + 首展快闪 → 日常到访,再地启动时间、功能迭代和景枫中心品牌/客流销售口径已确认,用边角空间做在地内容和社群设施，形成标准商场之外的停留点,购物中心有边角/下沉空间且需提升社区黏性,运营方持续策划、招商和公共秩序协调,南京景枫中心成熟客群与品牌资源,动作参考,已完成
案例D2,上海YEAHH PARK,线索,项目身份未定位，不能形成可引用亮点,“YEAHH PARK”需确认正式名称、地址和主体,先确认正式中英文名称、地址和主体,身份未定位 → 不可引用,无可靠来源,不可引用；先完成项目身份核验,名称无法定位,项目官方来源,不适用,风险提示,已完成
案例D3,麓湖cpi Factory 09,部分核验,以小体量共享空间聚集创作型店铺，把主理人内容嵌入自然游逛路径,非标商业需让创作型小店与公共空间形成整体而非分散,在单体建筑中植入创作型店铺，用共享空间和景观花园连接,创作型小店集群 + 共享空间 + 景观游逛 → 内容体验,Factory 09空间组织与11家创作型店铺已确认,用小体量共享空间聚集主理人，并让其嵌入连续游逛动线,拥有小体量独栋或庭院、想做创作型内容,主理人供给、公共空间维护和运营,麓湖生态与整体客流,动作参考,已完成
案例D4,上海PAC购物中心,部分核验,以开放街区、宠物友好和首店/夜间内容形成小而美城市商业,小体量商业需以场景而非规模建立差异化,用红砖街区、树荫步道、宠物公园和首店/夜间市集组织体验,开放街区 + 宠物友好 + 首店/夜间内容 → 逛饮赏一体,位置、开放街区、宠物友好、首店/夜间内容机制已确认,用开放界面、宠物友好和夜间内容替代大体量同质化,小体量商业需差异化,高密客群、外摆/夜间许可和内容供给,上海静安寺商圈区位,动作参考,已完成
案例D5,三亚东岸麓洲,部分核验,以主理人商业街区输出成熟社区营造能力，方向可识别但经营待证,品牌开发商需验证能否把社区运营能力跨城输出,用主理人商业和在地生活场景组织开放街区,社区开发 + 主理人商业 → 跨城运营能力输出,万华在三亚东岸麓州推进主理人商业街区的方向已确认,把主理人商业与社区开发同步营造，作为品牌运营能力输出,有品牌开发商欲跨城复制社区运营,长期运营意愿、社区客群和可持续招商,万华品牌能力与三亚文旅需求,策略依据（经营结果待证）,已完成
案例D6,武汉招商蛇口社区营造,部分核验,以业主/主理人发起、运营方资源托举的在地社群体系替代自上而下单次活动,社区商业需建立长期连接而非一次性地推,放权给主理人，运营方提供场地、资源和组织支持,主理人发起 + 运营方托举 → 在地社群长期生长,武汉未来welike社群及主理人参与机制已确认,以主理人制和资源托举建立可持续社群，而非单次活动,社区商业需长期社群连接,稳定常住人群、公共空间和资源投入,招商蛇口全国社群体系与武汉本地团队,动作参考,已完成
案例D7,武汉上岸公园,部分核验,以滨水公园和艺术内容补齐新城生活配套，形成公园导向型商业,新城配套缺失，需以公共空间带动商业,用滨水公园、慢行和首店、艺术节、市集、戏剧联动,滨水公园 + 慢行 + 首店/艺术内容 → 新城配套补位,POD定位、项目开放、区域服务人群和公园商业机制已确认,把公共绿地和滨水慢行与商业内容一体化设计,新城/片区配套缺失且拥有公共绿地,稳定居住/就业导入、公共空间维护和滨水安全,武汉花山新城人口导入与联投资源,动作参考,已完成
案例D8,上海浦发唐镇印象汇,部分核验,以社区刚需、户外活动空间和片区联动做商业与社区共生,国际社区商业需兼顾刚需与体验，并拉近与居民关系,用生活服务、首店、宠物/滑板/运动空间和社区共办活动,社区刚需 + 户外活动空间 + 社区共建 → 商业社区共生,主体、地址、体量、开业、社区定位和片区联动已确认,用刚需+体验+社区共建组织社区商业，而非只做业态招商,成熟社区型商业,周边常住人口、社区组织和可持续服务业态,印力与浦发资源、唐镇国际社区客群,动作参考,已完成
案例D9,深圳华侨城OCT PARK,线索,名称未对应唯一资产，不能形成可引用亮点,“华侨城OCT PARK”需确认正式中英文名称和主体,先确认正式名称、地址和运营主体,名称无法唯一对应 → 不可引用,无可靠来源,不可引用；先完成项目消歧,名称无法对应唯一项目,项目官方来源,不适用,风险提示,已完成
案例A100,深圳 K11 ECOAST,线索,项目开业状态、边界和商业机制未获官方来源，不能形成可引用亮点,K11 ECOAST需确认开业状态和商业机制,先取得K11官方项目页或政府来源,官方来源缺失 → 不可引用,未取得K11官方或政府来源,不可引用；先补K11官方项目页、主体、开业和品牌,项目开业状态未确认,K11官方或政府来源,不适用,风险提示,已完成
案例A101,成都银泰中心 in99,部分核验,以高端办公密度、奢侈零售、酒店和公园配套构成商务生活复合场景,金融城商业需在商务客群与高端零售之间建立协同,把in99购物、华尔道夫酒店、办公和交子公园一体化布局,高端办公密度 + 奢侈零售 + 酒店/公园 → 商务社交消费,金融城位置及in99、酒店、办公与公园复合关系已确认,以办公密度与酒店/公园配套为底盘，让高端零售承接稳定商务与旅居客群，形成互导的复合场景,高端商务区商业需协同办公与配套,高购买力商务客群、品牌资源和公共空间,成都金融城区位与SKP等商圈协同,策略依据,已完成
案例A102,EMSPHERE（海外）,部分核验,以餐饮、夜生活、活动和快闪空间主导，把商业做成娱乐社交目的地,传统零售为主难吸引年轻客群，需娱乐与社交驱动,把餐饮和夜间娱乐置于零售之前，用快闪和品牌合作保持新鲜,餐饮/夜生活 + 大型活动 + 灵活快闪 → 年轻社交,娱乐餐饮、夜生活、活动及快闪空间主导的定位已确认,以餐饮夜生活和灵活快闪做引擎，零售做承接,需要年轻化、夜间和社交内容,夜间客流、演出能力和交通可达,曼谷夜间经济与旅游客流,策略依据,已完成
案例A103,韩国商场（海外）,线索,非唯一项目名称，不能形成可引用亮点,“韩国商场”需确认具体城市、资产和主体,先确认具体城市、资产和运营主体,非唯一名称 → 不可引用,无可靠来源,不可引用；先完成项目消歧,名称是泛指,项目官方名称、城市和主体,不适用,风险提示,已完成
案例A104,NEWoMan（海外）,线索,品牌明确但未指定具体项目，不能形成可引用亮点,NEWoMan需确认具体城市和项目（如新宿/高轮）,先确认对应具体资产和项目来源,品牌非项目 → 不可引用,未指定具体项目,不可引用；先锁定具体项目,品牌名而非唯一项目,项目官方来源和空间范围,不适用,风险提示,已完成
案例A105,沙漠奥莱（海外）,线索,名称可能对应多个国家/城市的奥莱，不能形成可引用亮点,“沙漠奥莱”需确认具体城市和正式名称,先确认所在城市、正式名称和业主主体,多可能项目 → 不可引用,无可靠来源,不可引用；先完成项目消歧,名称对应多个可能项目,项目官方名称、城市和主体,不适用,风险提示,已完成
案例A106,洛杉矶小众商场（海外）,线索,非唯一项目名称，不能形成可引用亮点,“洛杉矶小众商场”需确认具体项目和主体,先确认正式项目名、地址和主体,非唯一名称 → 不可引用,无可靠来源,不可引用；先完成项目消歧,名称是泛指,项目官方来源,不适用,风险提示,已完成
案例A23,南湖天地,部分核验,以景区/历史资源、街区商业、节庆活动和精细招商形成文商旅协同,景区与街区需打通，形成可复访的全时段消费,把本地文化、景区客流、跨年节庆和餐饮零售结合，按商户适配度招商,景区/历史资源 + 街区商业 + 节庆活动 → 文商旅协同,文商旅运营、景区/街区协同、招商方法和2025接待量口径已确认,把景区客流和本地文化编进街区商业，用节庆活动和精细招商承接,拥有景区/历史资源的文商旅街区,真实文化资源、公共空间和统一运营协调,嘉兴南湖景区流量与嘉城集团资源,策略依据,已完成
案例A25,老城根G park,部分核验,以开放街区、可见公共媒介和首店/圈层IP内容共创形成青年场景,开放式街区需用内容和公共媒介维持高传播,用大屏、水舞广场和开放街区承接首店更新与动漫/艺术/粉丝活动,开放街区 + 公共媒介 + 首店/圈层IP → 青年内容共创,开放式街区、首店更新、IP活动和地铁连接已确认,用开放公共媒介和圈层IP内容把街区做成可参与、可传播场景,开放街区需青年内容和传播,交通可达、公共空间管理和内容招商,西安青年客群与地铁8号线连接,动作参考,已完成
案例A26,成都万象城,部分核验,与A20重复项目，仅作资产处置与运营管理线索，不单独形成项目结论,成都万象城已有一条规范项目条目，避免重复形成结论,作为A20的别名/重复关系记录，合并资产交易与商业运营口径,重复项目 → 合并证据与结论,资产处置与运营管理线索已确认；应合并A20,与A20合并去重，分别记录资产交易与商业运营口径,发现同一项目存在多个编号,明确重复关系并合并,华润体系资产处置背景,风险提示,已完成
案例A27,武汉荟聚,部分核验,以首店/在地更新、家庭娱乐、北欧文化和社区公益组成聚会体验平台,区域型购物中心需从卖货转向可停留的聚会体验,导入首店与在地业态、家庭娱乐、文化活动、可持续和公益,家庭娱乐 + 首店/在地 + 文化活动 + 社区公益 → 聚会体验,家庭娱乐、首店/在地更新及英格卡全国运营机制已确认,用首店、家庭娱乐和社区内容组合形成聚会平台,区域购物中心需提升家庭与社区黏性,家庭客群、活动组织能力和租户更新,英格卡国际运营体系与全国资源,策略依据,已完成
案例A28,万象滨海购物村（MIXC Village）,部分核验,以滨海生态公共空间、微度假叙事、精品奥莱和夜间内容做文旅商业,滨海商业需把自然资源与零售体验结合,依托栈道、公园、湖/草坪/水街，叠加精品奥莱、首店、戏剧和夜间水秀,滨海生态 + 微度假叙事 + 精品奥莱 + 夜间内容 → 目的地,主体、位置、约10万方规模、开业、生态场景和内容机制已确认,用生态公共空间和微度假叙事做引擎，奥莱与夜间内容承接,拥有滨海生态资源、想做大湾区微度假,区域客源、自然公共资源、交通和长期内容运营,滨海湾区位、华润招商能力,动作参考,已完成
案例A30,南宁万象城,线索,项目名称明确但无可引用项目级来源，不能形成可引用亮点,南宁万象城需官方项目页和业态/经营资料,先取得华润或项目方官方资料,官方来源缺失 → 不可引用,未取得可靠项目级来源,不可引用；先补官方项目页、业态和经营数据,项目名称明确但来源不足,官方项目页和经营资料,不适用,风险提示,已完成
案例A31,成都SKP,部分核验,以下沉空间围合感和公共广场做高端商业的艺术内容策展,高端商业需以特殊空间和艺术内容强化场景识别,利用下沉建筑围合感，把歌剧、派对、沙龙和主题节日嵌入公共广场,下沉空间围合 + 高端品牌 + 艺术内容 → 场景识别与到访,下沉式空间、公园商业定位、2022年开业及艺术内容运营已确认,用特殊建筑空间做可传播的艺术内容策展,拥有特殊空间、想做高端场景,高端消费基础、策展能力和活动预算,成都SKP体量、下沉空间和高客单品牌,动作参考,已完成
案例A32,Eataly中国首店（海外）,线索,中国首店尚未落地，仅有市场传闻，不能归纳为已实现的商业亮点,需先确认中国首店是否落地、选址与运营主体，再评估其模式可借鉴性,先按官方公告核验门店落地与运营状态，而非据市场传闻归纳,传闻落地 → 无官方证实 → 不能建立事实—动作关系 → 禁止形成成功结论,仅确认Eataly“Eat·Shop·Learn”美食综合体模式及全球50+门店；中国首店未证实,不可引用；待官方公告确认后，再评估“餐饮+零售+教育”一体化美食市集模式,案例名称或落地状态仅有传闻、缺乏官方证实时,项目方官方公告或权威媒体报道,不适用,风险提示,已完成
案例A33,深圳万象天地,部分核验,以“街区+mall”打破盒子形态，用近300店铺、约30%深圳首进品牌及人文剧场/诚品生活等特色业态建立城市级目的地,传统大盒子同质化，需以开放式街区与特色内容建立差异,采用“街区+mall”空间规划，导入10座独栋旗舰店，并引进自运营人文剧场、华南首家诚品生活、HAUS NOWHERE等独特业态,街区+mall形态 → 独栋旗舰与特色业态 → 约30%首进品牌 → 城市级目的性到访,2017年9月27日开业；近300店铺、逾1000品牌、约30%首次进入深圳；2024年引入全球第三家HAUS NOWHERE旗舰店（6914㎡）,以开放式街区承载独栋旗舰与特色业态，用首进品牌比例作为招商级次锚点，而非平均铺满盒子,大体量商业需要打破盒子同质化、提升首店与目的地属性时,可街区化地块、头部招商资源、自运营文化/生活方式业态能力,深圳南山科技园区位、华润城整体配套与华润品牌资源,动作参考,已完成
案例A34,西安MOMOPARK,部分核验,以PARK-MALL概念把艺术空间、屋顶花园与友好服务叠加到地铁上盖购物中心,地铁上盖商业易同质化，需以艺术与自然体验形成年轻客群黏性,践行PARK-MALL，打造西北最大屋顶花园与星空泳池，并持续设置艺术装置/展览，配套女性友好、宠物友好服务,地铁接驳 → 屋顶花园+艺术空间 → 女性/宠物友好服务 → 年轻客群到访与复访,地铁3号线吉祥村站直达；西北最大屋顶花园+星空泳池、艺术空间及女性/宠物友好服务已确认；经营数据待补,用“自然屋顶+艺术内容+细分友好服务”组合提升地铁上盖项目的年轻客群黏性，而非只拼品牌,地铁上盖或高流量区位商业需要差异化年轻化时,屋顶/公共空间可改造、艺术内容运营、友好服务投入,西安小寨商圈区位与高校密集客群,动作参考,已完成
案例A35,上海新天地,部分核验,以石库门更新开创街区商业，并用“共创+场所营造”持续调改业态，形成周末超25万人次的城市级商圈,商圈同质化，需从“吸纳大牌”转向“聚集人气”与多元服务业态,以Place Making场所营造为核心，联动品牌共创（花展20+品牌、UCCA青年艺术家孵化），持续调改业态并东扩,历史街区辨识度 → 共创内容与场所营造 → 品牌/创作者/消费者三方获益 → 高客流与销售增长,上海国际花展期间客流同比+36%、销售+23%；周末超25万人次到访；石库门更新与东扩(喇格纳小学平移)已确认,把“品牌共创+场所营造”作为商圈调改主轴，用历史/文化内容制造线下必到理由，而非只做品牌招商,历史街区或成熟商圈需要从购物转向体验与情绪价值时,历史建筑保护、内容共创团队、长期投入与商圈辐射力,上海新天地近30年积累、瑞安体系与城市级区位,策略依据,已完成
案例A36,东京玉川高岛屋（海外）,部分核验,把存量百货的中庭与屋顶改造为“参与型立体公园”，用绿植与影像装置重建街区界面,老牌百货建筑封闭、公共空间弱，需以自然与公共性重建吸引力,对中庭花园与屋顶庭园进行“立体公园”化改造，引入立体影像装置与100多种植物的庭园空间,存量百货封闭空间 → 立体公园/屋顶庭园改造 → 公共停留与街区界面 → 更新老店形象,玉川高島屋S.C.主楼6层+南楼11层、100多家店；屋顶花园(50周年改装、摩洛哥+西海岸风格)与立体公园改造已确认；经营数据待补,用“立体公园+屋顶庭园”把封闭存量商业转化为可停留的公共空间，而非只做立面翻新,老牌百货/存量商业需要提升公共性与停留价值时,中庭/屋顶结构承载、景观与装置预算、持续维护,东京二子玉川区位与高岛屋体系资源,动作参考,已完成
案例A37,深圳大运天地,部分核验,作为华润万象生活的文商旅融合样本，把赛演经济与公园式街区商业结合,体育场馆/公园周边商业需从单一配套转向文商旅融合的消费场景,以赛演经济+公园式街区商业融合模式，联动体育场馆、生态公园与商业街区,赛演/体育客群 → 公园式街区承接 → 文商旅场景 → 提升停留与消费黏性,华润万象生活明确以大运天地为样本探索赛演经济与公园式街区商业融合；具体体量、开业与经营数据待补,把体育赛事/演艺客流转译到公园式街区商业，用“赛演+公园+街区”组合做文商旅融合定位,体育场馆、公园或赛事资源周边需要商业配套升级时,赛演场馆资源、公园绿地、街区式空间与运营方统筹能力,深圳大运场馆群与华润万象生活资源,动作参考,已完成
案例A38,万象商业北京区域（百分百万象季）,部分核验,以“百分百万象季”统一IP组织区域多项目联动，用品牌共创、会员权益与情感场景做跨项目造节,单项目营销声量有限，需以区域多项目联动放大权益与场景价值,以“万象伙伴计划”做品牌总对总联动，叠加会员权益互通与“爱予万象”情感场景，组织区域多项目造节,多项目联动造节 → 品牌内容共建+会员权益互通 → 情感场景 → 跨项目到访与会员活跃,百分百万象季2025年升级2.0；万象伙伴计划覆盖100+品牌、130+项目联动已确认；北京区域10座在营项目联动的具体数据待补,用统一营销IP+品牌总对总+会员权益互通，把单项目促销升级为区域级共生营销,同一集团/区域多项目需要联动造节、放大会员与品牌资源时,多项目布局、集团级会员体系、品牌总对总合作与内容执行,华润万象生活百mall规模与万象星会员生态,动作参考,已完成
案例A39,东京中城（海外）,部分核验,以“浪费空间造气质”的绿地与公共空间策略，把六本木综合体做成自然、艺术与季节活动叠加的城市目的地,高密度城市综合体需以绿地与公共空间避免纯商业化的疏离感,把近半面积留给绿地与公共空间，并以自然、艺术、季节活动全年运营,绿地/公共空间 → 自然与艺术内容 → 全年季节活动 → 城市级目的地与停留,东京中城(六本木)2007年竣工，为三井不动产大型复合设施代表；绿地公共空间、全年自然/艺术/季节活动及MIDTOWN系列已确认；经营数据待补,在高密度综合体中预留绿地与公共空间，并用全年内容运营而非一次性美陈建立目的地,高密度城市综合体需要提升公共性与目的地属性时,大体量地块、绿地与公共空间规划、全年内容运营预算,东京六本木区位与三井不动产集团资源,策略依据,已完成
案例A40,成都MUJI太古里旗舰店,部分核验,以“流向生活”主题焕新，把MUJI旗舰店升级为融合川地饮食与本地竹材的在地化生活场景,国际品牌旗舰店需从“标准复制”转向“在地文化融入”以保持长期生命力,以“流向生活”为主题，将Café&Meal MUJI升级为MUJI Diner川地料理，引入炭化竹家具、盖碗茶/竹蒸笼等本地化商品与影像企划,本地生活洞察 → 主题焕新+在地化商品/餐饮 → 影像征集共创 → 与本地日常自然融合,成都太古里世界旗舰店2014年开业(中国大陆首家世界级旗舰店)，2025年12月焕新，“流向生活”主题、MUJI Diner与本地化商品已确认,用“在地文化+餐饮升级+本地商品”做旗舰店焕新，把品牌标准店转译为本地生活方式场景,国际/连锁品牌旗舰店需要在地化焕新、提升本地共鸣时,本地文化素材、可改造店铺空间、品牌总部授权与内容企划能力,成都太古里区位与MUJI全球旗舰店资源,动作参考,已完成
案例A41,东京三越本店（海外）,部分核验,以日本最古老百货的历史资产为根基，把建筑文化遗产与“真心待客”内容坚守为差异化内核,老牌百货面对业态更新压力，需把历史从包袱转化为安全感与差异化资产,以“修旧则旧、该新则新”维护历史建筑与天女像/管风琴等内容，并坚守老钱味待客,历史建筑与文化资产 → 真心待客与老铺内容 → 差异化到访与文化地标认同,日本桥三越本店起源1673年越后屋，1904年三越，1935年建筑落成，2016年指定为国家重要文化财；天女像、管风琴等文化资产已确认；经营数据待补,把历史建筑与在地文化资产转化为可运营的差异化内容，而非仅做立面保留,老牌商业需要以历史文化资产建立差异化与信任时,历史建筑保护、文化内容维护、长期品牌资产,东京日本桥区位与三越300余年品牌积累,策略依据,已完成
案例A42,上海美罗城,部分核验,以裸眼3D球幕为城市舞台，并用头部IP全国首店把老牌商场做成日韩IP落地首选,老牌商圈商业需持续新陈代谢，以视觉地标与IP确定性生意保持吸引力,2022年完成第三次改造，将球体升级为3888块4K屏裸眼3D球幕，并引入橡子共和国、LOFT、周刊少年JUMP等头部IP全国首店,球幕视觉地标 → IP首店确定性内容 → 年轻客群打卡与到访 → 商圈持续更新,1998年开业、直径41.2米玻璃球体、2022年裸眼3D球幕(3888块4K屏)与多个IP全国首店已确认；经营数据待补,用“城市级视觉地标+头部IP首店”的组合做存量商场的持续新陈代谢，而非只翻新立面,老牌商圈商业需要制造视觉记忆点与确定性内容时,地标性外立面、头部IP招商资源、持续调改投入,上海徐家汇商圈区位与美罗城既有球幕地标,动作参考,已完成
案例A43,长春万达茂,部分核验,以“冰雪+雨林”双主题场景和室内滑雪乐园，把万达茂做成文旅商体融合的全时态体验项目,东北商业受季节限制，需以室内体验打破季节与场景界限,以商业综合体+室内滑雪乐园+室外体育公园三大板块，打造“冰雪+雨林”双主题，串联330余家品牌与首店,室内滑雪/雨林场景 → 全时态体验 → 文旅商体消费闭环 → 一站式全场景到访,总建面超47万㎡、2025年12月25日开业、330余家品牌(全国首店10/东北首店26)、招商93%、“冰雪+雨林”双主题已确认；经营结果待跟踪,用“室内极端体验场景(滑雪/雨林)+多板块打包”打破季节限制，做文旅商体融合定位,季节性受限地区或文旅目的地需要全时态体验商业时,大体量地块、室内滑雪/雨林工程能力、文旅体资源整合,长春净月高新区区位与万达文旅资源,动作参考,已完成
案例A44,东京高轮NEWoMan（海外）,部分核验,以LUMINE史上最大规模、177店与高空共享空间，做“100年先的生活体验价值”的城市玄关型商业,城市更新街区需以商业作玄关，用体验价值而非单纯店铺承接新站域客流,在South/North与高空LUFTBAUM分层布局165常设店+12快闪，以共创意愿与共享空间做整体策划,高轮GATEWAY CITY站域 → 分层店铺+高空共享空间 → 体验价值创造 → 城市玄关与目的性到访,2025年9月12日开业，South/North 154店+LUFTBAUM 11店，常设165店、开2个月177店(含POP-UP)，约60000㎡/约180店；开业期约2500人排队已确认,用“分层业态+高空共享空间+开业期快闪”做新站域城市玄关，以体验价值而非单纯店铺数量建立首店势能,新站域/城市更新街区需要商业作玄关承接客流时,站域客流、分层空间、快闪招商与共享空间运营,东京高轮GATEWAY CITY区位与JR东日本/LUMINE资源,动作参考,已完成
案例A45,北京超极合生汇,部分核验,以46万方大体量和“城市文商旅综合体”定位，用首店体验业态+会员服务实现大体量稳态运营,46万方巨无霸面临开业红利后的稳态运营与留量转化挑战,东西区合体后持续导入全国首家体验业态(航天科学中心、MELAND超级星工厂等)，叠加50余项会员免费体验与调改,大体量合体 → 首店体验业态+会员服务 → 两天一夜闭环 → 销售与客流增长,2025年3月东西区合体；2026上半年销售额22亿(+25%)、客流2500万(+36.5%)、单日峰值40万；首店/旗舰店超100家已确认,用“首店体验业态+会员免费服务”做大体量商场的留量转化，把一次性打卡转为两天一夜闭环,大体量商业开业后需要从流量转向留量与稳态运营时,大体量空间、首店体验业态招商、会员服务投入,北京昌平区位与合生创展资源,策略依据,已完成
案例A46,中山海雅缤纷天地,部分核验,以60万㎡超大体量和“超级奥莱+”模式，把奥莱升级为覆盖多元业态的湾区商业新地标,传统奥莱停留短、业态单一，需以“超级奥莱+”叠加多元业态承接区域客群,以“无限缤纷，不止奥莱”为理念，用“超级奥莱+”模式导入200多品牌、30%中山首店并覆盖全业态,超大体量+超级奥莱+模式 → 全业态与首店 → 湾区区域目的性到访,60万㎡超大体量、“超级奥莱+”模式、一期200多品牌(30%中山首店)、覆盖购物餐饮娱乐亲子生活服务已确认；二期2026年开放,用“奥莱折扣底盘+全业态+首店”的组合把奥莱升级为区域级多元消费目的地,奥莱或远郊商业需要突破单一折扣、承接区域全客群时,大体量、奥莱招商能力、首店资源与区域辐射,中山南头镇区位与海雅集团湾区布局,动作参考,已完成
案例A47,三亚大悦城,部分核验,以全国首个热带主题大悦城和“海岛潮趣生活主场”，用热带生态景观与屋顶夜经济街区做海岛沉浸式商业,旅游城市商业需兼顾本地日常与游客打卡，以在地生态与夜经济提升停留,以热带主题融合雨林广场、三层退台式空中花园与屋顶夜经济街区，导入超200家品牌(城市首店/旗舰店占比超60%),热带生态景观+在地文化 → 沉浸式空间 → 餐饮娱乐体验业态(占比超40%) → 本地+游客双客群停留,全国首个热带主题大悦城、超200家品牌、城市首店/旗舰店占比超60%、餐饮娱乐体验占比超40%、LEED铂金认证已确认；经营数据待补,用“在地生态景观+屋顶夜经济+高占比体验业态”做旅游城市商业的沉浸式定位,旅游城市或热带/滨海商业需要兼顾本地与游客、延长夜间停留时,热带/在地生态素材、屋顶夜经济条件、体验业态招商,三亚旅游客流与大悦城品牌资源,动作参考,已完成
案例A48,北京海淀大悦城,部分核验,以约18.8万㎡大体量补齐海淀北部永丰板块商业配套的区级商业项目,海淀北部产业人群聚集但商业配套不足，需大体量商业承接本地消费,在永丰产业基地布局约18.8万㎡大悦城商业，配套悦界商街形成区域消费配套,产业人群聚集 → 大体量商业补位 → 区域消费留在本地,约18.8万㎡体量、位于海淀永丰、已开业(约2024年底)以房产软文为主确认；官方开业详情与经营数据待补,以大体量商业+商街配套补位产业新城，围绕本地就业人口的日常消费把外溢消费留在片区,产业新城或科技园区周边商业配套不足时,大体量地块、区域人口基数与招商资源,海淀永丰产业人群与大悦城品牌资源,动作参考（来源待补强）,已完成
案例A49,成都后花园爱琴海,线索,项目身份与开业状态未确认，不能归纳为有效商业亮点,需先确认“成都后花园爱琴海”的正式名称、运营主体与开业阶段,先按“爱琴海购物公园(郫都区犀浦-红光)”与“圣沅爱琴海广场”分别完成项目消歧,名称/主体不清 → 无法区分已运营与在建 → 不能形成可借鉴结论,仅确认郫都区犀浦-红光板块有“爱琴海购物公园”成熟商业体线索；“成都后花园爱琴海”身份与开业状态未确认,不可引用；先补项目身份、主体与开业阶段,案例名称或主体不唯一、开业状态不明时,项目方、政府或专业媒体基础资料,不适用,风险提示,已完成
案例A50,深圳万象天地（百分百万象季）,部分核验,以“百分百万象季”承接全国级联动资源，落地BEAST野兽派“水果星球历险记”全国独家快闪等单项目内容,单项目需借助集团级营销IP与品牌独家资源放大自身声量,在百分百万象季中承接独家/首展快闪资源，叠加会员权益与情感场景营造,集团级IP联动 → 独家快闪/首展落地 → 会员权益与场景 → 单项目声量与到访提升,深圳万象天地落地BEAST野兽派“水果星球历险记”全国独家快闪已确认；具体客流/销售数据待补,单项目通过承接集团级营销IP的独家资源(首展/独家快闪)放大自身内容稀缺性,单项目需要借助集团/平台级营销资源放大声量时,集团级营销IP、独家品牌资源与会员体系,华润万象生活百mall规模与万象星会员生态,动作参考,已完成
案例A51,杭州中心,部分核验,以华润置地、绿城中国、杭州地铁三方合作的双轨上盖垂直综合体，串联高端商业、四季酒店与空中花园,城市核心地段需以垂直综合体整合轨道、商业与酒店等高能级功能,在地铁1/3号线武林广场站双轨三层接驳上盖，交叠高端商业、四季酒店、空中花园、国际商办与大平层,双轨上盖 → 垂直交叠商业/酒店/商办 → 24小时垂直都会 → 高能级到访,华润置地+绿城中国+杭州地铁合作、武林广场站双轨三层接驳、垂直综合体(含高端商业+四季酒店)已确认(房产软文)；官方商业详情与经营数据待补,用“多主体合作+双轨上盖+垂直交叠高能级功能”做核心地段综合体开发,核心地段双轨上盖需要垂直整合商业、酒店与商办时,轨交上盖条件、多方合作机制、高能级酒店/商业资源,杭州武林商圈区位与华润/绿城/杭州地铁资源,动作参考（来源待补强）,已完成
案例A52,武汉光谷K11,部分核验,以'艺术·人文·自然'博物馆零售理念，把5.4万㎡小体量做成华中首个K11购物艺术中心，用全馆LED屏与首进品牌建立年轻客群黏性,小体量购物中心需以艺术内容与体验而非规模建立差异化,2017年11月2日开业，商业面积5.4万㎡、150家精品店（25%首进华中、30%首进武汉、70%首进光谷），打造Coffee Museum/Zona Fresca/Herb Museum三大主题区，配置367块LED屏（三成以上互动屏）,艺术人文自然内容 + 首进品牌 + 全馆LED屏互动 → 博物馆零售体验 → 年轻客群到访与复访,全国第三座K11、2017年开业、5.4万㎡、150家店与首进比例、全国首个全馆LED屏（367块）、10-29岁客群占比48.53%均已确认,在小体量项目中以'艺术内容+首进品牌+互动媒介'建立记忆点，而非追求大体量与品牌数量,小体量/非标商业需要差异化与年轻客群时,艺术内容运营、首进品牌招商资源、互动屏等硬件投入,武汉光谷区位、K11品牌资源与艺术IP储备,动作参考,已完成
案例A53,天津大悦城,部分核验,以骑鹅公社、神兽寺街、0618街、5号车库等室内主题街区，把'不良区域'变为高坪效特色业态，成为主题街区策源地,大体量购物中心需把死角/低效空间转化为可识别、可传播的场景内容,先后打造骑鹅公社（2000㎡、34家创意店铺，2025年9月升级）、神兽寺街、0618街、5号车库（停车楼5500㎡上下两层、全国首个手作艺术室内街区）等室内情景式主题街区,主题街区细分客群 + 场景氛围 + 创意店铺 → 死角变高坪效业态 → 聚客与复访,主题街区数量、形态与迭代（含2025年骑鹅公社升级）已确认,用室内主题街区把商场的低效/死角空间转化为可识别、可传播的场景资产,大体量购物中心存在冷区/死角需激活时,主题内容策划、创意商户招商、持续迭代投入,天津大悦城的历史积累与品牌号召力,动作参考,已完成
案例A54,上海虹桥前湾印象城MEGA,部分核验,以'国际化社交度假漫游湾'定位和超26万㎡体量，用'集中式商业体+半开放街区'复合结构与六大主题场景做家庭友好目的地,大型综合体需以空间叙事与场景体验避免同质化,2025年12月23日开业，超26万㎡、300+品牌、开业率95%，首店/旗舰/定制概念店占比70%；约2万㎡户外自然区域，'山的回声，水的变奏'峡谷溪流主题，六大沉浸式场景（凝光之谷、漫空间、爪爪帮、乐游湾、趣聚场、湾圈儿）,空间叙事 + 首店经济 + 户外自然场景 → 全天候漫游体验 → 家庭与年轻客群到访,开业率95%、2026年元旦日均客流超14万人次、大众点评上海商场热门榜首位均已确认,以主题化空间叙事组织大型商业，用户外自然区域与首店组合承接家庭客群,大体量综合体需要场景差异化与家庭客群时,大体量地块、自然景观条件、首店招商与空间设计投入,虹桥国际商务区区位、印力MEGA产品线资源,动作参考,已完成
案例A55,武汉国金天地,部分核验,以'YUE街'街区先行+购物中心开业的分阶段运营，用华中/武汉首店与网红打卡空间做城市生活美学社交场,城市更新型综合体需以首店与社交内容快速打开市场,2022年9月28日YUE街开街（40家品牌：魅KTV·Bar华中首店、811livehouse华中首店、青川怀石料理黑珍珠入围）；2023年6月购物中心正式开业；开业期打造pink space直播间、pink me颜究所网红空间,街区先行 + 首店矩阵 + 网红打卡空间 → 开业客流引爆 → 商圈级社交目的地,开业客流破30万、2025年入选购物中心综合实力卓越表现榜均已确认,以'街区先行、MALL跟进'分阶段开业，用首店+网红空间制造开业声量,城市核心区综合体开业期需要快速引爆客流时,首店招商资源、新媒体营销、街区外摆与夜间业态许可,武汉武广商圈区位、越秀品牌与商户资源,动作参考,已完成
案例A56,深圳湾万象城二期,部分核验,以'商业+文化'双螺旋战略和25万㎡总商业体量，用近300家新品牌+超6万㎡文化业态做湾区高端生活方式目的地,高端商业需以文化内容与空间体验突破'买买买'定位,2025年9月30日二期开幕：近300家新品牌（超120家首进），一二期合计500+品牌、25万㎡；新增深圳湾美术馆（8074㎡）、沉浸式剧院、数字艺术中心、创意学习中心四大文化场馆（2026年开放）；'三廊五院'建筑美学与'BAY TO LIVE'品牌主张,高端零售 + 文化场馆 + 艺术季内容 → 商业文化无界融合 → 湾区级目的地到访,二期开业、500+品牌矩阵、8.7万㎡二期商业面积、超120家首进均已确认,在高端商业中预留高比例文化空间并以艺术季等持续内容运营，形成'买+逛+体验'闭环,高端商业综合体需要文化差异化和目的性到访时,大体量地块、文化场馆投入、艺术内容运营与品牌资源,深圳湾区位、华润万象生活资源与湾区客群,策略依据,已完成
案例A57,上海新天地东台里,部分核验,以百年东台路古玩街更新为社区品牌焕新样本，用高端美妆首发与'东台'文化主题做新天地持续迭代,成熟街区需持续迭代，把历史街巷转化为新的商业与生活场景,2025年9月29日焕新亮相，携手海蓝之谜、赫莲娜、巴黎朵梵等高端化妆品品牌首发多个创新商业空间；规划'东台好市''东台宝盒'系列活动，联动文化艺术中心、章太炎故居、喇格纳小学等文化地标,历史街巷记忆 + 高端美妆首发 + 文化地标联动 → 社区品牌焕新 → 新天地持续迭代生长,焕新亮相时间、高端美妆品牌矩阵与文化地标联动均已确认,把街区历史记忆转化为文化IP，用高端品牌首发与在地文化地标联动做社区商业焕新,成熟商圈/历史街区需要社区级焕新时,历史街巷空间、品牌首发资源、文化地标联动与运营方统筹,上海新天地品牌势能与黄浦区政策支持,动作参考,已完成
案例A58,上海前滩太古里,部分核验,以'双层开放空间'屋顶街区形态和Wellness理念，把12万㎡街区式商业做成沪上首个太古里,街区式商业需以空间创新与健康生活方式建立差异化,2021年9月30日开业，总建面12万㎡、250家商铺；首创'双层开放空间'，80米悦目桥、450米Sky Loop天空环道、8000㎡中央公园；超50个品牌首秀浦东、20+花园式概念店；3000㎡屋顶茑屋书店与ASICS中国内地首店,开放街区 + 屋顶空间 + Wellness理念 + 首店概念店 → 目的性到访与复访,开业、体量、空间形态与品牌矩阵已确认；开业四年累计为上海引入首店超150家,以屋顶空间与健康生活方式理念组织街区商业，用首店与概念店建立独特体验,高能级街区商业需要空间创新与品牌差异化时,大体量地块、开放空间规划、国际品牌招商与Wellness内容运营,前滩城市更新区位、太古地产与陆家嘴集团资源,动作参考,已完成
案例A60,杭州城北招商花园城,部分核验,以'X+商业'复合模式（TOD+POD+COD三核驱动），把24万㎡综合体做成城北活力中心,新城片区需以复合功能商业补位区域级生活配套,2025年11月底开业，商业体量超24万㎡（商业MALL+风情金街+城市客厅+文体中心），地铁15号线崇杭街站无缝连接，超250家品牌、50%以上临平首店、招商率开业率超95%,TOD交通 + 生态公园 + 市民文化 + 商业 → 全时段全品类服务 → 区域消费留存,开业、体量、品牌数与临平首店占比均已确认,以交通/公园/文化/商业多要素复合定位做新城商业，用首店与全业态承接区域消费,新城/产业片区需要大型复合商业配套时,大体量地块、轨道交通接驳、文体设施协同与招商资源,临平崇贤新城规划、招商蛇口资源与地铁15号线,动作参考,已完成
案例A61,上海恒基·旭辉天地,部分核验,以让·努维尔中国首个光影建筑作品（约2500个花钵垂直绿化）做城市更新地标，形成'办公+商业+公共空间'复合体,城市核心区存量更新需以建筑地标与公共空间建立识别,总建面4.5万㎡（办公约2.4万㎡、商业约1万㎡），内街长约160米宽9米；建筑灵感源于丹霞地貌，约2500个花钵垂直绿化，'艺术、玩趣、人文'基调,建筑地标 + 垂直绿化 + 公共内街 → 时尚打卡地标 → 城市界面更新,建筑形态、复合功能与2021年打卡新地标定位已确认,用世界级建筑与垂直绿化做存量更新的空间识别，把商业置于公共空间之中,城市核心区存量更新需要建筑级地标时,大师级设计投入、垂直绿化维护、办公与商业协同运营,让·努维尔设计资源、恒基旭辉的资金与地段,动作参考,已完成
案例A62,南京景枫中心,部分核验,以'首店经济+人情味运营+宠物/女性友好'持续迭代，把百家湖商圈商场做成区域消费引领者,区域型商场需以持续品牌迭代与服务温度保持活力,37万㎡综合体、商业面积10万方、200+品牌；2022年11月首个在地文化品牌社区'再地'开业；南京首家双向宠物友好商场、'女性更友好商场'升级；累计更新63家店铺、首店占比超六成；九周年庆43家首店集中亮相,高频首店更新 + 在地文化社区 + 细分友好服务 → 常逛常新 → 区域消费引领,九周年庆43家首店、2025年Q3引入11家首店、首店占比超六成均已确认,用'首店高频更新+在地文化社区+细分友好服务'做区域商场的长期经营,区域型商场需要持续焕新与客流黏性时,招商资源、在地内容团队、服务投入与会员体系,南京百家湖商圈区位、景枫会员体系与本地客群,动作参考,已完成
案例A63,珠海华发商都,部分核验,以340米巨型天幕、800平米水幕电影等大型场景装置，把18万㎡购物中心做成城市观光与休闲目的地,大体量商业需以公共景观与体验场景区别于常规购物中心,珠海大道8号，总商业面积18万㎡、总投资20亿；优生活馆+名品馆+大型生态水景休闲广场；340米巨型天幕、800平米水幕电影；集高端精品超市、3D巨幕影院、国际名品、高端餐饮于一体,大型景观装置 + 复合业态 + 生态水景广场 → 观光+购物目的地到访,体量、天幕/水幕电影等场景设施与业态结构均已确认,用大型公共景观装置（天幕/水幕/广场）做购物中心的城市级记忆点,大体量购物中心需要城市级场景标识时,大体量地块、景观工程投入、业态组合与运营团队,珠海城市旅游客群、华发集团资源与20亿级投资,动作参考,已完成
案例A64,长春这有山,部分核验,以30米高山丘室内化的'文旅商一体化'创新形态，把2.2万㎡商业做成城市核心区微度假目的地,平层商业同质化，需以建筑形态与文旅内容建立独特体验,2019年10月1日开业，总建面6.4万㎡（商业经营约2.2万㎡）；'玻璃穹顶+钢结构'模拟山体，3条主步道、15个观景平台、最高落差25米；按'山脚-山腰-山顶'分层布局；每年40%商户更新率、文化业态占比25%；打造'云山集'IP,室内山地形态 + 主理人商户 + 文旅内容 → 微度假体验 → 高复访与外地客群,开业首年三个月游客140万人次、外地客群占比升至70%、2023年销售5.1亿、平均租金超300元/㎡且无装修补贴满铺开业均已确认,用'造山'式室内立体空间+主理人孵化+文化业态做城市核心区文旅商业,城市核心区需要文旅/微度假型商业时,大体量空间、文旅内容运营、主理人招商与持续内容更新,长春红旗街区位、这有山IP积累与客群结构,策略依据,已完成
案例A65,京都BAL（海外）,部分核验,以欧美古典风格+木质装潢的空间气质，聚焦高单价设计师品牌与精品化妆品的'小而美'百货,传统百货需以选品与空间氛围而非面积建立高端气质,京都河原町核心地段；1-2楼精品区（Bottega Veneta、Jil Sander、Our Legacy、Maison Margiela、Loewe、Chanel等），高层为家庭用品区；含POLA、CPB等高端化妆品与精致传统工艺品,空间氛围 + 高端选品 + 艺术文化气息 → 高净值客群到访,定位与品牌结构已确认（来源为旅行攻略/游客评价，等级C）,以空间气质与精选用品建立'小而美'高端百货，而非拼面积与品牌数量,核心地段存量百货需要高端差异化时,核心区位、选品买手能力、空间设计投入,京都河原町旅游客群与日本百货消费习惯,动作参考,已完成
案例A66,西安SKP,部分核验,以24万㎡大体量和超1300个品牌（600+首进西安）确立'西北奢侈品第一目的地'，用SKP-S'好逛'场景补充'好买',高端百货需以品牌密度与场景体验建立城市级目的地地位,2018年5月11日开业，B1-13层、24万㎡、一期450家品牌；超1300个国内外品牌、600+首次进驻西安（含Hermes、TOM FORD）；2021年12月12日全球第二家SKP-S揭幕（由内部4层精品女装改造）,品牌密度 + 首进资源 + SKP-S场景 → 高端消费集聚 → 销售攀升,2018-2020年业绩24/42/58亿、2021年80亿（全国第18、西安第二）均已确认,以品牌密度与首进资源做高端百货的城市级优势，用'好逛'场景补充'好买',高能级城市需要高端商业目的地时,高端品牌招商资源、大体量空间、会员与店庆运营,SKP品牌号召力、北京华联资源与西安高净值客群,策略依据,已完成
案例A67,合肥万象城,部分核验,以近20万㎡商业面积和超30%首进合肥品牌，填补合肥高端购物中心空白,中部省会需以大体量高端商业承载本地消费升级,2015年9月25日开业，总建面近37万㎡、商业面积近20万㎡、规划店铺近300个、超30%品牌首次进入合肥,大体量 + 首进品牌 + 华润运营 → 区域高端消费目的地,开业时间、体量与首进比例均已确认；开业9年稳定服务区域客流（赢商网实探佐证）,在商业能级洼地城市以大体量+高首进比例建立市场先发优势,省会/区域中心城市商业升级窗口期时,大体量地块、头部品牌招商、集团运营能力,合肥政务区区位、华润置地资源与市场空窗期,动作参考,已完成
案例A68,北京国贸商城,部分核验,以30年持续扩容迭代（一期2000年→二期→三期），把23万㎡高端购物中心做成商务社交载体与年轻化更新样本,高端商业需持续扩容与年轻化迭代保持生命力,2000年5月开业，北京首家引进品牌专卖店的综合购物中心；总面积23万㎡、近430家店铺；2016年拆除国贸饭店重建国际精品区（Tiffany、Gucci、Versace、Bally等入驻）；引入F·A·O SCHWARZ、西西弗黑标旗舰店等网红店,高端品牌基底 + 分期扩容 + 年轻化业态导入 → 商务社交与消费更新,体量、店铺数与迭代动作均已确认,以分期扩容与年轻化业态导入做高端商场的持续新陈代谢,核心商圈高端商场需要持续迭代时,大体量物业、品牌招商资源、长期资本投入,国贸CBD区位、中国国际贸易中心整体资源,动作参考,已完成
案例A69,北京中关村领展广场,部分核验,以'新潮领地'定位和20%首店占比，用持续品牌焕新与场景改造做京西年轻人的首店集合地,老牌购物中心需以首店经济与场景改造对抗商圈老化,原欧美汇购物中心2009年9月开业；定位'新潮领地Trendy Hive'；总建面5.5万㎡、B1-L6、130余家商户；首店/旗舰店/概念店占比20%（泡泡玛特全球首店'壹号店'、Nike/NB UCC北京首店、贝果树纽约贝果博物馆北京首店等）；2024年启动亮化工程与品牌调整（B1'嗨饭ZONE'美食街升级）,首店收藏 + 空间焕新 + 年轻品牌导入 → 区域消费新鲜感,开业、体量、首店占比与改造动作均已确认,以'首店收藏家'策略+持续场景改造做存量购物中心的年轻化,高校/科技园区周边存量商业需要年轻化时,首店招商资源、改造投入、年轻客群基础,中关村客群结构、领展资产运营能力,动作参考,已完成
案例A70,杭州湖滨银泰in77,部分核验,以'敢潮敢热爱'定位和ABCDE五区近30万㎡布局，用分区运营与首店经济做成西湖边百亿级年轻社交地标,核心商圈需以年轻化定位与分区运营承接多客群,总建面近30万㎡（商业近23万㎡），ABCDE五区：A区国际一线精品（爱马仕旗舰店、克罗心中国大陆第二家、GUCCI杭州最大单店）、B区庭院里弄潮流、C区快时尚、D区轻奢（2017年12月开业，3万㎡、20家杭州首店）、E区特色美食手信；2023年销售额首次破百亿,分区定位 + 首店经济 + 主题街区 + 西湖区位 → 百亿级客流与销售,2023年销售额破百亿（同比+30%）、全年客流8500万人次（同比+51%）均已确认,用多区分区定位+持续首店更新承接不同客群，把核心地段做成年轻社交地标,核心商圈大体量商业需要年轻化与多客群运营时,大体量空间、首店资源、分区运营能力与客流基础,西湖湖滨区位、银泰集团资源与旅游客群,策略依据,已完成
案例A71,厦门大悦城,部分核验,以闽南文化与嘉庚建筑为载体的'海岛伊甸园'理念，用'半日''半海'非标空间和70%首店做集美商业标杆,岛外新城需以在地文化与场景创新吸引全城客群,2024年9月30日开业（集美区）；200+品牌、70%以上为福建/厦门/区域首店；'半日''半海'两大特色空间；以闽南文化与嘉庚建筑元素为载体,在地文化场景 + 非标空间 + 首店经济 → 全城打卡与消费,开业、品牌数与首店占比均已确认,以在地文化与非标空间做商业场景，用高首店占比建立全城吸引力,岛外/新城商业需要全城辐射力时,在地文化素材、非标空间投入、首店招商资源,厦门旅游客群、嘉庚建筑文脉与大悦城品牌资源,动作参考,已完成
案例A72,石家庄万象城,部分核验,以56万㎡综合体和400+品牌填补石家庄高端购物中心空白，做'首座世界级城市综合体',二线城市需以大体量综合体承接消费升级,2018年11月10日开业；总建面56万㎡（含5A写字楼、影院等），购物中心B1-L7层、400余家品牌；主力店含Olé精品超市、万象影城、超越健身、MELAND儿童成长乐园,大体量 + 品质品牌组合 + 华润运营 → 城市级商业地标,开业、体量与品牌数均已确认,在高端商业洼地城市以大体量综合体+品质品牌组合建立先发地位,二线城市商业升级窗口期时,大体量地块、品牌招商资源、集团运营能力,石家庄核心区区位、华润置地资源,动作参考,已完成
案例A73,南京新街口IFCX,部分核验,以'新力场'定位重塑新街口核心存量商业裙楼，用首店与场景改造做年轻文化消费场,核心商圈存量商业需以重新定位与改造对抗老化,南京国际金融中心（瑞安持有）商业裙楼，2000年投入使用（原东方商城）；商业部分命名IFCX，基于'新力场'升级定位，主打创意品质业态与社群文化；2023年1-3层外立面出新改造，引进Nike Rise 1200江苏首店,重新定位 + 外立面改造 + 首店导入 → 存量商业焕新,定位、改造动作与Nike Rise 1200江苏首店已确认（来源等级C）,对核心商圈存量物业以重新定位+空间改造+首店导入做焕新,核心商圈存量商业需要重新定位时,物业控制权、改造投入、首店招商资源,新街口区位、瑞安资产与商圈客流,动作参考,已完成
案例A74,曼谷CENTRAL PARK（海外）,部分核验,以Central Pattana+Dusit双集团合作，把'城市生活型百货'做成集空中花园、米其林美食街于一体的世界级地标,高端百货需以城市公共空间与美食内容突破消费场景,2025年9月4日开幕，位于耗资460亿泰铢的Dusit中央公园综合开发案内；Silom路与Rama 4路交会（正对伦批尼公园）；BTS+MRT双轨交汇；LG层Parkside Market米其林美食街（近20间米其林推荐）；空中花园、玻璃屋餐厅；超250家品牌与餐厅,双轨交通 + 城市绿地对景 + 米其林美食 + 空中花园 → 久待慢逛的城市体验,开业、双集团合作、体量与业态结构均已确认,用'双集团资源+城市公共空间+米其林美食街'做城市级百货目的地,高端商业需要城市公共空间与美食内容差异化时,大体量开发、国际品牌招商、公共空间运营与交通接驳,曼谷中心区位、Central Pattana与Dusit资源、旅游客群,动作参考,已完成
案例A75,深圳海雅缤纷城,部分核验,以近30万㎡大体量和'美妆+轻奢'业态组合，用大剧院、溜冰场等体验设施做宝安区域商业标杆,大体量区域商场需以体验设施与品牌升级持续焕新,2013年9月开业，体量近30万㎡；开创性打造1200座位海雅大剧院、溜冰场；2017年引进Coach、Michael Kors等轻奢品牌；布局'美妆+轻奢'拳头业态（CHANEL、DIOR、LA MER等32家国际化妆品牌）,大体量 + 体验设施 + 品牌升级 → 区域客流与销售改善,开业、体量、体验设施与品牌升级动作均已确认（含开业初期70家商铺空置后改善的真实过程）,区域大体量商场以'体验设施+美妆轻奢业态升级'做持续焕新,区域型大体量商场需要业态升级时,大体量物业、品牌招商资源、体验设施投入,宝安中心区区位、海雅集团资源,动作参考,已完成
案例A77,南京金陵天地,部分核验,以华润万象生活+阿里巴巴联合打造，把阿里中心商业配套做成'科技+商业+人文'生态社区核心,产业园商业配套需以大体量+首店承接园区与区域客群,2025年7月18日正式开业（7月10日试营业）；商业总体量约13万㎡、地下3层地上6层；引进260+品牌（约280家），聚焦区域空白业态补充与热门餐饮；一期商业MALL，二期HUB+PODIUM后续开放；为南京阿里中心（阿里巴巴江苏首个自建自持园区）商业配套,大厂园区客流 + 大体量商业 + 区域首店补充 → 区域消费留存,开业当日出租率与收缴率双100%、260+品牌均已确认,以大厂园区为客群底盘，用大体量商业+区域首店补位做产城融合商业,产业园区/科技新城需要大型商业配套时,大体量地块、园区客流、首店招商与运营资源,南京阿里中心园区、华润万象生活与阿里联合资源,动作参考,已完成
案例A78,杭州嘉里中心,部分核验,以'自在当下'理念和湖畔区位，用国际轻奢潮牌+网红餐饮+公共广场做西湖边潮奢小资商业,核心地段综合体需以轻奢定位与公共空间区别于传统商场,2016年开业；总开发规模27.6万㎡（总建面约34.2万㎡）；商场6层共10.8万㎡；MALL+甲级办公楼+高端公寓+杭州城中香格里拉大酒店；1万㎡中央广场（传统中国园林式设计，融合文保'红楼'）；品牌含Maison Margiela、Jil Sander、Marni、Shake Shack、翠园等,湖畔区位 + 轻奢选品 + 网红餐饮 + 公共广场 → 潮奢社交目的地,开业、体量、定位与品牌结构均已确认,在核心地段用轻奢品牌+网红餐饮+公共广场组合做'自在生活'型商业,核心城市中心地段需要轻奢/生活方式商业时,核心地段、轻奢招商资源、公共空间运营,西湖区位、嘉里集团资源与香格里拉酒店配套,动作参考,已完成
案例A79,菏泽佳和城,部分核验,鲁西南三四线城市的23万方城市级地标商业，以『全客层+主题街区+首店』组合激活本地消费,菏泽市区级商圈缺少大型一站式商业，本地消费外溢或降级,以23万方大体量落位中华路核心商圈，引入万达影城/海底捞/GAP等主力并打造RUN运动街区和B1美食主题街区,城市人口与消费升级需求 → 大体量全客层供给 + 首店与主题街区 → 形成城市级目的地到访,开业时间体量、楼层业态、主力店与主题街区已由赢商网+菏泽日报交叉确认；开业后持续经营数据待补,在低线城市以大体量+全客层+主题街区一次到位，用首店制造开业级话题,三四线城市中心城区缺少同体量竞品、本地消费力可支撑大体量,地段、体量资本、招商资源与本地运营团队,菏泽人口体量与消费力、佳和集团本土资源；『23万方』为项目整体口径,策略依据（需补持续经营数据后使用）,已完成
案例A80,惠州华贸天地,部分核验,深耕单一城市13年的高端城市综合体：从美妆矩阵到首店独家品牌的长期运营样本,二线城市高端商业供给不足，品牌独家性与城市消费升级需求错配,以国际美妆集群（20+品牌）立高端定位，每年焕新150-200家品牌且约80%为城市首进，维持350+独家品牌,高端美妆+国际品牌底盘 → 每年持续焕新与首店/独家品牌 → 年度客流2700万+与2024年销售额48亿+,体量、业态、年客流与销售数据由华贸集团官网+Spring REIT+潮新闻交叉确认,以『首发/独家』作为区域商业的持续运营主线，而非一次性开业招商,城市有持续升级的高端消费需求、运营商有长期品牌资源积累,高线级客群基础、多年品牌资源沉淀与资本投入,惠州湾区区位与华贸集团资源不可照搬；13年投入周期较长,策略依据,已完成
案例A81,济南领秀城贵和购物中心,部分核验,以家庭客群『一站式』定位的社区型区域商业，经十年运营后走向REITs资本化的样本,大型居住社区缺少就近的品质商业供给，家庭消费外溢,围绕家庭客群布局零售/餐饮/教育/娱乐业态，引入无印良品/H&M/特斯拉等品牌，形成社区黏性后资本化,社区人口基础 → 家庭一站式业态 → 稳定租金与客流 → 资产证券化退出,定位、十年进阶与品牌矩阵已确认；2024年REITs化（15.7亿估值、229家店铺）见行业报道，正式文件待补,以家庭一站式业态服务大社区，用长期稳定经营换取资产价值变现,大体量居住社区、稳定家庭客群、可证券化资产条件,REITs政策窗口、资产规模与运营数据合规披露能力,领秀城大盘自带人口基数；REITs化路径依赖政策与金融条件,策略依据,已完成
案例A82,义乌之心,部分核验,县级市打造浙中商业地标：以首店经济+城市级爆点活动维持日均6万人客流的样本,义乌商贸城市消费力强但缺乏高端购物场所，年轻客群体验供给不足,以15万㎡商业建面+40+开业首店建立城市级供给，持续以跨年晚会/稻草人艺术展/巨型粉龙等爆点活动制造话题,城市消费力 → 首店与城市级活动 → 目的性到访（2021销售额24亿、日均客流6万+）,开业数据、销售额、客流与运营活动由赢商网/新浪交叉确认,以『首店+城市级事件营销』双引擎驱动县级市商业长红,县域经济强市、人口与消费力支撑、缺乏同体量竞品,大体量投入（近20亿）、品牌招商资源与持续营销预算,义乌小商品城产业背景与人口结构特殊；奢侈品缺位是当地市场特性,策略依据,已完成
案例A83,呼和浩特万象城,部分核验,华润首进内蒙古的24万㎡城市级旗舰，以近200家首店和创意空间厂牌刷新首府商业天花板,呼和浩特主城区230万人口长期缺少高端旗舰商业，本地消费外溢至一线城市,以24万㎡大体量+近400品牌（近200首店，餐饮80%首进内蒙古）+NEXT BOX创意空间厂牌建立城市级供给,城市供给缺口 → 大体量旗舰+超高首店密度+空间厂牌 → 开业率100%、单日客流20万、会员25万,开业数据由赢商网+iziRetail交叉确认；与案例A1疑似重复需索引层去重,以首店密度和空间内容厂牌定义区域旗舰，用开业数据验证供给缺口,首府/区域中心城市缺少同量级竞品、消费外溢明显,头部运营商资源、大体量与开业期营销投入,华润品牌资源与呼和浩特辐射范围不可照搬；开业热度不代表持续运营,策略依据,已完成
案例A84,武昌万象城,部分核验,存量资产盘活样本：华润置地收购华夏幸福地块，将武昌滨江空白区升级为25万㎡M2轻奢商业,武昌滨江商务区商办密集但高端商业空白，周边既有商业体经营疲软,以25万㎡商业（地上8层地下4层）填补区域空白，定位M2轻奢，引入500余商家与NABOCUL等华中首店,区域商业空白 + 交通与滨江景观 → 大体量轻奢供给 → 填补缺口形成目的地到访,开业时间、体量、定位与招商规模由观点网确认；运营表现待补录,识别区域供给空白并以资产收购方式快速落地大体量商业,区域商办与居住密度高、同量级竞品缺失、资产可收购,资本收购实力、招商资源与区域规划支持,武昌滨江商务区人口结构与区位不可照搬；轻奢定位依赖客群基础,动作参考,已完成
案例A85,太原万象城,部分核验,华北最大万象城的长期经营样本：会员120万、61%品牌业绩居太原第一,太原传统商圈老化，缺少国际水准的旗舰商业供给,2018年以华北最大体量万象城切入长风商务区，引入Ole超市/万象影城等主力并持续运营,城市升级需求 → 旗舰体量+华润运营 → 会员规模与单品牌业绩领先,开业时间、体量定位与经营指标由东方财富号+维基百科确认,以旗舰体量与成熟运营体系在城市升级期卡位核心商圈,城市处于消费升级期、核心商圈有可开发用地,头部运营商体系、大体量资本投入,太原长风商务区规划与华润资源不可照搬；61%品牌业绩第一为本地口径,动作参考,已完成
案例A86,南京玄武招商花园城,部分核验,『生态+』区域商业样本：以骑行友好、屋顶天文台、动物园联动构建差异化体验,南京大城北板块缺少高品质商业，同质化区域商业难以吸引目的性到访,以14万㎡体量+『自然/文化/探索/共生』理念，落地骑行友好楼梯/屋顶天文台/宠物设施，联动红山动物园与紫金山,在地文旅资源（动物园/紫金山/玄武湖）+主题化空间 → 差异化体验 → 首店占比50%+的目的性到访,体量、主题与政府背书由玄武区政府确认；开业数据（95%开业率、240+品牌）见行业报道,把在地文旅资源转化为商业空间主题，构建不可复制的差异化,项目邻近独特文旅资源、区域有商业空白,TOD接驳、空间可塑性、在地资源联动能力,红山动物园/紫金山资源不可移动；『生态+』主题需与城市禀赋匹配,策略依据,已完成
案例A87,成都大悦城,部分核验,国内首个体验游憩式潮玩购物公园：Joy City Joy Park定位与REITs资本化验证,成都城南高端商业与城西家庭/青年消费供给失衡，传统盒子mall同质化,以约40万㎡综合体+『潮玩购物公园』定位，做3A景区级户外空间、宠物友好、节能环保，并运营城市动静态/阶梯音乐节等活动,主题化空间+宠物友好+持续活动 → 年轻家庭目的性到访 → 稳定经营现金流 → 2024年商业REIT上市,开业、体量、定位由行业协会+中国网确认；REITs上市为运营模式提供资本验证,以差异化空间定位+高频内容活动运营大型商业，并用REITs打通资本循环,城市有青年/家庭增量客群、项目具备大体量与户外空间条件,大体量空间、内容运营团队与资本化条件,成都城南区位与40万㎡体量不可照搬；宠物友好需本地政策与客群支撑,策略依据,已完成
案例A88,上海徐汇万科广场,部分核验,三线交汇TOD上的『城市绿毯』：以运动/亲子/商务三大主题构建10万㎡区域商业,徐汇中城缺少连接交通枢纽与社区的品质商业，区域通勤与居住人群消费场景单一,以1/3/15号线交汇TOD为基础，围绕运动/亲子/商务三大业态，引入超200品牌（40%+区域首店），绿轴办劳动者市集,轨道交通交汇 → 客群导入 → 主题业态+公共空间活动 → 区域品质消费场景,体量、主题与政府背书由徐汇区政府确认；开业品牌与首店占比见观点网/上观,以TOD到达性+主题业态+公共空间活动三合一打造区域商业,轨交枢纽交汇、区域有通勤与居住人口,TOD接驳条件、主题业态招商与公共空间运营能力,上海徐汇中城的区位与客流结构不可照搬,动作参考,已完成
案例A89,深圳壹方天地,部分核验,分区主题+首店经济的超大盘样本：ABCDE五区1000+品牌构建华南最长商业步行街,龙华区长期被称为『商业荒漠』，年轻客群与家庭消费外流,以60万㎡级五区布局（亲子/青年/体验MALL/潮创/生活中心），C区龙华壹方城2021年开业90%首进品牌，D区2022年开街再添70+首店,城市新区人口导入 → 多主题分区+超高首店密度 → 客流聚合（1000+品牌、iFLY风洞等体验业态）,分区定位、开业数据与首店规模由龙华区政府+赢商网交叉确认,以多主题分区覆盖全客层、以首店经济与体验业态填补新区商业空白,新区人口快速导入、区域缺乏同量级竞品,大体量分期开发资本、长期招商运营能力,深圳龙华的人口结构与城市能级不可照搬；分期开发周期长,策略依据,已完成
案例A90,上海港汇恒隆广场,部分核验,存量高端商场大规模资产优化的标杆：三年半改造后租赁收入+15%、2023销售+68%,徐家汇老牌高端商场面临ITC等新竞品，空间与品牌老化,2017年启动为期三年半的分阶段资产优化（建筑重塑+品牌全面焕新+近400品牌），以GATEWAY TO INSPIRATION概念重新开业,资产改造投入 → 空间与品牌升级 → 租金与销售双升（2020中期租赁收入4.53亿+15%；2023上半年销售+68%、出租率98%）,优化周期、投入方向与业绩由恒隆集团官方新闻稿+财报确认,对成熟高端资产做系统性改造升级而非局部修补，用升级效果验证改造投入,存量高端商场面临竞品升级、项目区位仍具价值,长期资本投入、高端品牌资源与分期改造的运营安排,港汇的徐家汇区位与恒隆高端资源不可照搬；三年半改造需承担停业损失,策略依据,已完成
案例A91,七宝灵展广场（原七宝万科）,部分核验,REITs级存量并购样本：领展23.8亿收购余下50%全资持有七宝万科广场并重塑品牌,开发商降杠杆需要退出优质资产，资本方寻求稳定现金流的区域商业,领展2021年首购50%、2024年以23.838亿元收购余下50%成为全资拥有人，接掌运营并重塑品牌（更名灵展广场）,稳定现金流资产 → 分步收购（估值65.8亿→70.6亿）→ 全资持有+品牌重塑 → 租金与客流提升（2023客流2150万+45%）,交易金额、权益比例、体量与客流数据由领展官网+时代财经确认,以分步收购与品牌重塑盘活优质存量商业，实现运营商与资本方双赢,优质地段+稳定租金现金流的存量商业、卖方有退出诉求,资本实力、估值能力与接管后运营团队,上海七宝区位与领展资金规模不可照搬；更名后品牌重塑效果待观察,策略依据,已完成
案例A92,成都 IFS,部分核验,以公共艺术打造城市级打卡IP的样本：爬墙熊猫让商业体成为城市地标,成都高端商业起步晚于一线，需要制造话题与目的性到访,以76万㎡综合体（购物中心21万㎡）引入连卡佛/LV/Dior等奢牌，并落成Lawrence Argent设计的I am Here爬墙熊猫,高端品牌底盘 + 公共艺术IP（13米13吨熊猫）→ 城市级话题与打卡流量 → 奢侈消费目的地,体量、开业、品牌与艺术装置由维基百科等多源确认,以标志性公共艺术装置制造城市级记忆点，带动高端商业话题与到访,城市有高端消费基础、项目具备地标级空间条件,大体量资本、国际品牌招商与艺术资源投入,春熙路商圈区位与九龙仓资源不可照搬；艺术IP需与城市气质契合,策略依据,已完成
案例A93,济南印象城,部分核验,印力首入山东的『潮趣工场』：以青年定位+9大创意空间实现首日客流破25万,济南老商圈（洪家楼）年轻化不足，青年客群缺少潮流消费场所,以『潮趣工场』定位专注青年经济，联合4大艺术家打造9大创意空间（造梦花园/IN跑789/東巷等），首进济南品牌20%为潮流品牌,青年客群定位 → 艺术创意空间+潮流首店 → 开业首日客流25万的目的性到访,开业时间、定位与首日客流由赢商网/联商网/齐鲁网交叉确认；体量口径需注明,以主题化空间与艺术共创为区域商业注入年轻化内容,区域商业老化、青年客群存量可观,艺术资源、主题空间改造与潮流品牌招商,『9大空间』为一次性开业投入，持续运营需内容支撑,动作参考,已完成
案例A94,南昌大悦城,部分核验,『城市沸腾青年主场』：以首店密度+当燃营销实现2天客流50万破全国大悦城纪录,南昌朝阳新城缺少青年潮流消费目的地，年轻客群消费外流,以总投资约30亿、『宝藏之舟云帆朝阳』设计理念落地，260+品牌（首店占比超40%），叠加『不燃怎young』当燃巴士/当燃市集话题营销,青年定位+高首店密度 → 城市级话题事件 → 开业首日客流24万+、2天50万破纪录,开业数据、品牌口径与营销动作由凤凰网江西+观点网交叉确认（品牌口径有差异需注明）,以主题定位+首店密度+现象级开业事件组合激活城市青年消费,城市有青年人口增量、区域商业空白、首店资源可达,大体量资本、首店招商资源与开业期营销预算,南昌人口结构与大悦城品牌资源不可照搬；开业纪录不保证持续经营,策略依据,已完成
案例A95,重庆万象城,部分核验,国内最大体量重奢万象城的九年进化：从单期到三区、从重奢到先锋潮流,重庆缺少城市级高端商业供给，奢侈消费外流,2014年一期引入HERMES/PRADA等重奢，2023年北区开业（先锋潮流、70余家西南/重庆首店）完成三区定位，防空洞与百年古树纳入规划,重奢底盘 → 分期扩张与分区定位 → 全客层覆盖（品牌总数超700）→ 2021年首进全国购物中心销售额前50、2022年重庆NO.1,开业、体量、分区与销售成绩由华润万象生活官方+联商网确认,以分期开发和分区定位覆盖不同客层，用本土文脉（防空洞/古树）做空间差异化,城市高端消费基础足、核心商圈有连片开发空间,大体量资本、高端品牌资源与长期运营能力,重庆城市体量与华润资源不可照搬；50万㎡重奢定位依赖城市能级,策略依据,已完成
案例A96,长沙万象城,部分核验,长沙首座万象城：423品牌+170+首店+三大特色空间与MIXSTEP厂牌的开业样本,湘江新区/岳麓区缺乏高端商业供给，区域消费外溢至五一商圈,以26.7万㎡总建面（购物中心17.4万㎡）落地，引入423品牌（170+首店），打造封面空间/徜徉绿谷/云端盛筵三大空间与MIXSTEP厂牌,区域供给缺口+双地铁TOD → 高首店密度+特色空间 → 开业首日销售额2300万、客流25万+,开业、体量、品牌与首店由新华网湖南/澎湃/赢商网交叉确认,以首店密度+特色空间+内容厂牌三件套定义新城市旗舰商业,城市核心新区有商业空白、双轨交枢纽、品牌资源可达,大体量资本、华润级招商与内容运营能力,长沙湘江新区区位与华润资源不可照搬；首店口径（170+/178家）需统一,策略依据,已完成
案例A97,成都温江合生汇,部分核验,存量升级与逆势上扬样本：2015年开业后以升级改造+品牌迭代深耕区域市场近十年,成都大城西/温江区域商业同质化，老项目吸引力衰减,2015年开业后持续经营，2020年升级更名成都合生汇（外立面/中庭/停车场改造、网红洗手间、5G+MEC智慧商业），五年调整面积5万余㎡、累计5000万工程改造,存量改造投入+品牌持续迭代（260+品牌、80%首进温江）→ 区域消费回流 → 2023年逆势上扬,开业、升级动作与投入由界面新闻+官方发布会确认；持续经营表现见行业报道,以持续改造与品牌迭代延长区域商业生命周期，而非坐等老化,区域人口稳定、项目体量与客群基础仍在,改造资本、品牌更新资源与本地运营团队,温江区域市场与合生商业资源不可照搬；改造见效需时间验证,动作参考,已完成
案例A98,淄博万象汇,部分核验,淄博老牌区域购物中心：开业当天客流近20万、首进淄博品牌百余家,淄博中心城区缺乏现代购物中心，家庭与潮流客群消费外溢,2015年5月以『全客层一站式家庭体验式购物中心』定位开业，依托华润商业资源引入首进淄博新品牌百余家,城市中心供给缺口 → 全客层定位+首店招商 → 开业当天客流近20万,开业、体量与客流由淄博市商务局官方来源确认；持续运营表现待补录,以全客层一站式定位+首店资源切入二三线城市的现代商业空白,城市中心商圈缺少同体量现代购物中心,头部运营商资源与大体量资本投入,45万㎡为项目总体量口径需注明；淄博市场结构不可照搬,动作参考,已完成
案例A99,侨福芳草地,部分核验,艺术商业先行者的兴衰样本：500+艺术品成就标杆，也揭示艺术商业的可持续性难题,艺术商业如何避免光环褪色、如何从话题热度转为持续经营,以LEED铂金+500件艺术品+236米长桥构建『可购物的美术馆』，2017年客流峰值1500万人次,艺术供给 → 城市级话题与打卡流量 → 高端品牌与客流 → 光环依赖（2023年客流较2017年降约40%、空置率超15%）,开业、艺术资产与客流变化由维基百科/赢商网/观点网交叉确认,艺术商业需要持续更新内容，否则光环随时间褪色,项目需持续的艺术内容预算与品牌迭代能力,独特建筑与艺术资产不可复制；艺术运营团队与内容更新投入是前提,艺术装置与内容需保持更新（BAPE Gallery等撤店、COS中国首店2023年闭店为反证）；2025年转轻资产合作定位『时尚与艺术的社交中心』,策略依据,已完成
案例C15,上海延庆路/东湖路/永源路小马路商业更新,部分核验,上海小马路商业更新样本：以小店矩阵+社群活动构建青年客群占比77%的街区经济,传统街区如何在不推倒重来的前提下激活商业活力并留住青年客群,以特色小店/设计师品牌/精致餐饮沿街布局，延庆坊五栋建筑功能分区，叠加社群活动与『上海之夏』城市漫游推荐,在地历史街道氛围 → 小店与品牌矩阵 → 社群活动与城市营销 → 青年客群（77%占比、日均停留2.2小时、人均消费430元）,客群结构与消费数据由青年报2026-05-18确认；街区纳入『上海之夏』见新民,以小店矩阵+社群活动激活街区，用城市级消费活动放大街区声量,街区有历史底蕴与步行尺度、城市有消费季活动资源,街区产权与业态引导机制、活动运营能力,上海街区客群结构与消费力不可照搬；永源路单独资料少，建议以延庆路/东湖路为主,动作参考,已完成
案例C16,马来西亚怡保夜生活街区（海外）,线索,海外夜生活街区案例（线索级）：怡保旧街场白咖啡文化+殖民时代酒吧遗产,以老街夜生活活化城市记忆，海外参照,以旧街场（Old Town）白咖啡体验中心、殖民时代历史酒吧餐厅等形成夜经济地标（来源为旅游指南级）,历史建筑与饮食文化 → 夜生活业态聚集 → 旅游与本地夜间消费（线索级，未验证经营数据）,仅获agoda/Trip.com/YouTube等旅游指南与自媒体来源，未达核验门槛,以在地饮食文化与历史建筑做夜生活主题（待补官方与行业来源后使用）,街区有历史建筑与饮食文化遗存、有夜经济政策空间,待补官方来源与经营数据后再判定,海外案例的运营环境、人口与政策不可照搬；当前仅作灵感参考,灵感参考（待补来源）,已完成
案例C17,成都三色锦岸夜市（原三色路）,部分核验,政策驱动型夜市样本：『五允许一坚持』催生后备箱+露营风地摊经济，再经关停后提档升级,地摊经济如何在合规、市容与烟火气之间平衡，夜市如何从自发走向规范化,依托2020年3月成都『五允许一坚持』政策形成后备箱/帐篷零固定成本摊位形态，2022年爆红后因扰民被叫停，随后以『三色路夜市』为核心规划四大片区提档升级,包容性政策 → 零成本摊位形态爆发 → 流量与问题并存 → 规范化提档（后备箱街区/文创艺术街区/高端餐饮街区/集市延伸区）,政策背景、业态形态与关停事件由人民网四川等确认；更名『三色锦岸』与提档进展待官方文件补录,以政策空间培育自发生态，再用规范化升级承接流量,城市有包容性地摊政策、街区有步行与停车条件,政策窗口、市政管理配套、业态升级投入,后备箱经济依赖政策宽松度，管理缺位会引发扰民叫停（『七宗罪』为反证）,动作参考,已完成
案例C18,北京王府中環,部分核验,香港置地内地首个地标：以高端品牌矩阵拉动传统商圈国际化升级,王府井商圈传统老化，高端消费长期内循环于东方广场不外溢,以15万㎡总开发体量（经营面积约10万㎡）落地王府井，引入Dior概念店/GIADA旗舰店/13家高端餐饮，2021年岁末起培厚宝格丽/卡地亚/蒂芙尼等重奢,高端品牌矩阵 → 拉动王府井商圈国际化升级 → 首店近30家、在营品牌140余家 → 高端客群回流,体量与品牌由北京经信局+新京报+luxe.co交叉确认；开业口径2017/2018需注明,以高端商业体作为传统商圈升级的锚点，带动整条街区品牌结构提升,传统商圈有升级诉求、核心区位与消费基础,大体量资本、高端品牌资源与长期培育耐心,王府井区位与香港置地资源不可照搬；经营面积口径（10万㎡ vs 近5万㎡）需注明,策略依据,已完成
案例C19,北京朝外UIC街区,部分核验,以『年轻力』产品线切入历史片区城市更新，用首店与内容活动激活朝外大街的试点样本,历史核心街区面临商业老化，需以年轻客群重建目的地吸引力,将UIC（城市创新中心）片区更新与URF盈展年轻力产品线结合，以首店集群+展览娱乐+社群活动组织空间,片区城市更新启动 → THE BOX年轻力空间开业 → 首店与高频活动形成客流 → 片区商业价值重估,THE BOX A馆80%为首店，约4个月销售额5亿、活动2.25万人次（区政府官网口径）,在历史街区更新中引入『年轻力』产品线，用首店+内容活动而非单纯招商建立初始吸引力,历史核心区需要年轻化、具备城市更新与内容运营资源,政府片区更新主导、产品线运营团队、历史建筑活化政策空间,UIC特殊政策与区位不可照搬；首店资源依赖URF盈展体系,策略依据,已完成
案例C20,成都文殊坊,部分核验,以文化IP为核心驱动，将佛禅与非遗文化转化为可消费、可体验的院落式商业系统,历史街区开街后长期『不温不火』，缺乏持续客流与消费转化,城投置地2017年主导提质升级：重塑『一核两环三轴多片区』结构，叠加15个主题院落+妙圆剧场与800米立体慢行系统，并交由城投安石一体化招商运营,文化IP定位 → 院落式空间重构 → 非遗/汉服/国潮剧场业态导入 → 文化变现与客流回升,2026年五一接待游客超74万人次；2025年获评『年度影响力特色街区典范案例』,历史街区改造重内容运营与情绪价值，用『街庙合一、坊市合一』空间策略+专业化运营激活存量,历史街区开街后客流与消费双低、存在文化资源可挖掘,国有平台主导更新、专业运营公司全链条服务、分级保护规划空间,文殊院宗教文化与成都地域性不可照搬；城投安石合资模式依赖特定资源,策略依据,已完成
案例C21,成都曹家巷骄子集市,线索,以『烟火夜市+潮流』组合在旧城更新片区制造夜经济消费场景的线索级案例,旧城更新片区缺乏夜间消费场景，需快速集聚人气,依托恒大曹家巷广场开办『潮+巷夜肆』烟火夜市，以固定摊位+常态化夜间开放经营,旧城更新片区 → 烟火夜市/特色街区 → 夜间时段客流 → 片区人气回升,『潮+巷夜肆』占地约1500㎡、65个摊位，依府河而建，每晚常态化开放,在旧城更新或存量片区用低门槛夜市/集市先做夜间人气，再谈业态升级,片区改造后需要快速制造烟火气与夜间内容,流动摊位政策空间、物业方配合、本地餐饮供给,『骄子集市』名称本身缺乏独立来源，引用前需以原始资料核实；夜市多为季节性客流,动作参考,已完成
案例C22,悉尼QVB维多利亚女王大厦（海外）,部分核验,以百年历史建筑承载零售与观光，成为城市级地标型商业的历史样本,老建筑如何在不破坏历史价值的前提下持续承载商业功能,将1898年建成的罗马式建筑整栋用于零售，保留穹顶、彩绘玻璃等历史元素，形成旅游+购物复合功能,历史地标建筑 → 整街区零售空间 → 观光与购物复合 → 城市级目的地,1898年开业、五层、占乔治街整街区、140+店铺（维基百科）,历史建筑活化可整栋保留并持续零售化，靠建筑稀缺性自带目的地属性,城市核心区有高等级历史建筑可用于商业,建筑产权与保护等级允许商业使用、持续维护资金,澳洲殖民史与市议会持有模式不可照搬；140+店铺结构依赖旅游城市客流,策略依据,已完成
案例C23,上海虹口区域商业更新,部分核验,以里弄石库门建筑群承载高频文化活动，形成『娱文旅商』融合的区域更新样本,老城区石库门里弄面临活化困境，需要找到文化内容与商业的结合点,虹口区以今潮8弄为载体，将8条里弄60幢石库门改造为文化商业空间，以戏剧、展览等高频活动支撑『娱文旅商』联动,石库门建筑群 → 文化活动高频导入 → 文旅商体展联动 → 区域消费升级,今潮8弄约1.5万㎡、每年约500场活动；成为四川北路新地标（人民网/虹口区政府）,历史里弄更新以『内容活动频次』而非纯租金收益评估，用文商联动提升区域价值,老城区有整片里弄建筑群、政府主导文商联动,产权集中或政企协同、文化内容运营能力,500场/年活动依赖政府文化资源投入，商业自持比例需单独测算,策略依据,已完成
案例C24,成都regular原野,部分核验,以『公园底下的公园』模式，用下沉花园+主理人店铺重构市政公园商业价值,市政公园空间利用低质化，高品质精致社区商业供给空缺,在大源中央公园下沉广场打造REGULAR源野：3个下沉花园分区、20个主理人定制店铺、1个gregarious公共艺术空间连接，并以快闪房间与标本艺术店创造探索感,公园生态 → 地下商业空间 → 主理人品牌+社群内容 → 生活方式目的地,室内商业区6528.72㎡（不含花园）层高5.5m，2021-07首批开放；3花园20店铺（onewedesign）,公园+地下空间可承载精品非标商业，用主理人品牌与公共艺术空间建立差异化,城市有高密度优质客群的市政公园、需要精致社区商业,公园产权方与商业团队协同、主理人品牌资源、地铁可达,大源板块高净值人口结构与成都生活方式不可照搬；20店规模属精品试验,策略依据,已完成
案例C25,上海淮海路商业街,部分核验,以四轮更新与『首店孵化链』持续保持百年商街年轻化的城市级样本,百年商业街面临消费变迁与电商冲击，需要持续代谢保持吸引力,淮海路沿『国际大牌—旗舰店—策展内容—可持续综合体』路径多轮更新，叠加HAI550（可持续生活方式）与LADY淮海（女性社群）等非标载体,商圈定位迭代 → 首店/非标载体落地 → 年轻客流回流 → 品牌生态更新,2025年新增首店87家、新开店率超25%；HAI550品牌年更替率约50%并留20-30%流动空间（人民网）,存量商业街以『非标载体+首店孵化链+高更替率』维持年轻化，而非固守品牌组合,核心商圈具备品牌号召力、政策支持首发经济,全球新品首发地政策、多业主协同、商圈能级规划,淮海路百年时尚基因与上海首店吸附力不可照搬；更替率策略依赖品牌供给池,策略依据,已完成
案例C26,曼谷松汪road街区（海外）,线索,以居民自发振兴带动百年老街向创意街区转型的海外线索案例,失去商业地位的老街区如何靠内容与在地力量复兴,当地居民与创业者以街头艺术、精品咖啡、选物店、创意标语装置重新激活百年贸易老街,老街历史氛围 → 在地创业内容 → 社交媒体传播 → 新客流回流,被转述为Time Out『全球最酷街区』；街头艺术、精品咖啡与百年小吃集聚（旅游博客多源互证）,老街区复兴可由在地创业者自发内容驱动，先做内容再做配套,街区有历史建筑底子与自发创业氛围,产权可流通或长租、城市对商业小业态宽容,缺乏官方与权威来源，机制与数据待实证；泰式社区自治结构不可照搬,动作参考,已完成
案例C27,槟城Hin Bus Depot兴巴士（海外）,部分核验,以废弃公交维修站改造为艺术社区，靠展览与周末市集形成可持续运营,工业遗存（公交维修站）如何低成本活化并维持内容供给,将1947年建的公交维修站改造为艺术社区，以轮换展览、艺术商店、咖啡馆与周日市集组织日常内容,工业遗存 → 艺术社区内容 → 周末市集客流 → 餐饮/零售（含米其林餐厅）反哺,米其林一星Au Jardin进驻；Hin Market周日市集常态化（米其林指南/官方社媒）,小型工业遗存可做『艺术社区+市集』轻运营，用稀缺内容吸引目的性到访,存量工业/市政建筑可低投入改造、有艺术内容运营方,建筑产权、艺术策展资源、市集运营能力,米其林餐厅进驻属品牌个案，不可作为普适机制；槟城旅游客流结构不同,动作参考,已完成
案例C28,清迈One Nimman尼曼一号（海外）,线索,以个人企业家驱动的欧式红砖复合商业街区，主打手作与在地品牌,单一商场地标如何在旅游城市形成差异化吸引力,由Ichitan创办人Tan投资打造欧式红砖建筑群，以室内市集（One Nimman Select）+中庭活动+手作/在地品牌组合运营,欧式建筑场景 → 手作在地品牌集中 → 中庭市集活动 → 旅游与本地客流,2018年落成，成为尼曼路新地标，被称『清迈的客厅』（旅游博客多源互证）,复合街区可把分散的在地品牌集中成室内市集，用建筑场景与活动制造打卡势能,旅游城市核心地段、有个人或企业主导的长线投入,建筑投资能力、在地品牌供给、旅游客流支撑,仅旅游指南级来源，财务与客流数据待补；Ichitan资金实力不可照搬,动作参考,已完成
案例C29,吉隆坡pocket破旧美学街区（海外）,线索,以『破旧美学』保留老建筑岁月痕迹的微型创意聚落样本,老建筑活化中如何在改造成本与氛围之间取舍,The Pocket KL保留斑驳墙面与裸露结构，用咖啡馆、复古店面与设计市集承载『破旧美学』氛围,老宅原貌保留 → 破旧美学氛围 → 社交传播 → 文艺客流,位于Pudu旧区，为老建筑活化创意聚落（博客/社媒来源）,存量建筑活化可刻意保留岁月痕迹制造氛围差异，降低翻新投入,目标客群吃『破旧美学』、建筑安全允许保留原貌,建筑安全鉴定、物业低成本获取,规模与经营数据缺失；仅自媒体来源，需权威来源补充；氛围型业态天花板有限,动作参考,已完成
案例C30,泉州十洲城,部分核验,以『新市井力』定位打造滨海非标商业街区，国企业主+市场运营的文旅商综合体样本,城市缺乏承载高端文旅消费与滨海时尚的综合载体,泉州城建集团百亿投资150万方（东海中央活力区CAZ），首期『市井十洲城』以滨海非标街区+Livehouse演艺中心+美食文化中心双引擎，引入万科集团运营,世遗城市文化 → 非标街区定位 → 演艺/美食引擎+品牌矩阵 → 全天候文旅消费闭环,200+品牌；十洲演艺中心Livehouse近4000㎡约2000乐迷；2026年9月商业街区开业（人民政协网/香港商报）,文旅城市打造超级目的地可采『国企投资+市场化运营』，以非标街区+内容引擎建立差异化,城市有强文旅基因（世遗）、政府主导大型片区开发,百亿级投资、头部商业运营方、世遗文化资源,项目在建未开业，经营结果待实证；150万方超级体量非普适模型,策略依据,已完成
案例C31,北京朝外潮庙会,部分核验,以潮玩IP+非遗民俗组合重塑传统庙会，面向年轻客群的节庆活动样本,传统庙会面临客群老化，需要向年轻化内容迭代,朝阳区将庙会与潮玩IP（MOLLY、Panda Roll等）及非遗（英歌舞、十三档民俗）结合，以『潮庙会』重新定义节庆,节庆场景 → 潮玩IP+非遗内容 → 年轻客群到访 → 消费转化,2026年春节京城首个面向年轻人的主题庙会；三大片区联动（人民网/央广网）,传统节庆可借潮流IP+非遗混搭实现年轻化，用『内容焕新』而非场地翻新激活客流,城市有庙会传统、需要吸引年轻客群,潮玩IP合作资源、非遗内容供给、政府活动组织,潮玩IP授权与庙会档期不可常设复用；节庆流量不可直接折算为日常客流,动作参考,已完成
案例C32,福州上下杭历史街区烟火生活季,部分核验,以『非遗一条街+杭肆』文旅品牌持续运营历史街区，形成节庆活动矩阵,历史文化街区开街后需持续制造内容、避免沦为静态景区,上下杭以步行街开街为基础，培育『杭肆』文旅品牌，围绕非遗展演、新春大集、商帮巡游等节庆活动组织内容,历史街区 → 非遗文旅品牌 → 节庆活动矩阵 → 常态化客流,2020-12-30步行街开街；『杭肆云集·双杭妙会』新春大集集结超50种闽式风物、超30名在地主理人（东南网）,历史街区运营可用『品牌化集市+节庆活动』持续输出内容，把非遗转化为可消费体验,历史街区有非遗与在地商业资源、需要常态化运营,政府文旅投入、在地主理人与老字号供给、非遗展演资源,节庆活动带季节性波动；闽商文化与福州非遗不可照搬,策略依据,已完成
案例C33,曼谷vanage houses老厂房改造（海外）,线索,以二战仓库群改造文创园、保留工业桁架结构的低成本活化样本,老仓库建筑如何以最小改造成本转型为文创消费空间,Warehouse 30保留仓库大铁门与大跨距桁架屋顶，以粗犷工业风承载咖啡、选物、古着与展览,工业仓库 → 原貌保留改造 → 文创业态导入 → 差异化消费场景,二战时期仓库约4000㎡，Duangrit Bunnag修复（旅行社/社媒来源）,老厂房改造可最大化保留工业结构特征以降低投入、制造氛围差异,有老厂房资产、文创业态供给、城市对非标商业宽容,建筑安全与消防改造条件、物业低成本,项目名『vanage houses』疑为笔误（对应Warehouse 30），引用前需核实；无官方来源,动作参考,已完成
案例C34,广州阿那亚A perch朋里,部分核验,以半开放式公园商业形态落地南方，用建筑气候设计与首店矩阵构建目的地商业,文旅度假项目如何从社区商业升级为主动吸引外部客流的目的地商业,A perch朋里以连廊、露台与庭院将27个店铺单元融入林木，用深檐、通风廊道与雾森系统适应岭南气候，集中引入广州/大湾区首店,生活方式品牌势能 → 半开放式公园商业 → 首店矩阵 → 目的地到访,27个店铺单元、BegL/山池/壹集/露迦徒等首店矩阵；阿那亚艺术中心广州馆超6000㎡（董功设计）,文旅项目商业可升级为『半开放式公园商业』，用气候适应性设计与首店矩阵建立目的地属性,有大规模自然生态载体、品牌号召力可支撑首店谈判,开发体量、设计资源、首店招商能力,阿那亚品牌与社群资产不可复制；非标商业的长期坪效待观察,策略依据,已完成
案例C35,成都东郊记忆warmix街区,部分核验,以工业遗产园区叠加数字艺术与潮流内容，持续迭代为文旅消费地标,老工业厂区如何从单一文创园区升级为持续更新的文旅消费目的地,东郊记忆在原红光电子管厂旧址上持续迭代：音乐公园→时尚产业园→智慧旅游沉浸式体验新空间，叠加赛博朋克光影街区、东山组团、蜀宴赋餐秀与ARTE数字美术馆,工业遗产 → 艺术音乐内容 → 数字/潮流场景迭代 → 客流与业态升级,282亩约20万㎡；2011-09-29开园，2019挂牌成都国际时尚产业园；2024年入选全国智慧旅游沉浸式体验新空间试点（成都市政府）,工业遗产园区以『内容场景代际迭代』保持新鲜度，而非一次性改造定型,城市有大型工业遗存、具备内容与数字展陈运营能力,产权整合、持续内容投入、文化科技资源,『warmix街区』名称未获独立来源，疑为园内组团/活动名；东郊体量与城市地位不可照搬,动作参考,已完成
案例C36,佛山王府井紫薇港,部分核验,以大体量+强首店策略在区域商圈建立标杆的购物中心样本,大体量商业如何克服招商与运营压力、在区域市场建立存在感,以32万㎡商业体量承载超400品牌，以超100家佛山首店+90%签约率建立开业势能，覆盖全客层全业态,大体量供给 → 高首店比例 → 开业势能 → 区域消费集聚,32万㎡佛山最大体量购物中心；超百家佛山首店（南方+）；开业约2021年底（赢商网五年破局口径）,大体量商业以首店比例与签约率双高建立开业竞争力，用全客层业态覆盖区域需求,区域有消费升级空间、商圈需要旗舰载体,体量与投资、首店招商资源、全业态运营能力,开业日期口径待补；具体经营数据待补充；大体量对现金流压力大,数据支撑,已完成
案例C38,北京三里屯太古里路易威登之家,部分核验,以国际奢侈品牌旗舰店集群+建筑地标化，升级商圈『首发经济』的样本,成熟商圈如何通过品牌旗舰店与地标建筑持续提升能级,太古里北区2022年起策略升级：以品牌旗舰店（迪奥之家、LV之家、爱马仕）+国际建筑师设计空间完成近半商业焕新,商圈品牌升级 → 旗舰店/之家级门店 → 地标建筑与体验 → 客流与消费能级提升,LV之家2025-12-19启幕：青木淳设计（太湖石+连衣裙灵感）、四层全品类+家居、Le Café北京首间/中国第三家（LV官网/太古地产）,商圈升级可采『旗舰店集群+建筑地标化』路径，以单个奢侈品牌之家级门店带动整体能级,核心商圈有高端消费基本盘、品牌愿意投入旗舰空间,品牌资源与谈判能力、历史/建筑改造空间、商圈规划协同,奢侈品牌旗舰店谈判依赖商圈既有能级；改造周期长投入高,策略依据,已完成
案例C39,成都王府井科华店,部分核验,以百货集团多店布局覆盖城市不同商圈的传统零售样本,区域商圈需要成熟的购物中心业态供给,王府井在成都以总府店（1999年，北京以外最大百货项目）+科华购物中心（2011年）多点布局覆盖春熙与科华商圈,集团资源 → 多店布局 → 覆盖不同商圈客群 → 区域零售供给完善,科华店2011-12-25开业：购物中心业态、建面10万㎡/营业5.5万㎡（赢商网）,成熟零售集团可在同一城市以『百货+购物中心』双业态多点覆盖不同商圈,城市有多级商圈消费需求、集团有跨业态运营能力,集团资本与品牌资源、商圈选址,百货集团模式受电商冲击明显，经营数据待补,数据支撑,已完成
案例C40,新加坡老巴刹（海外）,部分核验,以国家古迹+小贩中心双属性运营逾130年，成为城市级美食地标,历史建筑如何持续承担高频日常消费功能（而非仅观光）,老巴刹作为国家古迹持续运营小贩中心，由专业运营商（FairPrice Group旗下Kopitiam）管理，叠加夜间沙嗲街等场景,古迹身份 → 小贩中心功能 → 专业运营+夜经济场景 → 旅游与本地双客流,1894年迁现址；东南亚最古老维多利亚时代建筑之一；新加坡唯一国家古迹内小贩中心；2024年庆祝130周年（官方laupasat.sg）,历史建筑可保留高频民生消费功能（熟食中心），以专业运营+标志性夜场景延续生命力,历史建筑处于城市核心、有成熟的小贩/市集运营体系,古迹保护与商业使用兼容、专业运营商,小贩中心制度（牌照/租金管制）为新加坡特色，不可照搬,策略依据,已完成
案例C41,广州东山口街区,部分核验,以『最小干预、一栋一策』微更新+在地文化导入，激活老洋房街区的潮流商业,历史洋房街区如何在保护风貌的同时导入商业活力,东山口以微更新改善街巷与洋房居住功能，2018年起在地文化入驻、2022年一方东山文创园开业，形成洋楼+咖啡/潮牌/中古/艺术空间的潮流生态,洋楼风貌 → 微更新+在地文化 → 一方东山等载体 → 潮流商业集聚与客流,200余家商户、工作日日均客流近3万/周末超5万（南都口径）；一方东山引入41家品牌；2019年联合国人居署亚洲都市景观奖,老洋房街区以『保护优先的微更新+文化商业导入』实现商业与社区共生，避免大拆大建,历史街区有完整风貌、需要商业活化且产权复杂,政府主导微更新、在地文化运营方、街区产权协调,产权分散与餐饮牌照限制是真实障碍；潮流热度有周期，需防过度商业化,策略依据,已完成
案例C42,新加坡FUNan（海外）,部分核验,以科技+体验重塑购物中心，把『未来生活方式』融入商业空间,存量购物中心如何通过彻底改造回应数字化消费趋势,凯德投资5.6亿新元将旧Funan重建为体验型商业：骑行友好、攀岩墙、运动设施、O2O零售与数字技术应用，并公开征集1000+市民建议,旧Mall关闭 → 市民共创+科技体验设计 → 未来体验型商业 → 差异化定位,"2019年重开（6-28软开/12-27正式）：269,806平方英尺（约25,066㎡）6层（维基/凯德官方）",存量商业改造可把『科技+生活方式体验』作为差异化主线，并以公众共创降低定位风险,项目需要彻底重建或大改、业主具备长线改造投入,资本投入、科技零售资源、区位交通（City Hall枢纽）,5.6亿新元改造强度与新加坡市场结构不可照搬；部分体验设施客流转化待实证,策略依据,已完成
案例C43,上海上生·新所浴见全国首店,部分核验,以『空间即内容、体验即传播』的逻辑，让品牌首店成为品牌理念放大器,消费品牌在电商流量见顶后，如何用线下首店表达品牌理念,浴见在万科运营的上生·新所开全国首店『一个人的自由浴室』，将沐浴仪式与园区松弛氛围结合，弱化销售、强化体验与社群传播,电商起家品牌 → 理念型首店 → 空间体验+社交媒体传播 → 品牌资产沉淀,2025-11开业；浴见为贝泰妮2025年首笔战略投资；上生·新所2018年一期开放、2024年二期（观察者网/赢商网）,消费品牌首店可优先选『气质契合』的园区型项目，把空间做成品牌理念载体而非销售终端,品牌有清晰理念与线上基本盘、城市有气质契合的存量园区,园区运营方与品牌审美协同、品牌内容能力,200元浴刷的高客单价格带与情绪价值叙事不可照搬；首店投资回报周期长,策略依据,已完成
案例C44,新加坡New Bahru（海外）,部分核验,以旧校舍改造为本土创意聚落，政府土地部门背书适应性再利用,历史校园建筑如何转型为承载本土品牌的创意集群,将南侨女中旧址改造为New Bahru创意聚落，容纳40+本土品牌（餐饮/零售/艺术/健康/设计），保留原校园建筑风貌,校园历史建筑 → 本土创意品牌集群 → 适应性再利用 → 生活方式目的地,2024年5月起逐步开业；40+本土品牌；新加坡土地管理局SLA官方背书（SLA官网/CNA Insider）,旧校舍等公共历史建筑可整体改造为创意聚落，以本土品牌集群+保留建筑叙事建立差异化,有整片历史校园/公共建筑资产、本土创意品牌供给,政府或产权方主导、品牌招商与内容运营,新加坡土地管理局主导的开发模式不可照搬；40+品牌聚落依赖本地创意生态密度,策略依据,已完成
案例C45,杭州良渚文化村玉鸟集,部分核验,以低密度开放街区+主理人品牌共创，打造世界文明遗址旁的『文化轻度假』商业,文化型居住社区如何补足商业版图，避免商业破坏社区人文气质,万科杭州以模拟原始村落肌理的低密度开放式布局建设玉鸟集，联合美学生活家与品牌主理人共创，引入连锁品牌+村民孵化品牌+小众主理人品牌,文化社区客群 → 低密度开放式街区 → 主理人共创内容 → 微度假目的地,2023-05建成开放，总建筑面积68934㎡；开业即引爆人流，成为2023杭州艺文新地标（有方/筑格）,文化型社区商业可把『保留村落肌理+主理人共创』作为差异化主线，而不是标准盒子招商,大型文化社区或文旅地标旁需要补充商业、周边客群有艺文消费取向,足够体量开放空间、运营方与主理人共创机制、文化艺术资源导入,良渚世界遗产背景与既有文化村人口结构不可照搬；低密度商业坪效要求高,策略依据,已完成
案例C46,澳洲布里斯班James Street（海外）,部分核验,以设计师买手店与家居品牌聚合形成高质感的『慢消费』街区样本,城市街区如何靠品牌密度与气质而非体量建立目的性到访,James Street以110+精选特色店（买手店/家居/获奖餐饮）聚合，叠加The Calile酒店与年度美食节，构建高品质街区生态,特色品牌密度 → 街区气质 → 社交与到访 → 目的地化,官网确认110+ specialty stores；获昆士兰官方旅游指南重点推荐（jamesst.com.au/queensland.com）,高质感街区靠『精选品牌密度+生活方式事件』立市，不需要大盒子,城市有设计师/家居/餐饮品牌供给、目标客群重品质轻规模,品牌招商资源、持续活动运营、街区步行尺度,布里斯班市场结构与澳洲本土品牌生态不可照搬；经营数据待补,动作参考,已完成
案例C47,武汉新天地,部分核验,从商业项目品牌升级为社区品牌，把单一商业街做成『城市地标社区』,成熟商业项目如何跨越20年保持价值并与城市持续共生,瑞安将新天地由商业项目品牌战略升级为社区品牌，整合住宅/办公/商业生态，2025-09武汉天地更名武汉新天地并启幕新天地艺游季,社区生态整合 → 品牌升级 → 公共艺术内容 → 城市地标价值,面世近20年，带动汉口历史文化风貌区与二七滨江整体价值（武汉市商务局转载新商业LAB/湖北日报）,成熟项目可通过『商业→社区』品牌升维与公共艺术内容延续生命力,项目运营多年、具备住宅/办公/商业复合资产,多业态资产、城市更新协同、内容与艺术运营团队,瑞安武汉深耕20年与政府协同关系不可照搬,策略依据,已完成
案例C48,上海adidas三叶草外滩秀场,部分核验,品牌把时尚秀场与限量发售编排进时装周节点，形成首发+零售闭环,运动品牌如何借城市级时尚事件放大新品发布声量,adidas在上海时装周收官场举办POWER OF THREE主题大秀，首发2026春夏，秀后次日于安福路旗舰店等渠道限定发售,时装周节点 → 明星创意人站台 → 大秀内容 → 限定发售渠道 → 零售转化,官方确认2025-10-16上海时装周收官大秀、上海创意中心20周年（adidas官方新闻）,品牌新品发布可绑定城市时尚节点+限定零售渠道做全链路事件,品牌有年度新品与创意合作资源、城市有时装周级时尚事件,品牌内容生产能力、明星/KOL资源、旗舰店渠道配合,adidas全球资源与上海创意中心20年积累不可照搬；『外滩』地点口径待核,动作参考,已完成
案例C49,杭州亚奥万象天地,部分核验,以『盒子+街区』与露营/骑行/宠物友好场景，把万象天地产品线首次带入杭州,新城区商业如何用非标场景建立识别度并快速聚客,华润落地浙江省首个万象天地，商业面积12万㎡盒子+街区，集结露营/骑行/宠物友好场景,非标场景 → 街区游逛感 → 社交内容 → 开业聚客,开业两日客流33万+；成为杭州block街区新范例（gooood/Lead8/知乎）,盒子+街区+主题场景可复制为新城商业的开业聚客组合,新城区有年轻家庭与品质客群、需要快速建立商业认知,足够体量、场景化公共空间投入、品牌招商,亚运区政策与区位红利不可照搬,策略依据,已完成
案例C50,佛山岭南新天地,部分核验,以修旧如旧+首店经济运营百年历史街区，成为年客流超2600万人次的大湾区文商标杆,大规模历史建筑群如何兼顾文物保护与商业可持续,瑞安以局部拆建+维护修缮改造祖庙东华里，修旧如旧，分期开业（2012街区/2016 NOVA/2020新里），把握首店经济并孵化本土原创品牌,历史资产 → 修旧如旧 → 首店+原创品牌 → 文旅客流与消费升级,商业街区2012年开幕，规划总建面150万㎡、128栋历史建筑，年客流超2600万人次（美通社/南方+/ARCHINA）,大型历史街区可走『分期开发+首店经济+本土品牌孵化』路径,拥有成片历史建筑资产、城市文旅客流基础,长线资本、文物保护与商业运营双能力、政府协同,瑞安资本强度与佛山祖庙文脉不可照搬；20年培育周期长,策略依据,已完成
案例C51,北京朝阳花Young潮外消费季,部分核验,以政府消费季串联特色地标与市集，把单一活动做成城市级消费事件,城市片区如何用活动经济激活存量商业与公共空间,朝阳区以『花YOUNG潮外』UIC片区消费季，串联日坛公园/THE BOX朝外/侨福芳草地等地标，叠加观光专线与花花市集,政府牵头 → 地标串联 → 市集快闪 → 节庆客流,2025-09-28启动，获北京市政府官网发布；花花市集落地THE BOX朝外东岳文化广场（北京市政府/本地宝）,片区级消费季可把公共空间/商业体/文旅地标打包成统一主题事件,政府或商圈需要节庆聚客、片区有多个可串联消费节点,政府组织资源、商户参与、主题内容策划,北京朝阳区级政策与商圈资源不可照搬；活动短期性,动作参考,已完成
案例C52,东京NEWoMan/香港中环街市/北京西单更新场（海外+国内）,部分核验,三种车站/市场/地下商业的更新样本：TOD商业、历史建筑活化、地下空间改造,城市存量空间（车站/市场/地下商业）如何更新为体验型目的地,NEWoMan（JR东日本与巴士总站共构百货）、中环街市（市建局活化1939年三级历史建筑）、西单更新场（77街停业6年改造）分别以立体开发/历史活化/地下改造实现更新,存量空间 → 功能复合/历史叙事/地下价值挖掘 → 新消费场景 → 城市更新价值,中环街市2021-08向公众开放（总楼面约12000㎡）；西单文化广场2021年五一前亮相；NEWoMan直通新宿站多改札（市建局/北京市外办/乐吃购）,存量更新可依据资产属性选择『功能复合、历史活化、地下价值』三条主线之一,存量车站/市场/地下商业需要更新、区位人流充足,产权整合、更新资本、运营主体专业化,市建局公权主导与JR东日本铁路资源不可照搬,策略依据,已完成
案例C54,首尔GENTLE MONSTER总部（海外）,部分核验,以多品牌垂直整合+装置化空间，把品牌总部做成城市潮流地标,品牌如何把门店从销售终端升级为体验与传播地标,GENTLE MONSTER将国际总部HAUS NOWHERE落子圣水洞，整合眼镜/香水/帽饰/餐具/茶点5品牌，以垂直动线与装置化展陈串联,品牌矩阵 → 装置化空间 → 打卡传播 → 地标效应,官方确认圣水洞433 Ttukseom-ro门店（GM官方）；开业即成圣水洞新地标（社媒）,强视觉品牌可把『多品牌整合+空间装置』作为旗舰店差异化,品牌有强视觉基因、多品类矩阵、核心城市潮流区位,内容创意团队、高成本空间投入、品牌矩阵齐全,GM的策展式内容能力与潮流圈层资源不可照搬,动作参考,已完成
案例C55,曼谷Central Park（海外）,部分核验,以超大体量+城市最大空中花园，把老牌酒店地块重建为新一代生活方式地标,存量酒店地块如何重建为城市级商业目的地,Central Pattana将Dusit Thani老牌酒店地块重建为Dusit Central Park：八层13万㎡、550+品牌、泰国最大空中花园Dusit Arun（约11200㎡）与750米无障碍步道，连接双轨交,枢纽区位 → 超大体量+公园化空间 → 全客层业态 → 目的地化,2025-09-04开幕；官方centralparkbangkok.com运营（CPN集团）；旅游指南确认规模（官方/phuket101）,核心枢纽地块重建可把『体量+公园化公共空间』作为差异化主轴,城市核心枢纽有可重建地块、需要新地标,巨额资本、双轨交区位、全客层招商,CPN集团资源与曼谷旅游流量不可照搬；13万㎡体量门槛高,策略依据,已完成
案例C56,青岛万象城,部分核验,以REIT化运营的头部万象城样本：高出租率+会员深度运营+持续改造,大型购物中心如何通过精细运营与资产证券化保持增长,青岛万象城作为华润商业REIT底层资产，以会员运营（145万会员）+首店调改+空间改造持续提升经营,资产REIT化 → 精细化运营+会员体系 → 品牌调改 → 客流销售增长,出租率99%（2024年底）、会员145万近青岛常住人口1/7、单日客流峰值20万+；2024上半年客流+10%（经济导报/青岛日报）,大体量区域Mall可通过『会员深度运营+持续首店调改+REIT融资』提升资产价值,项目已稳定运营、区域消费基础强、可证券化,会员体系与数据运营能力、持续调改资本、区域品牌资源,华润REIT资产规模与青岛市场结构不可照搬,策略依据,已完成
案例C57,北京中粮祥云小镇,部分核验,以欧式风情+家庭亲子主题的开放式文旅街区，入选首批市级旅游休闲街区,新区社区商业如何以非标形态建立差异化识别,中粮在顺义打造开放式文旅综合体，划分六大主题区块、分两期开发，主打家庭亲子与品质生活,欧式风情场景 → 家庭亲子业态 → 区域目的地 → 旅游休闲街区,2021年入选北京市首批旅游休闲街区；总体量约20万㎡、同期开业74家品牌（百度百科/人民网/知乎）,新区商业可走『主题场景+家庭业态+分期开发』路线,新区有高净值家庭客群、需要社区型目的地商业,体量投入、亲子业态资源、场景化建设,顺义空港客群结构与中粮资源不可照搬,动作参考,已完成
案例C58,北京友谊商店/大吉巷/白塔寺东西岔,部分核验,三种老城更新样本：老商业体后院活化、历史街区文商旅融合、胡同针灸式更新,老城存量（老商场/历史街区/胡同）如何在不拆的前提下实现商业焕新,友谊商店后院9处旧空间改造为『友谊花园』（Berry Beans/北平机器等）、大吉巷以合院式街区+首店经济重塑、白塔寺东西岔以『六个一』针灸式更新,存量空间 → 微改造/保留肌理/针灸更新 → 新业态导入 → 老城新生,友谊商店2025-09-23正式开业；大吉巷端午客流超50万人次、150+品牌超半数为首店；东西岔2020年启动更新（新华网/光明网/规自委）,老城更新可依资产选择『后院活化、合院街区、胡同针灸』三种轻量路径,老城有存量商业/历史街区资产、周边有居住与旅游客群,产权梳理、首店招商资源、政府规划协同,中海/王府井的资本与北京历史文化资源不可照搬,策略依据,已完成
案例C59,西安曲江创意谷,部分核验,以17米高线公园空中街区串联办公与商业，打造文创综合体样本,文创园区如何让商业与办公互为流量而非割裂,曲江创意谷将纽约高线公园概念引入西安，约17米空中连廊串联8栋办公楼与商业空间，形成立体创意街区,空中连廊 → 立体动线 → 商办互导 → 文创地标,2018-12-30一期开业，总建筑体量约52.9万㎡，98%招商率、92%开业率、超30%首进品牌（西安晚报/百度百科）,文创园区可把『立体公共空间+商办融合』作为差异化设计主线,文创/产业园区需要提升商业活力与办公吸引力,高线公园式空间投入、产业招商能力、地铁接驳,曲江新区文化资源与万科资本不可照搬,策略依据,已完成
案例C60,沈阳三台子万象汇叁三里,部分核验,以沈阳首个漫氧绿洲主题室外街区，让区域Mall获得街区延展,区域购物中心如何突破盒子边界增加室外消费场景,三台子万象汇2024-06开放首个室外街区『叁三里』，2000㎡漫氧绿洲主题，融合室内外消费场景,室外街区 → 绿洲主题场景 → 室内外联动 → 区域聚客,百度百科确认2024-06-15开放；项目2022-12-09开业、建面12.8万㎡（观点）,区域Mall可通过室外主题街区延展消费场景与停留时间,Mall有室外空间、周边家庭客群、需要差异场景,街区改造投入、主题景观、招商协同,沈阳区域市场与华润运营资源不可照搬,动作参考,已完成
案例C61,上海安福路萨洛蒙概念店,部分核验,以『小白楼』艺术策展式概念店，把品牌旗舰做成街区文化事件,户外品牌如何在一线城市核心街区表达品牌理念与在地性,萨洛蒙在上海安福路开出『福郡』小白楼，479㎡三层设Le Salon/La Galerie/L'atelier三大主题空间，以艺术策展+跨界+本地社群运营，开业前联动11家异业商铺街区打卡,品牌理念 → 策展式空间 → 街区联动 → 社交传播,2025-06/08开业；2024年大中华区196家门店、2025计划再开100家（美通社/赢商网）,品牌旗舰店可『策展化空间+街区异业联动』制造开业事件,品牌有理念表达需求、核心街区有异业生态,设计/策展团队、异业合作资源、街区选址,安福路街区气质与萨洛蒙社交流量不可照搬,动作参考,已完成
案例C62,东京宫下公园/大阪难波公园/首尔如意岛/吉隆坡Exchange TRX（海外）,部分核验,四种公园/综合体改造样本：屋顶公园、坡式立体公园、最大百货、枢纽综合开发,城市如何把公园/老百货/枢纽地块改造成兼具公共性与商业性的空间,宫下公园（公园+商场复合体）、难波公园（坡式立体公园形态）、The Hyundai Seoul（89,100㎡最大百货+植物园）、Exchange TRX（Lendlease亚洲最大综合开发）分别以公园复合/立体景观/自然化百货/枢纽TOD实现更新,存量改造 → 公园化/立体化/自然化空间 → 公共性+商业性 → 城市地标,宫下公园2020-07重开；TRX 2023-11-29开业、首年销售MYR26.4亿客流4500万；现代首尔89,100㎡（维基/Lendlease/现代官方）,城市更新可把『公园+商业』复合作为公共价值与商业价值双赢主轴,有公园/枢纽/老百货等存量资产、城市需要公共空间升级,更新资本、运营主体、公共空间设计与商业招商协同,各项目体量与城市能级差异大，不可等量复制,策略依据,已完成
案例C63,香港铜锣湾希慎丽园街区,部分核验,以『利园百年』升级计划重塑铜锣湾商圈，办公+零售+公共空间协同更新,老牌核心商圈如何通过分区升级保持竞争力,希慎2023年发布利园升级计划『Lee Gardens for the Next Century』，分3个功能区升级，并新建利园八期（6万平方呎绿化+全天候行人通道连接港铁）,分区升级 → 新地标落成 → 行人动线贯通 → 商圈焕新,利园八期2026年第三季登场、行人通道系统2026年底竣工（观点/华懋集团）,核心商圈业主可通过『分期升级+新地标+动线贯通』重振商圈,商圈老化、业主有多地块资产、有长期资本,多地块整合、行人动线投资、办公零售协同,希慎铜锣湾土地资产与百年品牌不可照搬,策略依据,已完成
案例C64,印力×曼谷The Mall集团合作（含深圳印力中心印象食集）,部分核验,以中泰集团级战略合作，把文化IP与市集内容跨境引入会员生态,中泰商业集团如何以内容合作突破各自市场边界,印力与泰国The Mall集团签署战略合作，覆盖文化IP/会员生态/品牌出海，第一场合作为第九届Super-V花花节融合Kud-Thai市集IP,集团合作 → 文化IP互引 → 会员生态互通 → 品牌出海通道,2025-07-18深圳印力总部签约，万科/印力/赢商网多来源确认,跨境商业合作可从『市集IP+会员活动』切入，轻启动再深化,企业有跨境拓展意愿、双方有可互换的IP与品牌资源,集团层面决策、IP授权、会员体系接口,中泰建交50周年政策窗口与两大集团资源不可照搬；印象食集细节待补,动作参考,已完成
案例C65,首尔圣水洞韩系设计街区（海外）,部分核验,以工业遗产改造为设计街区，让品牌旗舰与城市漫步共生,工业老区如何转型为吸引Z世代的潮流目的地,圣水洞将废弃汽修厂/仓库改造为品牌与文化空间（LCDC/大林仓库等），形成零售即叙事的探索式动线，吸引DIOR/TAMBURINS等旗舰入驻,工业遗产 → 品牌旗舰集群 → 探索式街区动线 → Z世代目的地,行业文章与时尚媒体确认：LCDC（废弃汽修厂改造）、Musinsa大林仓库买手店（702.5㎡、100+品牌）、OLIVE YOUNG N旗舰1400坪等（行业文章/ELLE HK）,工业老区可通过『旗舰品牌集群+保留工业叙事』转型潮流街区,有整片工业遗存、城市有品牌落地需求、近核心商圈,产权改造、品牌招商、内容与活动运营,圣水洞的韩国潮流产业生态与Z世代密度不可照搬,策略依据,已完成
案例C66,深圳深业上城/重庆北辰天街/南京德基/郑州郑东万象城室内街区,部分核验,四种『街区化空间』样本：公园小镇、高街花园、艺术空间、漫步街区,购物中心如何以街区化空间突破盒子同质化,深业上城（LOFT小镇街区）、北城天街（高街花园/榕树广场改造）、德基广场（艺术+商业+科技）、郑东万象城（北区盒子+南区漫步式街区）分别以空间形态/场景改造/内容升级/建筑双区实现街区化,空间街区化 → 场景内容化 → 游逛感与社交 → 差异化聚客,深业上城2024销售额60亿；北城天街改造后客流+52%；德基2024销售245亿；郑东万象城2025-06-28开业（购物中心19.4万㎡+街区4.7万㎡）（赢商网/人民网/新华网/华润万象生活）,购物中心可依资产选『室外街区、场景改造、内容升级、双区建筑』之一实现街区化,项目同质化明显、有空间或内容升级空间,改造资本、场景内容团队、品牌协同,各项目体量与城市能级差异大；原始名『北辰天街』疑为北城天街笔误,策略依据,已完成
案例C67,深圳大悦城,部分核验,以三大非标空间+首店超五成，用15年布局补齐一线城市版图,北方系商业如何进入竞争激烈的南方一线市场,深圳大悦城以开放式潮流十字街、4000㎡屋顶星厨花园、超3万㎡『地下城』25青年时区三大非标空间，叠加首店及定制店占比超五成,非标空间 → 首店矩阵 → 开业事件（IP快闪/首展）→ 南北客群破圈,2025-07-12开业，首日客流42万+、销售额近2000万，近100家品牌全国销冠（南都）,新进市场可用『非标空间+首店密度+开业IP事件』制造开局声量,进入新城市、需要快速建立认知,资本与工期（本例15年）、首店招商资源、IP内容,200亿投入与25万㎡体量不可照搬；长期经营待观察,策略依据,已完成
案例C68,曼谷商业设计五大亮点（海外）,部分核验,以行业观察梳理曼谷商业设计亮点，作为场景与业态创新的对标参考,曼谷商业为何持续产出爆红项目、其设计方法论是什么,以EMSPHERE为典型样本：年轻化业态编排、工业风空间、高成本场景投入与商圈联动,年轻客群洞察 → 场景/业态创新 → 打卡传播 → 持续爆红,EMSPHERE开发成本约39.5亿人民币、20万㎡、两栋相连建筑（行业媒体）；综述属性强,商业设计可对标曼谷的『年轻化业态+场景投入』逻辑,项目需强化场景与年轻客群吸引力,场景投入预算、业态创新资源、持续内容运营,原始五亮点清单以原始资料为准；曼谷旅游流量与成本结构不可照搬,灵感参考,已完成
案例C69,西安老城根G park,部分核验,以天幕街区+水晶大屏+水舞秀场的科技艺术场景，持续8年运营内容保鲜,场景型商业如何避免8年后审美疲劳,老城根G park以LED异形水晶大屏与360°水舞秀场为标志场景，通过IP首展/市集/时尚走秀持续运营内容,科技场景 → 内容运营（IP首展/市集）→ 常看常新 → 地标效应,2016年开业，152个品牌40%首进西北；2024年8周年Dior/Tagi.等沿水晶广场聚集（iziRetail/百度百科/西部网）,场景型商业需配套『内容运营机制』对抗审美疲劳,项目以标志场景立市、需要长期运营保鲜,标志性装置、内容与IP资源、活动运营团队,2000㎡水晶屏级装置投入不可照搬,策略依据,已完成
案例C70,长春万象城漫闪街区,部分核验,以城市慢闪街区IP按季迭代，把商场外广场做成持续更新的社交地标,购物中心外广场如何从闲置空间转为持续聚客的场景IP,长春万象城以『MIXC YARD城市慢闪街区』IP按主题迭代：电影主题→复古高校→2.0庭院季，每期引入13家首进品牌,主题街区IP → 按季迭代 → 首进品牌+场景 → 打卡聚客,首期开业首日2.3万人次；2.0版本2025-05-20启幕（新华网吉林/百度百科）,商场可把外广场做成『按季迭代的主题街区IP』持续制造新鲜感,商场有户外广场、需要高频内容更新,主题策划能力、首进品牌资源、场景搭建投入,长春市场结构与华润资源不可照搬；原始名『漫闪』官方为『慢闪』,动作参考,已完成
案例C71,北京王府中環,部分核验,把『王府文脉+精奢品牌』做成高端生活圈，2018年开业、在营首店近30家,王府井核心商圈需要能承接高端消费的纯新商业综合体,香港置地投资12亿美元，选址贝子溥伦府邸原址、八年筹备，王府建筑按原比例重建，导入PRADA/GUCCI/Cartier等双层大店与近30家首店,地段文脉→精奢品牌组合→首店矩阵→高端生活圈聚客,在营品牌140余家、全国/北京首店近30家，Aesop伊索北京首店19号府店成打卡热点（华丽志2024）,以『历史文脉+高端首店』做差异化，而非单纯堆品牌,核心商圈有可依托的历史文脉地块与高端消费需求,长期筹备资金、高端品牌资源、文脉修缮能力,12亿美元投资与八年筹备周期不可照搬,策略依据,已完成
案例C73,广州黄埔花厅坊,部分核验,把900年古村『火村』修旧如旧做成岭南特色非标文旅街区，与永庆坊并称『东花厅西永庆』,黄埔科学城缺文化商业地标，古村保护与商业活化的矛盾,合生商业以『修旧如旧』修缮策略保留古村『三街一里，八巷一环』街巷结构与梳式布局，融入特色餐饮/文创零售/夜经济，2025-05-01全面开街,古村肌理→修旧如旧→多元业态→文化打卡目的地,2025年5月1日全面开街、超100家品牌入驻，黄埔区首个大型岭南特色非标文旅商业街区（羊城派/CCFA）,古村落/历史街区可走『修旧如旧+非标文旅商业』路径,有古村/历史街区资源、邻近产业新城人口,文物修缮能力、业态组合（餐饮/文创/夜经济）、在地文化运营,900年古村唯一性与古法砖雕复刻投入不可照搬,动作参考,已完成
案例C74,深圳万象天地MXTR街区,部分核验,把街区末端『冷区』用水广场上的MXTR PARK小建筑做成内容化公共场域，品牌慢闪+社交传播,街区动线末端冷区如何激活为聚客场,从HIGH LOUNGE到MXTR PARK连续三年空间实验，以『一拱两阶三舞台』小建筑+『慢闪』内容策展，Fenty Beauty中国内地首店等入驻,冷区空间→小微建筑→品牌慢闪→社交传播→激活街区,2025-03-28开放以来为品牌带来数百万级业绩增量，MXTR PARK成网红地标（搜狐）,用可快速迭代的小体量『内容型建筑』激活商业动线末端,街区/商场有动线末端或冷区、需持续内容焕新,内容策展能力、品牌共创机制、小体量建筑投入,350㎡小建筑与品牌让利合作模式需结合自身资源,动作参考,已完成
案例C75,南京JLC金陵中環,部分核验,香港置地第四座中环系『精品中环』，以首店集群+文化装置刷新新街口,新街口传统商业集群需要年轻化的高端消费新场,定位『精品中环』（与王府中环同级），聚焦品牌潮流/餐饮/高端生活方式，导入Olé/HARMAY话梅/方所等首店与《红楼回响》文化装置,中環系品牌→首店集群→文化装置→年轻客群→商圈错位升级,2025-04-29试营业，新街口近10年最大体量新增商业（商业8.9万㎡），2024年南京首店超330家（观点网/南京投促局）,成熟高端系在核心商圈做『精品化+年轻化』错位定位,核心商圈饱和、需要新供给承接年轻潮流客群,首店招商资源、文化装置投入、商圈协同,香港置地中環系品牌资产与百亿级投资不可照搬,策略依据,已完成
案例C76,杭州天目里,部分核验,设计师当业主的『总部+艺术商业』复合园区，伦佐·皮亚诺中国首作,企业总部如何与城市共享、园区如何成为生活方式地标,江南布衣2012年与GOA拿地建总部，邀伦佐·皮亚诺整体设计，17幢单体围合中心广场，导入茑屋书店中国首店等,总部需求→大师设计→艺术商业内容（茑屋/美术馆/秀场）→城市公共目的地,23.4万㎡、17幢单体、茑屋书店中国首店、意大利Dottor Group驻场5年打造约4万㎡清水混凝土（品牌星球/界面）,企业主导项目可以『总部+文化商业』复合形态反哺城市,企业有总部建设需求、愿以长期主义投入设计,长期资金、大师设计资源、优质品牌内容组合,伦佐·皮亚诺级设计投入与意大利施工团队不可照搬,灵感参考,已完成
案例C77,京都车站（海外）,部分核验,把车站做成『通往历史之门』的城市综合体，第4代京都站1997年启用,车站交通枢纽如何承载城市文化门户与商业功能,原广司设计第4代京都駅ビル，1994年动工、1997-07-12开业，车站与百货/商业/屋顶空间复合，大台阶引导市民直达屋顶,交通枢纽→建筑地标→复合商业→城市门户,1997年开业以来成为京都地标与游客集散地（京都駅ビル官网）,交通枢纽型项目可叠加文化叙事与复合商业,有高流量交通枢纽节点,建筑设计与交通运营协同、复合业态规划,原广司级建筑设计投入与京都历史地位不可照搬,灵感参考,已完成
案例C78,苏州中環,部分核验,金鸡湖湖东『MALL+退台式街区』顶奢综合体，中環系内地进度最快项目,湖东商圈需要顶奢供给补位与湖滨场景,香港置地+新建元圆融联合开发，模糊MALL与Street边界、退台式商业街+巨型扇形天幕，监管协议前置绑定超一线奢侈品牌引进,顶级地块→政企合作绑定奢牌→MALL+街区→湖滨顶奢目的地,在建中，预计2027-04开业（Benoy口径；媒体称2026年亮相），监管协议要求3年内引进≥3家超一线+≥17家一线奢侈品牌（赢商网）,顶奢项目可通过监管协议前置绑定品牌级次,城市核心湖滨/商圈、有顶奢消费外溢,政企合作协议、超一线品牌资源、大体量投资,32亿元级投资与奢侈品监管协议条件不可照搬,策略依据,已完成
案例C79,东京Hibiya OKUROJI（海外）,部分核验,把明治时期百年炼瓦高架桥下空间做成『大人夜玩区』购物街,高架桥下空间如何从消极用地转为商业地标,JR东日本都市开发将新桥-有乐町间约300米炼瓦拱门高架下7200㎡再开发，2020-09-10开业，引入近50家高品位餐厅/订制店/工艺店,历史高架桥→线性商业空间→『奥』的隐秘氛围→大人向目的地,2020年9月开业，约50店铺、多个东京首店，成东京新打卡地（TECTURE/空间印象）,线性消极空间（高架下/桥下）可借历史叙事做『隐秘感』商业,城市有高架/桥下消极空间、周边有成熟商务客流,空间改造投入、品牌组合（餐饮+订制+工艺）、全天候可逛性设计,明治炼瓦拱门的百年历史氛围不可复制,动作参考,已完成
案例C80,洛杉矶大中央市场（海外）,部分核验,1917年至今持续运营的公共市场，洛杉矶市中心百年餐饮文化地标,百年市场如何在现代零售冲击下持续经营,保留1897/1905两栋历史建筑与市场功能，2013年起引入精品咖啡等新业态（Go Get Em Tiger首店），持续市集/活动运营,百年市场品牌→餐饮多样性→精品业态注入→城市文化目的地,1917年开业至今连续运营，成市中心地标，官方Instagram 37.9万粉丝（LA Conservancy/官网）,历史市场可走『原真功能+精品业态注入+活动运营』路径,有历史市场/菜场资源、周边城市更新,历史建筑保护、业态筛选、持续活动运营,洛杉矶百年历史与城市文化位势不可照搬,动作参考,已完成
案例C81,胡志明咖啡公寓（海外）,部分核验,一栋老公寓楼自发长成『咖啡公寓』城市地标，垂直叠加的社交空间,老式公寓楼如何在网红经济下重生为城市地标,胡志明第一区42号公寓楼内自发聚集数十家咖啡店/设计商店，利用阳台与挑高空间形成垂直商业聚落,老建筑→租金洼地→独立店主聚集→社交媒体传播→城市地标,阮惠步行街地标打卡点，多间咖啡馆设阳台座俯瞰步行街（越南航空官网/viet-go）,低租金老建筑可通过『垂直聚落+社交传播』形成新地标,有历史老楼、步行街区流量、独立店主供给,城市允许自发业态生长、步行街人流、社交媒体传播,胡志明式自发聚集生态不可照搬,灵感参考,已完成
案例C82,东京麻布台Hills（海外）,部分核验,30年更新的『都市森林』——日本最大规模综合体+330米森JP塔,密集老城区如何整体再开发并兑现花园城市承诺,"森大厦以第一種市街地再開発事業整合约300名权利者，1989年启动、2023-11-24开业，8.1ha开发、24,000㎡绿化（开发前5倍），LEED-ND铂金",长期统筹→权利者整合→花园城市理念→综合体+中央广场→城市新中心,"2023年11月开业，店舗面積23,000㎡、住宅1400户、约150家商店、森JP塔64层330m（森大厦官方）",大体量城市更新可用『长期统筹+公共绿地先行』换取开发价值,老城密集区更新、有长期资本与政府支持,30年周期资本、权利整合能力、公建投入,6400亿日元级投资与30年周期不可照搬,灵感参考,已完成
案例C83,东京代官山Forestgate（海外）,部分核验,隈研吾『堆叠木箱』复合设施，居住/工作/游憩一体,成熟街区如何补充高品质复合功能,2023年10月开幕，隈研吾设计MAIN栋（超市THE GARDEN/蓝瓶咖啡/JO MALONE）+共享办公Business Airport Daikanyama，叠加街区品质商业,大师设计→复合功能（居住/办公/商业）→街区品质提升,2023年10月正式开幕（TECTURE/mottimes）,成熟街区可补『高品质复合设施』承载品质商业与办公,成熟高净值街区、缺高品质复合供给,大师设计、业态筛选、办公与商业协同,隈研吾级设计投入不可照搬,灵感参考,已完成
案例C84,京都新风馆（海外）,部分核验,百年电话局两代大师改造（Richard Rogers→隈研吾），古都更新平衡样本,京都登记文化财第一号建筑如何活化而不失文脉,2001年Richard Rogers首改（保留外墙面+中庭），2020年NTT都市开发再开发、隈研吾用町屋木格栅包裹Ace Hotel Kyoto,历史建筑→两代大师改造→酒店+商业复合→传统与革新共存,2020年6月重新开幕，Ace Hotel亚洲首店、MAISON KITSUNÉ/LE LABO/BEAMS JAPAN等（空间印象/vocus）,高价值历史建筑可走『大师改造+酒店锚定+品质商业』路线,有登录文化财级历史建筑、城市文旅客流,文物保护约束下的改造能力、酒店品牌资源、商业组合,京都登录文化财第1号身份与两代大师历史不可复制,灵感参考,已完成
案例C85,上海永源路商业更新,部分核验,把500米『两头断流』小马路做成潮流街区样本，首店策略+品牌事件借场,商圈边缘冷区小马路如何翻红,创邑改造运营，统一设计消融商业/街区/公园边界，以首店和概念店为切口、每品类只引进一家，SMFK 2024-11首家开业，TEAM WANG/阿迪达斯/HOKA借场地做品牌事件,开放场域→首店矩阵→品牌事件借场→Citywalk流量→街区复热,2024年底第一家店开业后快速出圈，SMFK/PANE/Baxter亚太首店/紫苑花陆续落地（上海市政府新闻办）,商圈边缘小马路可借『统一规划+首店策略+品牌事件』逆袭,核心商圈边缘地块、周边成熟客流外溢,统一改造运营主体、首店招商能力、品牌事件资源,静安寺商圈区位与潮流品牌资源不可照搬,动作参考,已完成
案例C86,重庆观音桥好吃街,部分核验,从建材市场到日均11万人次的美食消费地标，接手烂商场也能盘活,商圈内闲置商业与高性价比小吃供给升级需求,新天街将建材市场改为好吃街A区，2021年接手经营不善的天和里购物中心改造为B区（一个月招募近100家商户），联营模式孵化自持小吃品牌，抖音渠道推广,高性价比小吃定位→联营孵化品牌→线上推广→客流聚集→美食地标,296家餐饮、日均客流11万人次、带动3000+就业、2024全国诚信兴商典型案例，2025年五一客流比2019年+131%（福建商务厅/证券时报）,美食街可『高性价比定位+联营孵化+线上运营』复制,商圈人流、小吃供给需求、有闲置物业,运营团队（联营/孵化能力）、食品安全管理、线上渠道运营,重庆口味文化与网红传播环境不可照搬,动作参考,已完成
案例C87,广州永庆坊,部分核验,广州旧城微改造第一批示范，『绣花功夫』活化恩宁路百年骑楼街,老城历史街区如何在不大拆大建下活化,2015年广州城市更新局启动微改造，永庆坊以『政府+企业+居民』BOT模式（企业投资运营、15年后移交），2016年一期开放、2019年二期示范区开放，修旧如旧保留骑楼肌理,政府规划→企业运营→修旧如旧→业态更新→文商旅融合,2016年一期开放、2018年『绣花功夫』获高度关注、2019年二期示范区开放，2020年获批国家4A景区、累计游客超5000万人次（南方网/中建四局）,历史街区微改造可走『政府主导+BOT运营+渐进更新』,有历史街区、政府城市更新政策支持,规划审批、运营主体市场化能力、业态动态调整机制,恩宁路历史文脉与广州城市更新政策环境不可照搬,策略依据,已完成
案例C88,广州万菱汇,部分核验,天河中轴2009年开业的购物中心+218米写字楼综合体,天河商圈中需要错位经营的商业供给,万菱实业开发（前身京光广场），2009年开业，5.8万㎡经营面积，商场+写字楼+住宅+酒店综合业态,天河中轴区位→综合业态→商圈协同,2009年开业、5.8万㎡经营面积（维基百科/官网）,核心商圈综合体可做『商场+写字楼+公寓+酒店』复合,核心商圈地块、综合开发能力,物业综合运营、商圈错位定位,天河CBD区位与历史机遇不可照搬；词条含历史负面报道『负一层三成商家撤离』，经营表现需核实最新状态,策略依据,已完成
案例C89,纽约洛克菲勒中心（海外）,部分核验,大萧条时期建成、14栋Art Deco组成的『城中之城』，圣诞树+滑冰场全球地标,超大体量综合体如何在经济低谷期落地并持续成为城市地标,John D. Rockefeller Jr.1928年向哥伦比亚大学租地，1931年动工，14栋Art Deco建筑+Radio City Music Hall，1931年起圣诞树、1936年滑冰场运营至今,家族资本→经济低谷期建设→文化仪式（圣诞树/滑冰）→城市精神地标,1929-1940年建成、12英亩14栋建筑，Radio City 1932-12-27开业，Rainbow Room 1934年开幕（美国当时最高餐厅），点灯仪式1997年起NBC全球直播（Britannica/官网）,大型综合体可用『文化仪式+公共空间』沉淀城市级品牌,城市核心地块、长期资本、文化运营能力,超大规模资本、文化内容运营、公共空间设计,洛克菲勒家族资本与纽约城市地位不可照搬,灵感参考,已完成
案例C90,东京宫下公园MIYASHITA PARK（海外）,部分核验,1953年屋顶公园2020年焕新为『商业+屋顶公园』立体复合,老公园如何在有限用地叠加商业价值,2020年7月重开为购物综合体+屋顶公园（滑板场/攀岩/沙滩排球），与涩谷都市更新联动,公园记忆→改造重建→商业+运动公园复合→年轻客群,2020年7月重开（维基/GO TOKYO）,城市公园可叠加商业形成『商业+公共空间』复合体,高密度城区有公园用地、需商业反哺公共空间,政企合作、运动内容运营、商业组合,东京区位与涩谷商圈流量不可照搬；与B008-C62子项目重复，来源复用,动作参考,已完成
案例B16,耐克TOMA街头足球赛（北京798）,部分核验,耐克把街头足球赛事做成全球青少年文化平台（Toma el Juego→Toma Live）,品牌如何通过运动文化赛事连接年轻街头人群,2025年洛杉矶启动Toma el Juego（八个街区青少年淘汰赛），2026年Toma Live集结150多位全球街头精英在洛杉矶/墨西哥城/纽约小场地比赛并直播，北京798设TOMA站（2026-06-27/28）,赛事IP→街区文化→全球直播→品牌年轻化连接,2026-05-29公布Toma Live 150+选手，北京798站2026-06-27/28（Nike官方/Instagram）,品牌可自建『街头文化赛事IP』连接年轻客群,品牌面向年轻/潮流客群、有运动文化内容能力,赛事运营能力、街头文化资源、KOL传播,耐克品牌资源与全球赛事体系不可照搬,动作参考,已完成
案例B17,西安小寨原力场,部分核验,把传统百货改造为『无边界潮流卖场』，小寨商圈升级样板,传统百货如何转型承接年轻潮流客群,原小寨百盛购物中心存量改造，从建筑/室内/景观三部分打破传统商业格局，呈现无边界潮流卖场,存量百货→空间重构→潮流定位→商圈示范,改造后成小寨商圈『破圈』标杆，参照其经验改造金莎国际与小寨银泰（银泰2024年五一营业额同比+146%）（赢商网/西部网）,存量百货可通过『空间重构+潮流定位』转型,商圈年轻客群增长、传统百货老化,改造资金、潮流品牌招商、运营团队,小寨商圈流量与百盛物业条件不可照搬,动作参考,已完成
案例B18,LV路易号（上海）,部分核验,LV把30米高『巨轮』开进太古汇广场，零售/展览/咖啡一体的快闪概念空间,奢侈品牌如何制造现象级城市事件,LV在南京西路789号兴业太古汇南广场落地『路易号』The Louis——约30米高巨轮造型概念空间，展览（OMA打造1200㎡）+精品店+Le Café Louis Vuitton三层复合，2025-06-28对公众开放,品牌叙事（航海/硬箱）→建筑级装置→预约制体验→社交传播,2025-06-28开放，展览需预约、6-26/27先办24小时私享活动（静安区政府/LV官网）,品牌快闪可做『建筑级装置+预约体验』制造城市事件,品牌需城市级事件营销、有广场/地标场地资源,品牌预算、场地合作、预约制运营,LV品牌资产与千万级装置投入不可照搬,动作参考,已完成
案例B19,上海国际电影节,部分核验,1993年创办的A类国际电影节，金爵奖成为城市文商旅名片,城市如何以文化节庆承载产业与消费联动,由国家电影局指导、中央广电总台和上海市政府主办，400余部展映+五大评奖单元，颁奖典礼进上海大剧院，配套金爵电影论坛/电影学堂/影视市场等产业活动,政府主办→国际征片→产业活动→城市文化消费,第27届2025-06-13至06-22举办、400余部展映、49部入围，第28届2026年6月举办（维基/SIFF官网）,城市文化节庆可『官方背书+国际内容+产业配套』系统运营,城市有文化内容产业基础、需城市名片,政府主办资源、国际内容组织能力、产业招商配套,国际A类电影节资质与上海资源不可照搬,灵感参考,已完成
案例B21,厦门万象城二期,部分核验,一期重奢+二期潮流错位互补，94.4米空中连廊串联成18.7万㎡双期商场,成熟重奢项目如何补短板拓客群,二期2026-05-29启幕，4.8万㎡、超100家品牌（50余家城市首店），『漂浮的转角』设计+94.4米L形连廊+非遗『永春线香』主题开业场景,一期重奢底盘→二期潮流补位→空中连廊串联→全客层覆盖,一期2025年销售额突破72亿元（福建首个破70亿购物中心），二期开业后总商业面积18.7万㎡（央广网/搜狐）,成熟项目扩容可『客群错位+物理连接+首店驱动』,项目有扩容用地、一期底盘稳固,首店招商、建筑设计叙事、双期运营协同,厦门一期多年积累与华润资源不可照搬,策略依据,已完成
案例B22,顺德万象汇,部分核验,华润TOD商业综合体把岭南水乡文化转译为『公园商业』，340+品牌首店过半,顺德缺高品质商业供给与在地文化表达,华润置地以『全要素统筹开发、TOD立体公共空间、岭南水乡文化传承』为规划理念，AICO设计『T』字型结构，商业街区+购物中心+文体中心环绕滨水公园，2025年4月开业,TOD枢纽→公园商业→岭南文化转译→首店集群,总建面约20万㎡、商业13.8万㎡，340余家品牌、超50%佛山顺德首进（百度百科/AICO）,新区商业可『TOD+公园化+在地文化转译+首店』组合,新城/新区核心地段、有滨水/公园资源,TOD交通条件、文化设计投入、首店招商,顺峰山景观与华润资源不可照搬,策略依据,已完成
案例B23,南京光环花园城,部分核验,把明代『花月春风十六楼』文脉做进16座独栋商业体，POD公园商业+文旅IP,老城南片区需新商业供给，同时要传承南京历史文脉,香港置地以16座独立商业体呼应明代十六楼布局、风雨连廊衔接，杜顺宝教授主持设计、参照《南都繁会图》等史料，来宾楼设200㎡全壁画空间；6万㎡光环公园先行开园（骑行慢跑/宠物乐园/大小孩乐园），定位『POD公园商业+全新文旅IP商业』,历史文脉→16座独栋+公园→POD公园商业→文旅目的地,2026-09-26开业官宣，户外光环花园已率先开园（南京市政府官网）,新建商业可用『在地文脉叙事+公园先行』做差异化,城市历史文脉片区新开发、政府支持,文脉研究设计投入、独栋商业组合、公园先行资金,明代十六楼历史叙事与杜顺宝级设计投入不可照搬,策略依据,已完成
案例B24,MINISO GALLERY（上海外滩）,部分核验,名创优品把门店升级为『IP乐园』式画廊级体验空间，全球壹号店单月1600万,平价零售品牌如何完成IP化、体验化升级,名创优品以『IP乐园』定位开上海旗舰店，外滩区域开设Gallery式展览空间（免费新展、IP艺术装置）；2025年MINISO LAND全球壹号店落地上海南京东路,IP战略→画廊级空间→打卡传播→单店业绩爆发,MINISO LAND上海南京东路店2025-09单月销售额1600万元刷新全球单店纪录、IP销售占比83%（名创优品官网）,零售门店可『IP内容+策展空间』升级体验,品牌有IP资源、需门店体验升级,IP授权资源、空间设计投入、内容运营,名创IP生态与规模不可照搬；案名GALLERY/外滩口径以官方店态为准,动作参考,已完成
案例B25,温州南食召,部分核验,温州在地食材品牌用『干净配料+内容IP』做无添加电商，13年后开出料理书店,地方特色食材如何品牌化、打开全国市场,2012年创立，坚持自然本真食物理念，140+SKU，包装设计+内容IP（南食召Lab科普、《几经寻味》栏目），2026年3月在温州菜市场旁开『盘菜生书店』料理书店,在地食材→干净配料→内容IP→电商信任→线下书店,淘宝粉丝88.6万、健康食品类目第一，梅酱累计售出10万+，2024年GMV同比翻番（腾讯新闻/CEO品牌观察）,地方食材可走『品牌化+内容IP+干净配料』电商路径,有在地食材资源、创始人有内容能力,供应链品控、内容创作能力、电商运营,温州食材资源与创始人IP不可照搬,动作参考,已完成
案例B27,上海蟠龙水市,部分核验,千年古镇蟠龙天地把『江南水上赶集』做成沪上首个沉浸式水上市集,古镇商业如何持续制造文化体验话题,瑞安集团2023-04-29开业的蟠龙天地（千年古镇、商业7.5万方、绿地23万方）以『江南风物季·水市』做水上集市：十余艘摇橹船沿河开市、6米巨型鱼灯、非遗手作、皮划艇向船上摊主采买,古镇水乡肌理→水上集市场景→非遗+潮玩内容→打卡传播,水市2026-04-24至06-07每周五六日运营，成沪上首个沉浸式水上市集（Trip.com/上海文旅产业研究院）,水乡/古镇项目可做『水上场景+节庆市集』内容化运营,有滨水/水乡场地资源,水系场景打造、节庆内容策划、安全运营,蟠龙千年古镇基底不可照搬,动作参考,已完成
案例B28,博多运河城（海外）,部分核验,用180米运河把购物中心做成水岸娱乐场，1996年开业至今,大型购物中心如何形成记忆点,"1996-04-20开业，占地34,700㎡，180米运河串连各栋建筑，运河舞台不定期水舞表演（钢弹水舞秀），200+店铺+剧场+影院+拉面竞技场",运河地标→水舞表演→购物娱乐复合→城市地标,1996年开业至今为九州代表性大型购物娱乐城（官网canalcity.co.jp/乐吃购）,购物中心可用『水景+定时表演』沉淀地标记忆,有水域资源或人造水系投入能力,水景工程、内容表演运营、多业态组合,1996年时代红利与九州地位不可照搬,灵感参考,已完成
案例B29,重庆江陵茶馆,部分核验,把50年代老影剧院改成『江陵茶馆』，工业记忆+茶馆消费,老工业遗存如何低成本活化,原江陵厂影剧院（20世纪50年代职工电影院、约2000㎡）变身茶馆，保留三层结构、墙砖、电影海报、钢结构吊顶，一层茶水小食、二层下沉式卡座、三层开阔饮茶区，不定期川剧变脸/乐团演奏/茶艺表演,工业遗存→场景记忆→茶馆业态→活动内容→网红打卡,2026年成网红打卡地、人气满满（人民网重庆/新华网）,老厂房/影院可『保留结构+轻改造+业态活化』,有工业遗存、社区客流,保护性改造、业态运营、活动内容,江陵厂影剧院的时代记忆不可复制,动作参考,已完成
案例B30,重庆朝天门·城里,部分核验,凯德投资240亿把朝天门更新为『朝天扬帆』超级综合体，水晶连廊地标,城市地标地段如何整体再开发并激活文旅,凯德2011年11月末65亿拿地9.18万㎡，摩西·萨夫迪设计『朝天扬帆』，8栋超高层塔楼+300米水晶连廊，2019-09-06购物中心开业,地标地段→超级综合体→水晶连廊地标→文旅+商业,购物中心2019-09-06开业，2020-11成渝十大文旅新地标（维基/渝中区政府）,地标地段可用『超级综合体+标志性构筑物』锚定,城市地标级地段、长期资本,百亿级投资、设计与施工能力、政企协同,240亿投资与朝天门地段不可照搬,策略依据,已完成
案例B31,上海新六百YOUNG,部分核验,把太平洋百货旧址改造成『新六百YOUNG』，首店旗舰店占比超50%,传统百货存量物业如何焕新升级,徐家汇商城集团对太平洋百货徐汇店旧址改造（中建科工建设），3.2万㎡，弧形玻璃幕墙+铝板打破封闭体块，『九层空间梯度』错层退台，四大主题场景（城市游乐场/共育生活场/都市社交场/年轻运动场），『粉丝经济+亲子生态』品牌矩阵,存量百货→空间重构→首店矩阵→主题场景→商圈复兴,2026-04-22开业，招商签约率超98%、首店及旗舰店超50%（人民网上海/上海市国资委）,传统百货可『空间通透化+首店旗舰店+主题场景』焕新,商圈核心存量物业、商圈升级需求,改造资金、首店招商、主题场景策划,徐家汇商圈区位与徐汇国资资源不可照搬,动作参考,已完成
案例B32,悉尼新鱼市（海外）,部分核验,把南半球最大鱼市场搬到Blackwattle Bay海滨，年客流600万+的全球食地标,老批发市场如何升级为面向市民游客的世界级食地标,NSW政府主导重建（约8亿美元），新市场2026-01-19开放：40+零售商、多样餐饮、沉浸式体验、可持续设计、专用卸货码头，36小时海鲜马拉松告别旧址,政府主导→海滨选址→食文化目的地→全球地标,2026-01-19州长Chris Minns剪彩正式开放，预计年访客超600万（官网/维基百科）,城市级市场可『政府主导+搬迁重建+食文化体验』升级,有老市场升级需求、滨水选址可能,政府投入、业态招商、交通配套,悉尼海滨位置与市场规模不可照搬,策略依据,已完成
案例B33,重庆东原致新·一奥天地,部分核验,把废弃地下商场改成西南首个策展型商业『一奥天地』,废弃地下空间如何活化,东原商业将21世纪初废弃地下商场改造（结构保存完好、曾作停车场），2020-12-31开业，以『见所未见』为主题开时尚艺术跨界大秀，策展型运营,废弃地下空间→策展内容→艺术商业→城市更新,2020-12-31开业，西南地区首个策展型商业（中国日报网/空间印象）,地下空间可『策展型商业』活化,有废弃地下物业、周边人口,策展运营能力、艺术资源、招商,重庆东原的资源与区位不可照搬,动作参考,已完成
案例B34,福州万象城,部分核验,华润2022年在榕开出福州首个LUXURY+重奢场，40%首进品牌,福州缺重奢商业供给、高端消费外溢,2022-06-18开业，商业建面近10万㎡，近250家品牌，Olé/万象影城/覔书店主力店，DIOR等25家国际一线美妆，近30家餐饮城市首店，MIXC FINE ART艺术活动体系,重奢定位→首进品牌→艺术内容→城市商业能级,2022年开业，40%首进品牌、超50%城市高标店，福州唯一重奢场（华润万象生活官网）,城市级重奢场可『品牌级次+艺术内容』落地,城市高端消费外溢、商业供给空缺,重奢招商资源、艺术内容运营、商圈培育,华润资源不可照搬；异地客群吸附力弱于厦门万象城,策略依据,已完成
案例B35,成都眉山春游音乐节,部分核验,2013年成都小院聚会长成西南标志性音乐节，落地眉山黑龙滩带火文旅,独立音乐节如何保持生命力并带动举办地文旅,成都本土厂牌『早上好』主办，2025年落地眉山中铁黑龙滩梵木音乐公园（4月12-13日），2026年增至7个演出区域，音乐+艺术装置+工作坊+美食摊位+露营区，开放式自由探索,独立厂牌→音乐+露营文化→在地文旅联动→城市名片,2025年『音乐节+户外』激活眉山文旅，2026-04-11/12举办7区域（眉山发布/AgendaConcerts）,节庆活动可『文化内容+在地文旅』绑定举办地,有活动策划能力、举办地有文旅承载,演出阵容、场地运营、安全与交通配套,春游13年积累的独立文化生态不可照搬,灵感参考,已完成
案例B36,上海时装周,部分核验,从新天地秀场到亚洲最大订货季，时装周=城市时尚产业发动机,城市如何运营时尚产业平台,每年3月底/10月初举办，新天地·太平湖公园主秀场（红庭/兰厅『魔方秀场』），近百场首秀+近千品牌首展+亚洲最大订货季（MODE展1.7万㎡近250品牌），联动商圈『即看即买秀』与票根经济,官方主办→国际品牌+本土设计→订货季→城市消费联动,2026春夏超4000款新品首发、10余国际品牌首秀；2025秋冬四大洲30多国别上千品牌（人民网/国资委/官网）,城市时尚平台可『秀场+订货季+商圈联动』系统运营,城市有服装产业基础,政府与产业资源、国际品牌关系、商圈联动,上海时尚产业基础与国际化资源不可照搬,策略依据,已完成
案例B37,迪拜（海外）,部分核验,用『购物中心+世界之最』驱动城市经济的沙漠奇迹样本,无产业禀赋城市如何以商业与旅游立市,迪拜以大型购物中心（迪拜购物中心2008年开业）、主题化商业（巴图塔购物中心以探险家主题划分6区域）、免税与旅游配套构建消费城市,地标商业→世界级话题→全球游客→城市经济,迪拜购物中心成全球旅游中心（Klook/壹苇设计）,旅游型城市可『地标商业+主题化+全球营销』立市,旅游禀赋城市、政府主导投资,资本投入、全球营销、政策（免税/签证）,石油资本与沙漠旅游独特禀赋不可照搬；城市级案例需具体到项目,灵感参考,已完成
案例B38,由布院（海外）,部分核验,由布岳下的温泉小镇，用『田园+汤之坪街道』做成日本最受欢迎度假小镇,小镇如何以温泉与商业街承载度假经济,由布院以温泉旅馆群+汤之坪街道（手作/甜品/咖啡/杂货）+金鳞湖等自然景观构成度假街区，小镇尺度步行商业,温泉资源→小镇尺度商业街→疗愈氛围→度假目的地,日本最受欢迎的度假小镇之一（日本国家旅游局官网）,温泉/山水小镇可『资源+街道商业+氛围』承载度假,有温泉或山水资源,温泉资源、街道商业运营、景观保护,由布岳景观与日本温泉文化不可照搬,灵感参考,已完成
案例B39,深圳中航城君尚,部分核验,华强北商圈的中航城君尚购物中心，以sp@ce天虹超市3.0升级生活方式场景,华强北客群（商务+跨境+多元）需要匹配的商业升级,天虹数科运营中航城君尚购物中心，2025-11-07 sp@ce天虹超市3.0福田首店开业：学研产销商品体系、2000+健康标签商品、『小份经济』、全球精品咖啡专区、生鲜加工+专业保鲜包装（面向港客/商务旅客）,商圈洞察→主力店业态升级→健康+便利场景→商圈活力,sp@ce天虹超市3.0福田首店2025-11-07开业（深圳新闻网）,商圈型商场可用『主力店业态升级』带动整体焕新,商圈客群结构特殊、主力店老化,零售供应链能力、商圈客群洞察,华强北客群结构与天虹供应链不可照搬,动作参考,已完成
案例B40,阿尔萨卡Avenue（海外）,线索,卡塔尔多哈Al Sadd区商业街道（阿尔萨卡=Al Saada）的线索级海外案例,海外城市商业街区案例，项目主体与商业机制待明确,现有信息仅覆盖多哈Al Sadd区（Zone 38）本地商业业态（Al Saada Stores线上购物）与Al Saada Street街道存在性,信息不充分，机制链待实证,仅地图POI（Yandex/Waze）与本地商店Instagram自媒体（线索级）,海外街区案例需先锁定项目主体、补官方或权威行业来源后再提炼动作,不明确（线索）,需官方来源（卡塔尔旅游局/项目方）支撑,缺官方与权威来源，机制与数据待实证,线索待补,已完成
案例B41,F1上海站,部分核验,F1中国大奖赛以『速度经济』激活城市：23万观众、双百亿经济影响,顶级体育IP如何转化为城市文旅消费引擎,F1续约到2030年，2025年赛事期间23万观众进上赛场，嘉定13家商业企业F1票根联动（销售额1.12亿元/客流127万），2026年格子旗嘉年华首次串联四大区域，『铂金体验之旅』打包酒店,赛事IP→票根联动→全域嘉年华→城市消费增长,2025年F1中国大奖赛直接经济影响24.7亿、间接69.1亿（同比增超75%），嘉定赛场周边3公里酒店预订激增125%（21经济网/新华网）,顶级赛事可『票根联动+全域嘉年华+体验打包』放大经济外溢,城市有顶级赛事资源,政企联动、商圈合作机制、赛事内容运营,F1级赛事IP与上海城市能级不可照搬,策略依据,已完成
案例B42,广州春节文旅,部分核验,把行花街做成国家级非遗城市品牌，『广州过年 花城看花』全年文旅引爆点,城市如何以传统节庆构建文旅消费体系,广州以『广州过年 花城看花』统筹六大板块2000多场活动：11区行花街（越秀西湖/荔湾水上/海珠水岸）、粤港澳大湾区灯会、新春灯会、醒狮贺岁、『食在广州』消费券（3000万+）+文旅消费券（800万）,非遗年俗→分区差异化场景→消费券撬动→城市品牌,2026年春节广州接待游客近2010万人次、文旅消费总额201亿元，同比+9.3%/+11.6%（文旅部/粤港澳大湾区门户网）,城市节庆可『统一品牌+分区场景+消费券+非遗内容』系统运营,有特色年俗/非遗资源、旅游城市定位,政府统筹、分区联动、消费券政策,广州行花街非遗与珠三角客源结构不可照搬,策略依据,已完成
案例B43,福州上下杭,部分核验,把闽商发源地上下杭做成『福州传统商业博物馆』，修旧如旧+现代文创,历史商贸街区如何在保护中活化,2015-11-04省政府批复保护规划（保护范围31.73公顷），以『修旧如旧』修复活化永德会馆/罗氏绸布庄等清末民初建筑，设夜月娱乐区、国际风尚区等主题区域，引入文创品牌/咖啡店/工作坊，三捷河夜景观光,闽商文脉→保护规划→修旧如旧→现代文创→文旅街区,与三坊七巷、朱紫坊并列为福州三片历史文化街区（省政府批复），修复活化持续进行（中国旅游）,历史商贸街区可『保护规划+修旧如旧+文创注入』活化,有历史街区资源、政府保护规划支持,规划审批、修缮工艺、业态招商,闽商文脉与福州街区格局不可照搬,策略依据,已完成
案例B44,成都东郊记忆SC Shop,部分核验,连续10年亏损的老厂区靠『运营思维』蝶变：首店矩阵+主理人聚落,工业遗址园区如何从亏损走向潮流地标,成都传媒集团改革『房东思维』，东方正火运营：3号仓『展览+社交+快闪+零售+演出』全场景融合、左右market无边界社交场（SCityShop感性旅行商店等入驻）、6号楼青年精神栖息地、420米中央大道串联；全国首店9家/西南首店13家/成都首店30余家,运营思维→首店矩阵→主理人聚落→国潮内容→流量留量,Brandy Melville西南首店开业当日客流4万+、首日销售额200多万；蜀宴赋3个月3万人次；1807总部周年庆万人排队（赢商网/中国日报）,老园区可『运营思维转型+首店矩阵+主理人生态』蝶变,有工业遗址存量、城市年轻客流,运营主体市场化、招商能力、内容活动策划,成都传媒集团资源与东郊记忆工业肌理不可照搬,策略依据,已完成
案例B45,Last Exit Truck Park（海外）,部分核验,迪拜首个主题化食物卡车概念，四个目的地四种叙事,餐饮业态如何用主题叙事创造目的地感,Last Exit以『末世/农场/马术』等主题落地四个目的地：Al Khawaneej（农场风格、29个F&B概念）、Al Qudra（马术主题、6个F&B概念）、Sheikh Zayed Road E11末日主题货柜公园，全天候运营,主题叙事→食物卡车集群→公路节点→自驾目的地,四个目的地各有主题与街头美食组合，全天开放（官网lastexit.ae）,公路/郊区节点可用『主题化食物市集』创造目的地,有公路交通节点、自驾/骑行客流,主题设计、餐饮组合、夜间运营,迪拜自驾文化与城市尺度不可照搬,灵感参考,已完成
案例B46,阿那亚三亚,部分核验,从秦皇岛海边的『理想生活实验场』到三亚山谷人文社区,文旅社区品牌如何跨地域复制生活方式,阿那亚品牌矩阵跨秦皇岛/金山岭/雾灵山/九龙湖/崇礼/三亚/北海道，以『艺术社区+精神建筑』（礼堂/美术馆/图书馆/山谷音乐厅）构建生活方式，阿那亚·三亚选择静谧山谷营造人文社区,品牌理念→精神建筑+艺术内容→社群运营→跨地域复制,阿那亚·三亚为品牌官方公布的系列项目之一，定位山海之间精神角落（官网aranya.cc）,文旅社区可『内容/社群先行+精神建筑』塑造品牌再复制,有自然资源禀赋、品牌内容能力,社群运营、内容策划、建筑设计投入,阿那亚品牌势能与山海资源不可照搬,灵感参考,已完成
案例B47,北京泡泡玛特画廊,部分核验,潮玩品牌把门店升级为『POP MART Gallery』展览空间，入驻798艺术区,潮玩品牌如何从零售走向艺术文化空间,泡泡玛特旗下POP MART Gallery落地北京798艺术区，以艺术家和IP形象为核心，通过展览与跨界合作持续举办公众展览，融合大型IP雕塑/艺术陈列/场景装置/互动展示,IP内容→画廊空间→展览跨界→文化高地,POP MART Gallery披露即将开馆，位于798艺术区798东街D0805（AASTOCKS/ Trip.com）,潮玩/零售品牌可『画廊化+艺术区选址』升维品牌,品牌有强IP内容与艺术资源,IP资源、策展能力、艺术区选址,泡泡玛特IP生态不可照搬,动作参考,已完成
案例B48,广州保利广场,部分核验,保利9个月把琶洲旧改盘成8.8万㎡『多元生活方式聚集地』,旧改地块如何快速兑现商业价值,保利商业介入琶洲旧改项目，仅9个月（270多日夜）以95%招商率、90%开业率开出超150个品牌，2018-12-30开业，定位全业态生活购物中心,旧改地块→快节奏招商→高开业率→商圈成型,2018-12-30开业，8.8万㎡、超150品牌、95%招商率90%开业率（保利商旅官网/赢商网）,旧改商业可『快节奏招商+高开业率』抢窗口期,旧改项目、商圈人口支撑,招商能力、改造效率、运营团队,保利资源与琶洲区位不可照搬,动作参考,已完成
案例B49,"环南昆山-罗浮山""8""字形山野公路驿站群",部分核验,用『8字形』218公里旅游公路把环南昆山-罗浮山连成乡村振兴示范区，16个山野驿站,山区县镇如何把生态文旅资源转化为发展动能,广东『百千万工程』部署：惠州段218公里主线+18公里支线串联7镇48村200多个景点，『主廊辐射+分支渗透』；以苏东坡『十六乐事』为灵感打造16个山野驿站，引入头部民宿与户外运动，『乡村酒店+历史活化+艺术体验』宿集集群；广州从化段以『商业综合体思维运营驿站』（国企+民企改造闲置空间，生态停车位/露营基地/林间咖啡馆）,公路串联→驿站节点→民宿宿集→农商文旅融合→乡村振兴,从化流溪温泉广场驿站开业首月客流突破8万人次；徐田村周末人流1500-3000人次、暑期5000+（广州市政府官网/中建西勘院）,县域文旅可『最美公路+驿站宿集』串珠成链,有山水生态资源、政府主导,交通投资、驿站运营团队、民宿与户外资源引入,大湾区3小时客源腹地与岭南双山资源不可照搬,策略依据,已完成
案例B50,杭州湖滨in77,部分核验,西湖边23万㎡街区式购物中心标杆，五大主题街区，2023年销售破百亿,西湖顶级文旅地段如何承载商业并留住客流,in77为西湖湖滨唯一多功能复合型城市综合体，A-E五区构成近23万㎡商业，国际名品/次元乌托邦/时尚风向标/精致生活/不羁夜行五大主题街区；六期F区2026-10开业（『科技·元宇宙』，总建面38830㎡，地下4层地上4层并预留地下连通）,西湖客流→五区主题街区→首店旗舰店→销售百亿,2023年销售额首破100亿元、年客流近1亿人次（银泰集团官网）,文旅地段商业可『分区主题+多区组合』放大客流动线,顶级文旅商圈地段,品牌招商、主题场景、与景区动线衔接,西湖独有客流不可照搬,策略依据,已完成
案例B51,上海华润时代广场,部分核验,佐藤大操刀『剧院式商业』，把开业20年老购物中心绝地逢生,老购物中心如何对抗商圈衰退与客流流失,"华润时代广场（1997年开业、9层高、总建面51,000㎡）2017年起整体升级改造，2019-12-24焕新开业：日本设计大师佐藤大（Nendo）操刀『剧院式商业』，定位『高知高智女性客群』，引入近半数品牌首进区域，『生活美学家』主题（鲜花/美妆/艺术展览内容）",老场改造→剧院式空间→细分客群→首店品牌→差异化复兴,2019-12-24焕新开业，近半数品牌首进区域（ELLE China/Arup）,老购物中心可『大师设计+细分客群+首店』绝地逢生,有老化购物中心、核心地段,改造投入、设计大师操刀、招商资源,佐藤大与华润资源不可照搬,动作参考,已完成
案例B52,成都麓湖CPI,部分核验,把别墅样板间改成『十年限定』的自然花园独栋商业岛，1.3万㎡约70品牌,湖畔闲置物业如何激活为商业,CPI（Chinoiserie Part Inn）位于天府新区麓湖，原为别墅样板间集群（后短暂作民宿），2024年3月一期投运（约8000㎡40品牌），二期Koko Market 2025年5月（南食召全国首家线下体验店等9品牌），三期2025年10月面客；定位『自然花园式独栋商业集群』，无规整动线、依地势散落布局，宠物/骑行友好,闲置物业→自然场景→独栋集群→策展运营→年轻人目的地,2024年累计客流约180万人次、营业额约6000万元；现约70品牌；2025年国庆日均客流超1.5万（新华网）,存量物业可『场景先行+独栋集群+策展内容』低成本活化,有闲置物业/湖山资源、城市年轻客群,场景设计、策展运营、品牌筛选（80%生活美学零售）,麓湖生态城大盘与天府新区客群不可照搬,策略依据,已完成
案例B53,上海苏河湾（华润置地城市更新）,部分核验,华润+信德复建『天后宫』『慎余里』，6万㎡开放式商业+4.2万㎡绿地公园,城市滨水工业带如何更新为世界级城市会客厅,华润置地与信德集团联合打造，2022-10-13启幕：6万㎡开放式商业空间+4.2万㎡城市绿地公园，『城市峡谷』设计（Arup），复建『天后宫』（1884年始建、上海唯一官式庙宇）『慎余里』（1932年始建、上海保存最完整石库门群之一），285米天桥连廊连接东里西里，140品牌首店概念店旗舰店占比超70%,滨水更新→文保复建→绿地公园+开放式商业→首店矩阵,2022-10-13启幕，首店/概念店/旗舰店占比超70%（静安区政府/新民网）,城市更新可『文保建筑复建+绿地+开放式商业』复合,滨水工业带、历史建筑遗存,政企合作、文保复建技术、招商,苏河湾地段与文保资源不可照搬,策略依据,已完成
案例B54,朝天门广场/朝天门城里,部分核验,从千年城门到『零公里』地标，朝天门广场与来福士共生的更新样本,城市历史地标地段如何平衡保护与开发,朝天门为重庆十七座古城门之一，广场设重庆公路『零公里』起点标志；2011年凯德65亿拿地建来福士广场（投资超240亿、2019-09-06购物中心开业），渝中区规划保留零公里标示、城门内侧设文化墙、广场内部设博物馆纪念馆展示历史文化,历史地标→零公里标志→超级综合体共生→文旅+商业,来福士购物中心2019-09-06开业，朝天门广场零公里标志保留（界面新闻/光明日报）,地标地段更新需『历史标识保留+新开发共生』,历史地标地段、大体量开发,保护规划、文脉标识设计、政企协同,朝天门历史地位与地段不可照搬,策略依据,已完成
案例B55,Salomon萨洛蒙成都太古里店,部分核验,Salomon全球首家『滑雪+越野跑』旗舰店，以『星际之门』叙事重装成都太古里,运动品牌门店如何从卖货场升级为体验地标,2025-12-25重装开业，双层空间超500㎡，全球首家滑雪+越野跑旗舰店；『星际之门』核心创意（万花棱镜幕墙+光束），法式美学与成都文化融合叙事，完整品类陈列，茶马古道系列全国首发,品牌叙事→空间转译→沉浸式体验→城市户外文化地标,重装开业成品牌在华大型概念店重要参考，连续两季增长超35%（经济观察网）,品牌店可『叙事空间+品类旗舰』升级体验,品牌有强户外基因、核心商圈门店,设计叙事投入、产品矩阵、商圈选址,Salomon品牌资产与太古里区位不可照搬,动作参考,已完成
案例B56,成都麓湖商业,部分核验,8300亩大盘用『群岛消费场景』做商业：一年近2000场活动、350万人次,新区大盘如何以商业内容支撑人气,麓湖生态城（8300亩、湖域约2400亩）以天府美食岛/麓客岛/艺展中心/云朵乐园/麓坊中心/麓坊运动公园/游艇俱乐部构建『群岛消费场景』；『花岛节』『龙舟节』『渔获节』『麓客之夜』四大原创节日+A4美术馆+水上剧场+LOOK LIVE，年办约2000场活动,生态湖景→群岛场景→高频率内容→社群运营→人气,2021年全年近2000场活动、累计接待超350万人次（四川在线）,大盘商业可『场景群岛+节日内容』高频率运营,大盘开发、湖山水系资源,内容运营团队、活动预算、社群组织,麓湖生态大盘与万华内容投入不可照搬,策略依据,已完成
案例B57,杭州城北万象城,部分核验,良渚新城CBD启动项目，16万㎡购物中心+285米写字楼的城北新地标,新城如何用TOD综合体启动片区,2023-11-05开业，总体量80万㎡：近2000户幸福里住宅+285米润珹置地中心写字楼+约16万㎡购物中心，紧邻双轨地铁换乘站、北面城市公园、南西滨水，10 Design设计江南水乡风韵，350余商家,轨交枢纽→综合体→商业+办公+住宅复合→新城CBD,2023-11-05开业，杭州第二家万象城（维基百科/有方）,新城开发可『轨交+综合体启动区』带动片区,新城CBD规划、轨交节点,开发商能力、轨交配套、商业招商,良渚新城政策与华润资源不可照搬,策略依据,已完成
案例B58,资阳临空经济区,部分核验,490亿PPP造『机场临空产业新城』，先定山水再定城,机场经济如何反哺县域产业新城,资阳临空经济区规划面积99平方公里（托管区138平方公里），2018年6月引入中信建设等社会资本（PPP模式，合作期20年、总投资约490亿），『先定山水再定城』，『一城一区多镇两轴两带多组团』，重点布局雁栖湖综合服务/三草湾先进制造/清泉制造与科研/沱江特色小镇群/都市农业，规划总人口29万，三阶段目标（2020配套成型→2025产业初具规模→2030国家级临空经济示范区）,机场红利→PPP资本→产业新城→产城融合,2025年三草湾先进制造/清泉研发初具规模，与天府国际机场同步建设（中信项目公司）,县域可『机场/交通红利+PPP新城』承接产业转移,邻近枢纽机场、有产业转移承接需求,政企PPP模式、产业招商、基建投资,天府国际机场区位与中信资本不可照搬,策略依据,已完成
案例B59,乌镇戏剧节,部分核验,小镇+戏剧节=百年文化名片：2013年6部戏起步，如今国际戏剧节,江南古镇如何从观光升级为文化目的地,2013年陈向宏、黄磊、赖声川、孟京辉发起乌镇戏剧节，首届仅6部戏；以『小镇雄心』为精神，戏剧+古镇场景（水剧场/长街宴），坚持专业艺术性；第十一届（2024）主题『如磐』，发起人提出办『百年戏剧节』，第十二届（2025）德国戏剧大师卡琳·拜尔与发起人敲开幕锣,古镇场景→戏剧内容→大师IP→国际文化名片,十一年间世界杰出当代导演戏剧大师几乎都来过，成为中国戏剧融入世界窗口（北京日报/新华网）,古镇/小镇可『在地场景+顶级文化IP』升级文化目的地,有古镇场景、文化名人与产业资源,发起人IP、专业运营、艺术与商业平衡,乌镇景区与四大发起人IP不可照搬,策略依据,已完成
案例B60,厦门海上世界,部分核验,170亿把邮轮母港片区建成『海上世界』，百米摩天轮+滨海综合体,滨水港口片区如何整体开发为城市地标,招商蛇口携手象屿集团，2022-09-30一期开业：总投资近170亿元、总建面超100万㎡，商业/办公/文旅/五星级酒店集群/5.4万㎡邮轮母港航站楼五大业态，百米山海摩天轮地标，2025年全面建成,港口片区→滨海综合体→摩天轮地标→文旅+商业,2022-09-30开业，海西最大滨海综合体，2025年全面建成（福建日报/投资厦门网）,港口/滨水片区可『综合体+地标装置』整体开发,滨水港区资源、央企资本,大资本投入、邮轮/文旅资源、片区规划,招商蛇口+象屿资源与厦门邮轮母港不可照搬,策略依据,已完成
案例B61,成都麓镇,部分核验,万华考察欧洲北美40个小镇造出的欧式山地小镇，从商业困境到基金小镇转型,非核心商圈的欧式小镇商业如何活下去,万华2001-2003年考察欧洲北美近40个小镇，打造中国唯一托斯卡纳风格欧洲山地商业小镇（总建面8万㎡，山顶/山腰/山底立体商业）；2012-02-25一期开街约3万方商铺；2016年转型天府国际基金小镇；2023年场景营造焕新（周末市集/街头艺人）重做城市微度假,欧式小镇场景→商业开街→困境→基金小镇转型→焕新,2012年开街后商铺使用率未突破50%（历史教训），2016年基金小镇揭牌，2023年焕新（中筑华恺/古得）,远郊小镇商业需『鲜明定位+目的性消费业态』，先想清楚再落地,大盘远郊商业、低密度社区,定位清晰、招商匹配、运营耐心,万华大盘开发背景不可照搬；教训：招商计划未按实际需求做、非核心商圈缺目的性业态致空置,教训参考,已完成
案例B62,武汉万象城,部分核验,华润华中首座重奢万象城，400+品牌、33%首店、国际美妆长廊,武汉高端商业供给与城市消费能级如何匹配,2022年5月开业，位于汉口建设大道与台北路交汇处，19万方商业体量，购物中心+漫步式街区，Lead8设计『水晶之冠』漂浮桂冠；引进400余家品牌、33%首店/旗舰店（2022年武汉首店进驻最多商场），国际美妆长廊Beauty Gallery（GUCCI美妆/海蓝之谜/莱珀妮/赫莲娜等20多个高化）,重奢定位→水晶之冠地标→首店矩阵→美妆长廊→商圈级次跃升,2022年开业，400+品牌、33%首店/旗舰店、2022年武汉首店进驻最多（武汉商务局）,城市级重奢场可『地标设计+首店密度+品类主题区』落地,城市高端消费升级、竞争空白,重奢招商资源、设计投入、商圈协同,华润资源与武汉市场不可照搬,策略依据,已完成
案例B63,成都大旗茶馆,部分核验,漆器厂老厂房『爆改』大旗茶馆，5元早茶做全天候『慢生意』,老厂房如何低成本变身消费新地标,青羊区蜀华街3层楼老厂房（原漆器厂）修旧如旧改造为大旗茶馆，保留厂房空间记忆，盖碗茶+采耳+市井烟火；分时段定价（10点前早茶5元、10点后基础茶品10元）打开市场，全天候经营做『慢生意』,老厂房→茶馆场景→亲民定价→市井内容→消费地标,变身消费新地标、人气旺（人民网四川/四川在线）,老厂房可『低门槛定价+全天候业态+市井场景』活化,有老厂房存量、社区/城市客流,改造投入、业态运营、内容（采耳/表演）,成都茶馆文化基底不可照搬,动作参考,已完成
案例B64,宜宾天地,部分核验,华润万象生活西南首座『天地系』非标商业落地宜宾三江口,区域城市如何引入头部商业提升城市能级,万象宜宾天地为华润万象生活在西南开业的首座天地系非标项目，2025-04-10招商发布会官宣当年Q4全面开业（维基口径2025-09-29开业）；宜宾定位国际旅游城市（长江首城、蜀南竹海、李庄古镇、五粮液），李庄由顶度集团（陈向宏）赋能『西南古镇旅游目的地』,城市文旅禀赋→头部商业入驻→天地系非标→城市商业能级,2025年Q4全面开业官宣（搜狐/维基），华润万象生活西南首座天地系非标,区域城市可『文旅禀赋+头部商业』双轮提升能级,城市有文旅资源、商业供给缺口,招商落地、文旅资源整合、政企合作,华润品牌资源与宜宾文旅禀赋不可照搬,动作参考,已完成
案例B65,渝北光环花园城,部分核验,香港置地The Ring光环购物公园：42米『沐光森林』室内垂直森林开国内先河,新区商业如何用生态体验创造记忆点,2021-04-23开幕，位于重庆两江新区（渝北区），5号线地铁上盖，总建面42万㎡：约17万㎡集中购物中心+2万㎡商业街+两座11万㎡超5A写字楼；首创『自然+商业』融合，42米室内垂直森林『沐光森林』（悬浮树/珊瑚长廊），获2021年MIPIM Asia亚太最佳零售开发金奖、2022年全球最佳购物中心决赛前三,生态中庭→垂直森林→自然+商业→城市地标,2021-04-23开业，被誉为行业典范，网络平台打卡播放量超700万（谷德/PHA）,新商业可用『生态景观装置』创造差异化记忆,新区大盘、有生态设计预算,生态设计投入、景观养护、商业运营,香港置地资本与设计资源不可照搬,策略依据,已完成
案例B66,北京通州领展广场,部分核验,开业11周年节点『爆改』，3000㎡调改+首店引进让老场重焕,存量购物中心如何持续调改保鲜,"领展运营的通州领展广场（总楼面67,546㎡、梨园商圈、毗邻九棵树地铁站）2025年在开业11周年节点『爆改』：改造区域约3000㎡，空间结构改造+业态规划调整+首店引进，『爱在一起FEEL THE LOVE』核心理念，立足首店",存量调改→空间+业态+首店→销售与出租率提升,改造后品牌数量/销售业绩/出租率大比例增长（北京日报/赢商网）,存量购物中心可『小步快跑+首店+主题』持续调改,运营期老场、出租率承压,调改资金、招商资源、商圈洞察,领展REITs运营能力不可照搬,动作参考,已完成
案例B67,佛山宏宇·GDC国际科教体育竞速中心,部分核验,全国首个世界级RC遥控赛车竞速中心落地佛山，科教体育新业态,传统产业城市如何引入新运动消费业态,宏宇集团与GDC遥控赛车俱乐部打造，2025-09启幕，占地超一万平方米，全国首个世界级RC遥控赛车竞速中心（室内地毯平路赛道+室内越野赛道全年运营，Off-Road Venue 2.0），科教体育融合（青少年科普/竞速赛事）,新运动品类→专业赛道场地→赛事+科普→科教体育消费,2025-09启幕，配套佛山GDC遥控车俱乐部（2023年开业）持续运营（中国日报网广东）,新城/园区可『小众运动专业化场地』制造品类地标,有工业/科教资源、青年家庭客群,场地投入、赛事运营、科普内容,宏宇集团资本与RC赛车生态不可照搬,动作参考,已完成
案例B68,晋中天美杉杉奥特莱斯,部分核验,山西首座真奥莱：2017年开业一年跻身全国奥莱TOP15，2021年销售破30亿,省会周边城市如何承接外溢消费,杉杉商业与天美集团合力打造，2017年晋中开业（太原1小时经济圈南部），太原店2023年落地形成『一城两店南北呼应』；太原店15万㎡、201品牌、招商率100%开业率98%,奥莱业态→品牌折扣→区域消费承接→『一城两店』,晋中店一年后跻身全国奥莱TOP15，2021年销售突破30亿元（联商网/中国百货商业协会）,都市圈可『奥莱+双店联动』承接消费外溢,都市圈城市、有品牌折扣需求,奥莱招商、品牌矩阵、交通,山西市场与杉杉+天美资源不可照搬,策略依据,已完成
案例B69,芜湖古城,部分核验,城市发源地、北宋花街的千年古城，修旧如旧焕新生,历史古城如何在保护中恢复商业活力,芜湖古城为城市发源地（政治/经济/军事建制文脉完整），花街（始建于北宋初年）等老街巷『真实还原街道肌理』，花街-南门湾-南正街+萧家巷两片历史文化街区保护更新，配套地下商业街区，『公园+街区+盒子』多元商业格局，亲水平台衔接镜湖,古城文脉→街区肌理还原→商旅文复合→城市更新,千年古邑正新生，古城城市更新持续推进（ARCHINA/央广网/安徽新闻网）,古城更新可『肌理还原+街区商业+水系衔接』,有古城历史资源、城市更新计划,修缮工艺、业态组合、文脉运营,芜湖古城建制文脉不可照搬,策略依据,已完成
案例B70,合肥银泰in77,部分核验,银泰把in77升级为高端产品线，合肥项目对标杭州湖滨in77再造『奢场』,省会城市政务新区如何承载潮奢商业,银泰商业2024-11-15宣布in77升级为高端产品线，合肥项目由in66更名in77：位于蜀山区政务核心、天鹅湖畔/绿轴公园，商业建面约17万㎡，定位潮奢，引入标杆潮奢品牌/国际高端美妆/运动户外/米其林/黑珍珠餐饮首进品牌，2024-12-26开业,产品线升级→政务新区选址→潮奢首店→都市绿洲,2024-12-26开业，全国第5家in系列项目（银泰官方/新浪财经/界面）,城市级商业可『产品线升维+新区填空』布局,城市政务新区、高端消费外溢,高端品牌招商、产品线背书、商圈培育,银泰in产品线与杭州in77标杆效应不可照搬,策略依据,已完成
案例B71,景德镇瓷文化市集,部分核验,宇宙瓷厂变陶溪川：3.3万『景漂』创客、4500+独立品牌、周末创意市集,老瓷厂工业遗存如何激活城市创意产业,陶溪川以宇宙瓷厂为核心（22栋老厂房/煤烧隧道窑/圆窑包原汁原味保护修缮），定位『陶瓷工业遗产保护利用+产业升级+城市更新』商旅文项目，邑空间双创平台（创意集市/商城/线上旗舰店/邑客先锋）孵化青年创业，周末创意市集+夜间市集+春秋大集（50多国艺术家），陶公塾研学，三期提供可负担居住+共享工坊,工业遗存→双创平台→周末市集→景漂集聚→产业生态,『景漂』青年创客超3.3万人、孵化独立品牌4500余个、年带动相关产业产值数十亿元；2026年以来59场市集吸引游客约300万人次；季度旅客量约90万人次（人民日报/新华社/景德镇政府官网）,老工业区可『双创平台+市集场景』孵化创意产业,有工业遗存、手工艺/创意人才基础,平台运营、市集内容、可负担空间,景德镇千年瓷都工艺人才存量不可照搬,策略依据,已完成
案例B72,西安万象城（生命之树）,部分核验,57米『生命之树』（Heatherwick设计）让万象城成曲江新地标,文化古都新区如何用标志性建筑撬动商业,华润CCBD国际文化商业中心核心地标『生命之树』（Xi'An Tree）：灵感来自古观音禅寺千年古银杏，高57米、60片巨型钢叶、7层平台还原亚欧大陆7重地貌生态，纵向公园+新丝路光影秀（好莱坞特效团队），2024-12-09万象城同步开业：近200家区域/城市首店、城市旗舰及概念店占比近50%，餐饮近80%米其林/黑珍珠,标志性地标→生态+科技内容→首店矩阵→城市商业格局,2024-12-09开业，2025年生命之树获全球杰出设计奖（西安发布/有方）,商业项目可『世界级地标+生态内容』制造城市话题,城市文化新区、开发商有地标投入能力,大师设计投入、首店招商、光影内容运营,Heatherwick与华润资源、千年银杏文脉不可照搬,策略依据,已完成
案例B73,成都娇子人行桥,部分核验,交子公园上『漂浮公园』：9个圆盘单元的桥园混合体，30米人造彩虹,城市CBD如何以公共设施创造公共生活,交子人行桥（交子公园金融商务区核心、跨越锦江，总长496.16m、桥面宽49.42-83.5m）由中建西南院设计：9个悬挑圆盘单元构成『桥与公园』混合体（剧场/观景/玩水9处活动场景），桥面种植46棵乔木延续交子绿带，雾喷折射阳光创造30米宽『遇见彩虹』，配幻彩水秀与交子剧场；2022年9月-2024年5月建设，用地12000㎡,桥+公园混合体→悬挑圆盘场景→节庆公共生活→公园城市IP,成为都市微旅游目的地与公园城市印证案例（中国城市规划协会/ArchDaily/交子公园商务区官网）,公共设施可『功能+景观+活动』复合创造公共生活,有CBD绿轴/水系、公共投资,结构设计投入、景观养护、活动运营,交子金融区绿轴与锦江资源不可照搬,灵感参考,已完成
案例B74,沈北吾悦广场,部分核验,沈阳沈北新城吾悦广场：22万㎡购物中心+『卡路里公园』运动社交空间,新区大盘如何用商业综合体补足生活配套,新城控股布局沈北，总建面约99.5万㎡（购物中心经营面积约22万㎡、地上7层地下3层、约1800车位）；2021-09-10开业引入近300家品牌（沈阳首进28个、区域首进86个），4层打造『卡路里公园』CarPark运动社交空间约4200㎡（室内篮球场/滑板公园OLLIE/蹦床乐园/卡丁车赛道/AR体验）,综合体配套→运动社交场景→品牌首进→新区生活中心,2021-09-10开业（新浪财经）；2024年新城吾悦广场开业商业面积1601.07万㎡、平均出租率97.97%（新城控股年报）,新区大盘商业可『区域首进品牌+主题运动空间』差异化,新区大盘、商业供给空白,综合体开发能力、招商（首进品牌）、主题场景投入,新城吾悦全国化规模与补贴能力不可照搬,策略依据,已完成
案例B75,罗湖益田假日广场,部分核验,74万㎡御龙天地商业板块：12万㎡『多元艺术体验式购物中心』,城市更新综合体如何以艺术体验商业激活老城区,位于罗湖『金三角』国际消费中心核心区（深港枢纽），2024-06-29开业，为74万㎡益田御龙天地『城市旗舰综合体』的商业板块，总建面12万㎡，定位『多元艺术体验式购物中心』,城市更新→旗舰综合体→艺术体验商业→老城区活力,2024-06-29开业，客流量累计突破200万人次、会员超15万人、媒体曝光超2亿次、销售破百万品牌超20家（益彩商管/观点网）,城市更新综合体可『艺术体验』定位制造差异化,城市核心地段、综合体大盘,艺术策展运营、品牌招商、综合体协同,罗湖枢纽区位与益田御龙天地大盘不可照搬,动作参考,已完成
案例B76,郑东万象城,部分核验,郑东华润万象城：24.1万㎡『盒子+街区』，540+品牌、40%城市旗舰店,省会新区如何用重奢综合体树立商业新高度,2025-06-28开业，金水东路与东风南路交汇处，总建面73万㎡、总投资66亿元；商业体量24.1万㎡（北区19.4万㎡盒子+南区4.7万㎡街区），六大主力店+540余家品牌，30%区域首店、40%城市旗舰店；『金水流云』设计呼应黄河文化、玄鸟图腾装置、2万㎡城市级超级广场,重奢定位→盒子+街区复合→首店旗舰店密度→城市商业新纪录,2025-06-28开业，540余家品牌、创郑州商业新纪录（观点地产/大象新闻）,城市级商业可『盒子+街区』复合+首店密度树立标杆,城市高端消费升级、竞争空白,重奢招商资源、文化叙事设计、综合体投资,华润资源与郑州市场不可照搬,策略依据,已完成
案例B77,顺德万象汇,部分核验,佛山首座万象汇：13.8万㎡『MALL+街区』，超50%佛山/顺德首店,区级市场如何用头部商业带动片区统筹开发,2025-04-25开业，顺德大良地铁3号线驹荣北路站TOD（顺德华润置地广场），商业建面近13.8万㎡（华南体量最大万象汇、顺德最大商业综合体）；『MALL+街区』、岭南庭院立体叠院、滨水公园/空中围院/下沉庭院；340余家品牌、超50%佛山/顺德首店，万象影城/永旺/MELAND CLUB/MUJI/NITORI主力店,片区统筹→TOD综合体→万象汇→首店矩阵→区级商业升级,2025-04-25开业，340余家品牌、超50%首店（广州日报）,区级城市可『片区统筹+TOD+头部产品线』带动升级,轨道交通节点、片区统筹政策,政企片区统筹机制、头部商业招商、TOD规划,华润片区统筹能力与顺德市场不可照搬,策略依据,已完成
案例B78,乌鲁木齐CCMALL时代广场,部分核验,世纪金花升级为CCMALL时代广场，乌鲁木齐商业人气榜榜首,边疆省会老商场如何焕新维持人气,前身为2012年开业的世纪金花（天山区光明路39号），2016年更名为CCMALL时代广场并重新定位，成乌鲁木齐商业人气榜榜首；引入特斯拉体验店等品牌,老商场更名焕新→品牌升级→人气榜首,成乌鲁木齐商业人气榜榜首；广场店开业首月230万、月均销售额180万（赢商网）,老商场可『更名重定位+品牌焕新』重拾人气,核心地段老商场、品牌结构老化,招商焕新、定位重做、运营,乌鲁木齐市场容量与世纪金花物业不可照搬,动作参考,已完成
案例B79,京都文旅商业（海外）,部分核验,千年古都的文旅商业：390米锦市场『京都的厨房』+岚山/祇园传统街区,历史文化城市如何把传统生活转化为文旅商业,锦市场（约390米、130家店铺、近400年历史）：京蔬菜/腌菜/高汤/鲜鱼等『京都味道』+京扇子/手拭/香等传统工艺品，因本地料理人也来采购被称为『京都的厨房』；与岚山渡月桥、祇园花见小路等传统街区共同构成京都『传统手艺+在地食材+观光体验』的文旅商业体系,历史街区→在地食材手艺→边逛边吃体验→观光+生活双客群,锦市场为京都观光高光之一、本地料理人仍来采购（乐吃购/JeePe）,文旅城市可『在地食材+传统手艺+观光动线』做市井商业,有历史街区、在地饮食与手艺传统,店铺业态管控、在地商户培育、观光动线设计,京都近400年市井传统与全球客源不可照搬,策略依据,已完成
案例B80,成都COSMO,部分核验,爆改财富中心为『青年磁场』：127个潮流品牌、超50%西南首店,老百货商场如何转身为潮流青年文化目的地,前身为锦江区大业路财富中心（传统百货），经三年『爆改』2022-10公开亮相；以品牌+主理人为核心、商业与策展结合：INNERCO买手集合空间7600㎡、2024年127个在地潮流品牌超50%全国/西南首店（出逃赤岗西全国首店、lululemon全国首个Z世代快闪店）、2025年RoselessRose全球首店、潮流食堂CO#NER,老场爆改→主理人生态→策展+买手集合→青年文化目的地,2022-10亮相，80%潮流首店；127个品牌超50%西南首店（国际在线/36氪）,老百货可『爆改+主理人共创+策展』转型青年场,核心商圈老场、年轻客群基数,改造投入、主理人招商、策展运营,成都青年文化浓度与COSMO运营团队不可照搬,策略依据,已完成
案例B81,广州天环,部分核验,双鲤鱼形『开放式购物公园』：11万㎡地上两层+地下三层，轻奢定位,城市核心地块如何用开放式形态差异化,新鸿基+广州城建联合开发（原宏城广场），位于天河路正佳广场与天河城之间，总用地4.7万㎡、总建面约11万㎡（地上两层约2万㎡+地下三层约9万㎡）；『双鲤鱼型』建筑、银白色网状钢结构顶棚、可透视玻璃幕墙，开放式购物公园+下沉式主题广场，轻奢定位，广州第一家Apple Store,核心地段→开放式公园形态→轻奢定位→地标效应,2016年3月开业，广州第一家Apple Store坐落（新鸿基官网/维基/百科）,核心商圈可『开放式低层+下沉广场』差异化竞争,城市级核心地段、高价值地块,设计投入、品牌招商、地下空间开发,天河路商圈区位与港资开发能力不可照搬,策略依据,已完成
案例B82,重庆北城天街,部分核验,龙湖首座天街：2003年开业拉开观音桥商圈序幕，2024年600余天焕新,商圈元老购物中心如何持续焕新保持地标地位,2003年开业即龙湖首座『天街』，以新商业形态拉开观音桥（今千亿级商圈）崛起序幕；2024年2月启动分阶段更新：星座广场『美好集盒』玻璃方盒+裸眼3D屏、枫香庭广场下沉广场+古榕树口袋庭院，引入过百家头部品牌首店旗舰店、新增近800㎡公共空间，2025年8月全馆焕新,商圈元老→空间焕新→首店矩阵→潮流地标,2003年开业；2020年100%招商率、61家千万店；2025年全馆焕新（10 Design/新浪财经/龙湖官网）,存量地标可『分期焕新+首店+公共空间』保持活力,商圈核心存量场、有历史地标地位,改造资金、招商资源、商圈协同,观音桥商圈势能与龙湖运营不可照搬,策略依据,已完成
案例B83,腊肠岛欧米卡之terris（海外）,线索,（线索案）名称疑为音译，无法定位对应项目,（待确认）,多轮检索（腊肠岛/欧米卡/terris/Omika/Kiełbasa等）均未对应到已知文旅商业项目，仅命中无关结果；案名疑为音译，需向原始资料作者确认英文/当地原名后再核验,（待确认）,（待确认）,（待确认）,（待确认）,（待确认）,（待确认）,待深入,已完成
案例B84,西安小寨原力场,部分核验,百盛老盒子『层叠城市』改造：8.2万㎡，85%首店品牌激活小寨商圈,老百货如何改造为Z世代潮流目的地,前身小寨百盛（八层裙房封闭盒子百货），存量改造以『层叠城市』概念分解五层（开放街区/品牌旗舰店/主体量/娱乐生活社交/屋顶露台花园），户外扶梯串联；体量8.2万㎡、商业面积4.8万㎡（B1-L10）；聚焦Z世代社交语境，40余家首店（1807西北旗舰店、DONNA ALISON全国首店、KNOWIN潮流实验室西北首店、響Livehouse）,老盒子→层叠城市→首店矩阵→Z世代磁场,2023年9月开街，85%品牌首店；改造后小寨商圈日均客流破50万人次（赢商网/网易）,老百货可『层叠场景+首店密度』转型青年潮流场,核心商圈老场、年轻客群,改造设计、首店招商、社群运营,小寨商圈区位与西安高校客群不可照搬,策略依据,已完成
案例B85,潮流盒子·武汉X118,部分核验,1.6万㎡二次元商场『吃谷圣地』：2024年营业额2.5亿、主力店月销破百万,小体量商场如何避开大场竞争找到细分赛道,2023-05-20开业，华中首个二次元主题购物中心（江汉路X形玻璃幕墙），体量不足1.6万㎡；面对周边数个大型传统商业体另辟蹊径押注二次元（『谷子经济』：徽章/立牌/卡片/手办等IP周边）；武汉有全球最多在校大学生、二次元文化爆发,细分赛道（谷子）→IP周边聚集→粉丝社群→小体量高坪效,2024年营业额2.5亿元、主力店月销破百万；艾媒：中国谷子经济2024年1689亿、同比+40.63%（湖北日报）,小体量商场可『垂类主题+圈层客群』避开正面竞争,商圈核心、大学生/年轻客群、二次元氛围,主题定位、垂类招商、圈层运营,武汉大学生基数的谷子消费力不可照搬,策略依据,已完成
案例B86,厦门大悦城,部分核验,大悦城福建首秀：约10万㎡滨海文艺浪漫地标，70%+首店旗舰店,岛外新区如何用旗舰商业打破岛内外格局,2024年9月底开业（集美新城CAZ枢纽、近地铁官任站），大悦城控股商业进入福建的首个旗舰项目；商业面积约10万㎡、地上6层地下1层，闽南式屋顶、红砖+嘉庚风格、骑楼街屋；200余品牌、70%以上首店/旗舰店（22家福建首店+18家厦门首店）,岛外新区→旗舰商业→首店密度→区域消费回流,2024年9月底开业；2024年12月超30家月均营业额超百万元门店（福建日报）,新区商业可『首店密度+在地文化建筑』兑现区域红利,新区开发、轨道交通节点,首店招商、在地建筑设计、运营,厦门集美人文氛围与大悦城招商资源不可照搬,策略依据,已完成
案例B87,魏坡新序,部分核验,300年清代建筑群停摆后『艺术赋能』重开：魏坡·新序城市微度假+乡村新旅居,古村落商业如何避免『开街即关门』,魏坡村为豫西面积最大保存最完整清代建筑群（300多年历史，含地坑院省文保），曾开街后因缺文化内核很快关门；华创永道集团接管更名『魏坡·新序』，2025-04-12开园：占地约4.8万㎡，『艺术赋能、文化再造、设计共生』，仿古街区+艺术文化活动（开园前『未开即火』），Seesaw/布兰兔/Localand河南首店+Brompton/止痒商店等主理人品牌，魏紫别院民宿（28间）,古建筑群→艺术再造→主理人品牌→城市微度假+乡村新旅居,2025-04-12开园（赢商网）；获2024城市更新最佳城市表率案例奖（中国美术学院）,古村落商业需『文化内核+艺术内容+主理人品牌』支撑,有古建筑遗存、都市圈客源,文化定位、艺术活动运营、民宿配套,豫西最大清代建筑群资源不可照搬,策略依据,已完成
案例B88,顺德ALSO,部分核验,国内首个共创型文化商业体：主理人社区+单向空间/ALSO LIVE/和美术馆矩阵,制造业强区如何长出文艺商业生态,2023-04-28开业（顺德北滘），围绕『主理人共创社区』建立：三十余家主理人品牌（十余家华南首店+共创孵化十余家本土品牌），单向空间华南首店、ALSO LIVE音乐场域、三克映画、止痒商店、ampm全日营、柴米多；和美术馆+单向空间+ALSO LIVE三大艺文展演矩阵；紧邻美的集团总部与地铁7号线『美的』站,主理人共创→艺文矩阵→产城人文创融合→湾区青年目的地,2023-04-28开业（新浪广东）；美的08空间2025-05-30启用（首二层为ALSO延伸）,产业城市可『主理人共创+艺文机构』长文艺商业,有产业/文化机构支撑、青年人才,主理人招商、内容运营、艺文机构合作,美的集团与和美术馆资源不可照搬,策略依据,已完成
案例B89,深圳深业上城,部分核验,『公园+LOFT小镇+MALL』：廊桥连双公园，2024年客流破4000万、销售53.8亿,城市综合体如何用公共空间与公园体系差异竞争,2018-01-18购物中心开业：南区T1塔388.1米+LOFT街区（L3层平台街区式设计）+购物中心；东西两条空中廊桥连接笔架山/莲花山公园（投资近1.5亿、总长约一公里『山谷漫游』）；老佛爷百货华南首家精选概念店（2023）、深圳首家市内免税店（2025）,公园+廊桥→LOFT小镇+MALL→顶奢首店→公园生态商圈,2018-01-18开业；2024年客流突破4000万人次、年销售额53.8亿元（赢商网）,综合体可『公园廊桥+街区+MALL』复合创造目的地,城市核心区、邻近公园绿地,公共空间投资、招商焕新（年更迭30%+）,莲花山/笔架山公园资源与深业资本不可照搬,策略依据,已完成
案例B90,青岛万象城,部分核验,全国体量最大万象城：44万㎡、2015年开业，2024年底出租率99%,城市核心大盘如何以超大购物中心建立商业统治力,2015-04-30一期开业（市南区山东路10号），总建面约44万㎡（可租赁约14万㎡、店铺超500家），华润中心总投资预计150亿，五大业态『城中之城』；2019年国家五星购物中心；2021-09二期开业（40%青岛首店）；2025年一期南区『天空之城·酒肆』滑板公园主题街区改造,核心大盘→超大MALL→品牌旗舰→城市商业统治力,2015-04-30开业；2024年底出租率99%、月租金坪效328.29元/㎡/月、会员145万（华润商业REIT）,城市核心可『超大体量MALL+持续调改』建立统治力,城市核心地段、大资本投入,体量规模、招商资源、REIT资本化运营,华润资本与青岛市场不可照搬,策略依据,已完成
案例B91,北京超极合生汇,部分核验,46万㎡『超极』公园商业：16米深潜水馆、亚洲第一大穹顶，年客流超4000万,大型存量改造如何以『超级场景』引爆,由原永旺国际商城改造，合生『超极合生汇』产品线首作：东区2024-04-18开业、西区2025-03-28开业合体46万㎡；POD公园商业导向『泛文娱主题综合体』，六大超极场景（16米深室内潜水馆全民环潜/亚洲第一大穹顶/超极演艺现场/航天科学中心），近800品牌；开业一年活动超1500场,存量改造→超级场景装置→泛文娱内容→客流引爆,东区2024-04-18开业；开业一年客流超4000万、销售超30亿、单日最高超30万人次（人民网/赢商网）,大型存量改造可『超级场景+高频活动』引爆,大体量存量物业、年轻家庭客群,场景装置投资、活动运营、招商,昌平回天人口基数与合生资本不可照搬,策略依据,已完成
案例B92,广州番禺OMG网红街,线索,（线索案）为流量而生的巨型『立体影棚』街区，游客级来源待补证,（待确认）,番禺厦滘岭南电商园内的OMG网红直播街：开放式街区、免费进入、高饱和色彩与多国风情街景再造、密集打卡场景，为电商直播园区流量延伸；仅游客指南/自媒体来源，运营主体/开业时间/体量/经营数据待补,（待确认）,（待确认）,（待确认）,（待确认）,（待确认）,（待确认）,待深入,已完成
案例B93,广州九龙湖阿那亚,部分核验,中旅×阿那亚：2.5万亩九龙湖生态区，五大公园+十大精神建筑,文旅大盘如何从地产思维转向社区营造,中旅投资携手阿那亚（马寅）打造，花都区花东镇山前旅游大道3号，占地2.5万亩、2小时交通圈覆盖近7000万人口，定位国家级旅游度假区文化休闲目的地；规划五大公园（欧洲小镇文化活力园区/滨水休闲/水岸儿童乐园等）+十大精神建筑（蜂巢剧场/理想国主题酒店/阿那亚市集/山地图书馆/艺术中心等），青山周平操刀naive理想国『书山』,央企资本+文旅IP→生态梳理→精神建筑→社区营造,项目动工推进；阿那亚艺术中心广州馆首展（2025-11-23至2026-03-01）（花都区政府官网/香港01）,文旅大盘可『精神建筑+艺术机构+社区营造』长期主义,大盘土地、都市圈客源、文旅IP合作,长期运营、艺术内容、社区社群,中旅资本与阿那亚IP（含10大精神建筑投入）不可照搬,策略依据,已完成
案例B94,深圳大运天地,部分核验,华润全国首个PPP商业：6.5万㎡自然感街区，开业首月客流超300万,公共文体设施片区如何激活商业价值,华润万象生活操盘、全国首个PPP类型项目（龙岗区），2024年开业：商业面积约6.5万㎡（南/中/北三区），融入大运公园片区统筹（全域153万㎡）；『文、体、旅、商』融合：大运天地商业+大运中心体娱+大运公园文旅场景；超200家品牌、八大业态，宠物友好街区、湖滨生态（小鹿/鸭子/天鹅）、沿湖生态栈道、智慧跑道,PPP政企合作→体娱流量→自然感街区→宠粉经济,2024年开业；开业首月客流超300万人次（赢商网/新浪深圳）,公共文体片区可『政企PPP+商业配套』激活,公共文体场馆、轨道交通,PPP模式、赛演运营、商业招商,深圳大运中心赛事演艺流量与华润资源不可照搬,策略依据,已完成
案例B95,泡泡玛特小野全球首家门店,部分核验,IP情绪叙事落地：Hirono小野全球首店，回收木材+混凝土的疗愈空间,潮玩IP如何从卖货升级为生活方式品牌,2025-02-21上海中环广场开业：Hirono小野全球首店，生活方式+情绪疗愈+艺术主题空间（回收木材与混凝土、时间质感场域、中国元素疗愈概念）；售卖玩偶/服饰/家居周边+Hirono X CLOT等盲盒；此前北京/上海/曼谷/成都/武汉主题快闪店+长期艺术巡展（阿那亚『小隐于野』8米沙砾雕塑）,IP叙事→艺术展强化→生活方式首店→品牌化运营,2025-02-21开业（文汇）；小野2024年营收7.27亿元、同比+124.3%（行业来源）,潮玩IP可『艺术叙事+生活方式门店』升维品牌,IP有强情绪叙事、粉丝基数,IP内容运营、门店场景设计、品类延伸,泡泡玛特IP生态与Lang的设计师IP资产不可照搬,动作参考,已完成
案例B96,三亚海棠湾生态公园（华润片区统筹）,部分核验,海棠河生态公园获SITES铂金认证：华润片区统筹3.0『生态治理+产业导入+城市运营』,滨海新区如何以生态治理撬动片区统筹开发,华润置地三亚海棠湾片区统筹规划3.0核心：约5500亩海棠河生态廊道贯穿规划全域，海棠河生态公园获SITES铂金认证（从『生态荒漠』到国际认证）；以『生态治理+产业导入+城市运营』全链条能力推进，配套三亚万象城动工,生态治理→认证背书→片区统筹→产城运营,海棠河生态公园获SITES铂金认证；三亚万象城正式动工（天房财经/财新/知乎）,滨海片区可『生态治理先行+认证背书』撬动统筹开发,滨海生态资源、片区统筹政策,生态治理投入、片区规划、产业导入,华润片区统筹3.0能力与海棠湾资源不可照搬,策略依据,已完成
案例B97,北海道新千岁机场（海外）,部分核验,日本最大机场『伪装成机场的游乐园』：哆啦A梦空中乐园+巧克力工厂+温泉,交通枢纽如何把候机时间转化为商业价值,新千岁机场为日本面积最大机场，航站楼内密集商业娱乐设施：全球第一个哆啦A梦主题公园『哆啦A梦空中乐园』（3F，免费区+收费体验区，大人800日元）、Royce' Chocolate World（现场巧克力生产线）、拉面道场、传统工艺体验馆、机场温泉、电影院等,枢纽流量→主题乐园+在地品牌→候机消费→非航商业,全球首个哆啦A梦主题公园坐落3F（旅游媒体多源+机场官网）,交通枢纽可『主题内容+在地品牌+体验设施』做非航商业,大流量枢纽、旅客停留时间,主题IP授权、在地品牌引入、体验设施运营,北海道旅游流量与哆啦A梦IP授权不可照搬,灵感参考,已完成
案例E10,重庆万华麓系公园式商业,部分核验,万华出川首作麓悦江城：3500亩『一半公园一半城』，2024年绿心商业开街,品牌大盘如何异地复制并沉淀公园式商业,万华深耕成都20年后首次正式外拓重庆（麓山→麓湖→麓悦江城），两江新区悦来/水土板块投资超百亿；总幅员3500亩（2100亩绿地、容积率约0.4、人均70㎡绿地、超130万方体量）；2024年首个商业『绿心商业』开街+麓坊中心，约30万方城市配套（川美国际设计学院、悦来庄稼创艺集群、A4美术馆/A8设计中心/寻麓书馆）,大盘造城→生态基底→城市级商业配套→文化艺术内容,2024年绿心商业开街（华龙网）；麓悦江城咖啡厅2025-11完成（有方）,异地大盘可『生态基底+文化内容+公园式商业』沉淀品牌,大盘土地、生态资源、长期主义资本,造城投入、文化艺术运营、商业配套节奏,万华20年造城积累与资本投入不可照搬,策略依据,已完成
案例E11,酷拼工坊,部分核验,把工业金属拼图零件转化为「动手造物」的体验型门店业态，以品牌IP+手作体验激活零售终端,标准零售店客流与复购有限，3D金属拼图属高门槛长耗时品类需要体验转化,用拼装工坊+成品展示+品牌文化把零件售卖升级为手作体验，延长到店时间,品牌产品力 → 体验工坊 → 到店停留与口碑 → 复购与会员沉淀,拼酷成立2006年、设计300+款DIY金属拼图（每日经济新闻2025-12报道成都开店）；品牌方官网确认品牌与产品线,以「品牌×工坊」业态承接高耗时兴趣品类，先有强产品IP再开体验店,有强产品设计能力的兴趣类品牌（拼图/模型/手作）需要线下体验转化,品牌自有产品线、工坊空间与教学运营能力,全国性连锁零售打法不适用：品类非刚需高频，体验转化依赖品牌IP与社群,策略依据,已完成
案例E12,OIMACHI TRACKS（海外）,部分核验,以「铁路×城市更新」为名的站城一体复合体：办公+住宅+酒店+影院+80家商业一站式集合,大井町为东京存量成熟商区，单业态难形成新吸引力,以车站直结为锚，将办公、酒店、住宅、影院、商业打包为「TRACKS」复合体验,轨道交通枢纽 → 复合业态组合 → 办公居住客群自持 → 商业与公共空间交叉引流,东京观光官网与设施官网确认约80店舗、8屏影院（3特殊シアター）、酒店/住宅/办公业态构成（2025-2026年）,站城一体项目可用「统一命名+业态打包」把交通枢纽升级为生活目的地的开发运营方法,轨交站点有上盖开发空间、区域缺少复合消费场景,车站直结土地、复合业态招商与长租运营能力,日本铁道公司主导的开发机制与客流基础不能直接照搬,策略依据,已完成
案例E13,阿那亚北岸悦酒店,线索,待确认：若为阿那亚北岸配套酒店（圣音礼堂/书店主题酒店组团或隐庐酒店），属「社区内容资产配套」,名称无法独立定位，暂无法评估项目机制,待原始资料作者确认所指项目后再补充证据,待补充,阿那亚北岸片区配套存在（北岸市集2000㎡+自营食堂超市、风仓游艇基地、GrayBox艺术中心、体育中心、餐饮商业街串联两端）；具体酒店待核,待确认项目后补写,阿那亚北岸高配套社区酒店运营,原始资料提供准确项目名或英文名,阿那亚品牌社群与度假社区机制不可直接复制,待补充,已完成
案例E14,国家大剧院,部分核验,把「国家级文化场馆」作为城市混合业态资产：剧院+音乐厅+戏剧场+公共空间的内容运营综合体,文化场馆有建筑资产无经营机制，易沦为一次性打卡地,以自制剧目+驻院乐团+艺术普及+公益演出构成常态化内容供给，让场馆成为消费目的地,场馆资产 → 自制内容与驻院团体 → 常态化演出排期 → 市民与游客双重复访,开业时间、建筑与场馆构成已确认；年度演出与经营数据建议以国家大剧院官网/年报补证,文化场馆运营核心在「内容自制能力」而非建筑本身，以驻院团体+自制节目建立稳定供给,城市有标志性文化场馆、区域缺少常态化高质量演出内容,内容制作团队、场馆运营体系与补贴机制,国家大剧院级别的资源禀赋与财政支持不可复制,策略依据,已完成
案例E15,"上海""在水一方""科技馆",部分核验,以国民级科幻IP《三体》为内容的「科幻馆」：科技+文娱+主题零售的商业集群，补区域大型科幻科教场馆空白,区级新城缺少文旅型内容场馆，传统展馆难以吸引年轻客流,引入头部超级科幻IP做内容内核，用沉浸式机械光影与互动剧建立体验门槛,超级IP → 沉浸式体验展项 → 口碑传播 → 主题零售与商业集群消费,奉贤区政府、上海市政府/解放日报、新华网三方确认规模、开业与主题内容,以「国民级IP+高造价沉浸装置」为科技场馆建立内容吸引力，让科普场馆具备文旅消费属性,新城或区域缺少文旅内容型场馆、且有可嫁接的头部文化IP,IP授权、高投入沉浸装置与持续运营更新能力,三体级IP与数亿级建造成本不可复制，需量力设计体验深度,策略依据,已完成
案例E16,吉隆坡mingle名楽（海外）,线索,待确认：疑为音译或品牌别名，需原始资料提供英文原名或项目类型,名称无法独立定位，暂无法评估项目机制,待补充,待补充,仅确认存在吉隆坡「Mingle Cafe 名樂閣」（茨厂街老建筑咖啡馆，社媒级别来源）,待确认项目后补写,原始资料提供准确项目名（英文/中文）,非目标项目，不得以咖啡馆信息冒充,社媒来源不构成商业案例证据，需官方/权威来源补证,待补充,已完成
案例E17,大连东关街,部分核验,百年老街「修旧如旧」整体保护活化：文物建筑+首店经济+沉浸式演艺的文旅更新样本,历史街区存在建筑破败、居住环境恶化与商业空心化三重问题,政府主导保护修缮（修旧如旧）+分期开街+首店经济与沉浸演艺导入，重塑城市文旅地标,文物保护 → 街区改造 → 首店与演艺业态导入 → 客流与城市名片双赢,人民政协报、大连天健网（时间轴完整）、新华网三方确认改造过程、体量与客流数据,历史街区活化可分期渐进：先样板段再全面启幕，以「首店+内容业态」替代低效底商,城市有真实历史文脉与保留建筑、区域需要文旅新地标,政府主导修缮资金、文物活化合规路径与首店招商资源,「修旧如旧」的文物规范与地方财政支持不具普遍复制性,策略依据,已完成
案例E18,成都建发望悦城,部分核验,家居企业×商管公司跨界协作：把家居卖场思维升级为「家庭生活方案」购物中心,家居消费从单品采购转向生活方案，传统卖场业态老化,红星美凯龙资产×建发商管运营，以「家庭悦聚场」重构消费场景（运动社交/亲子/屋顶花园）,家居资产 → 商管运营 → 家庭场景重构 → 区域消费能级跃升,新京报、新浪四川、观点网确认开业时间、体量、定位与首期业绩,存量商业可引入「产业方+商管方」联合改造：资产方出场地、专业商管方输出运营,有老化卖场/商业资产、周边有高质量家庭客群,资产方与商管方信任机制、场景改造投入,红星美凯龙×建发的特殊合作结构与品牌资源不可复制,策略依据,已完成
案例E19,天府111,部分核验,「艺术场馆流量」向「商业留量」转化的公园式商业街区——早期失败教训样本,艺术场馆带来高客流但未转化为商业消费，开业率低形成冷清循环,以艺术馆群为引擎+开放街巷商业承接，但初期缺乏商户生态与导流机制,艺术地标客流 → 商业承接不足 → 冷清 → 招商困难（初期教训）,界面新闻（实地探访）与UCCA官方确认建筑形态、开业时间与初期经营状态,文化场馆旁商业的成败在「引流到留量的转化设计」：需提前配置商户组合、运营活动与导流动线,项目紧邻高客流文化场馆、需要把观展客流转化为商业消费,文化艺术场馆运营方与商业招商的深度协同、足够的培育期资金,艺术公园高客流与国企背景的培育期投入不具普遍性,教训参考,已完成
案例E20,合肥中心尚都筑格酒店,部分核验,国际酒店集团「公寓式套房」产品线进入新一线：智能家居+家般居住体验的中高端产品,新一线城市中高端差旅居住需求升级，标准酒店同质化,以Atwell Suites「筑格」产品线落地城市中心，用全屋智能与套房化设计建立差异化,国际品牌产品线 → 城市中心选址 → 智能套房体验 → 差旅+长住客群双覆盖,IHG官网确认品牌与客房配置，携程确认2026年开业,国际酒店集团可用成熟产品线（如套房品牌）快速落地新市场，降低单店开发不确定性,城市中心有高端差旅与长住需求、资产方可接受品牌委托管理,国际品牌授权、中心区位物业、酒店运营能力,国际品牌标准与费用结构不适用于所有物业，需评估品牌溢价是否成立,策略依据,已完成
案例E21,三亚华润海棠湾,部分核验,「生态修复+商业共生+产城融合」三位一体的万亩片区统筹，政府与企业共同治理开发,海棠河岸生态退化、片区缺乏带动性产业与消费引擎,以片区统筹3.0模式整体获取运营权，先做生态修复再做商业与康养产业导入,政企合作 → 生态修复 → 超级万象城引擎 → 康养/文旅/商业多元聚落 → 区域价值重构,腾讯新闻、赢商网、吉屋网确认合作模式、85万㎡万象商业规划与生态修复数据,片区统筹模式可借鉴：先与政府绑定整片运营权，以生态和产业内容换取长期价值,有生态本底待修复的大片区、政府愿意整体委托运营,政企信任、超大资金与长周期投入、多元产业运营能力,万亩级体量与华润资源不可复制；与B012案例B96为同一项目，索引层需去重,策略依据,已完成
案例E22,重庆城际酒店,部分核验,把老式独栋建筑改造为中高端酒店，以「建筑特色+社交场景」建立差异化的存量激活,城市核心老建筑闲置或低效，标准酒店设计同质化,华住引入IntercityHotel品牌做存量改造：保留罗马式建筑特色，叠加无边泳池、穹顶酒吧等社交场景,存量物业 → 品牌产品线 → 建筑特色保留 → 楼顶社交场景 → 差异化入住体验,TTG China确认华住IntercityHotel加速布局，OTA确认重庆解放碑店2025年开业与建筑/场景特色,存量改造酒店可用「保留建筑记忆+叠加网红社交场景（泳池/酒吧）」建立传播点,核心区有特色老建筑物业、区域缺少设计型中高端酒店,品牌改造标准、建筑保留合规与差异化场景投入,IntercityHotel品牌授权与华住供应链不可复制，单店改造成功依赖物业稀缺性,策略依据,已完成
案例E23,亚朵星巴克联名,部分核验,酒店×咖啡双会员体系互通的「品牌联姻」：把存量会员资产转化为跨场景出行体验,酒店与咖啡会员体系各自封闭，会员权益难以跨场景使用,以联合会员实现权益互通（住宿权益+咖啡积分），围绕「出行+咖啡」共建关键体验触点,双品牌会员打通 → 权益跨场景兑现 → 高频出行客群相互导流 → 忠诚度与复购提升,星巴克中国官网、美通社确认合作内容与双方规模数据；行业分析确认其「会员生态精细化」意义,成熟品牌可用「会员权益互通」而非开实体联名店实现轻量跨界激活存量客群,双方客群画像互补、都有大规模会员体系、存在真实跨场景使用需求,会员体系技术打通、权益成本分担与品牌调性匹配,星巴克×亚朵的客群互补与品牌号召力不具普遍性，需评估会员互通的真实需求密度,策略依据,已完成
案例E24,上海INS新乐园,部分核验,「电竞+演艺+夜经济」的沉浸式主题乐园式商业：90%自营、全时段运营的年轻人新乐园,传统商场业态难以吸引Z世代，白天-夜间时段割裂,以电竞为流量入口，用自营livehouse/喜剧/策展街构建内容型消费，打通昼夜时段,电竞内容入口 → 自营内容业态（livehouse/喜剧/策展）→ 全时段娱乐+消费 → 年轻客群目的地,黄浦区政府、上海文旅局官网确认2万㎡、业态与模式；壹韦设计确认2023年6月开业与90%自营,年轻向商业可用「内容业态自营+电竞等新入口」建立壁垒，避免品牌同质化,城市核心区有可改造空间、客群以年轻消费力为主,内容制作与运营团队（livehouse/喜剧/电竞）、自营资金与夜间运营能力,90%自营的高资金投入与内容运营门槛极高，轻资产方需分阶段复制,策略依据,已完成
案例E25,上海静安嘉里中心,部分核验,「办公+商场+酒店+服务式公寓」四业态复合的城市核心综合体，南京西路CBD样板,核心区土地稀缺，单一功能开发浪费城市价值,以综合体多业态协同实现土地价值最大化：办公日间客流、商业消费、酒店差旅、公寓长居互补,多业态组合 → 白天办公/夜间酒店公寓 → 全天候人口与消费支撑 → 稳定租金与资产增值,维基百科确认体量与开业时间、新华网确认2013年试营业与业态构成,核心区综合体用「四业态互补」实现全时段人口密度，比单业态抗周期,城市核心地段、具备多业态开发资质与长期持有能力,核心区位、多业态开发资金与运营团队,南京西路级地段与嘉里长期持有模式不可复制，非核心区慎用大综合体,策略依据,已完成
案例E26,杭州万象城,部分核验,港资×央企联合开发的城市综合体旗舰：购物中心+住宅+写字楼+酒店的一期二期滚动开发,钱江新城新城建设需要引擎性商业，单一开发商资金与品牌资源不足,华润+新鸿基双巨头联合，购物中心先行开业建立商业地标，住宅酒店分期兑现价值,联合开发 → 购物中心开业引爆 → 办公/住宅/酒店分期入市 → 区域价值与资产升值,维基百科与万象商业产品线资料确认2010-04-22开业、24万㎡购物中心、M1级与柏悦酒店,新城开发可用「双巨头联合+商业先行」模式分摊风险并快速建立区域信心,新城片区需要引擎商业、单一主体资金或品牌力不足,头部开发商合作机制、新城人口导入节奏预判,华润×新鸿基的联合与M1级重奢品牌资源不可复制,策略依据,已完成
案例E27,香港影湾园（海外）,部分核验,「历史酒店记忆+现代住宅运营」的混合业态：把拆掉的传奇酒店化作建筑与品牌资产,老酒店停业后历史记忆流失，纯住宅开发损失文化价值,以仿古重建露台餐厅保留酒店记忆，将住宅/商场/餐饮/会所整合为高端生活方式资产,历史记忆保留 → 高端住宅与商业组合 → 半岛酒店品牌运营背书 → 南区别墅级生活方式溢价,影湾园官网确认资产构成与运营方，维基确认浅水湾酒店1920-1982沿革与露台餐厅仿古重建,存量改造可「保留历史记忆符号+高端运营品牌背书」，把文化价值转化为资产溢价,有历史记忆的地标性物业、客群对高端生活方式有支付力,历史建筑保留合规、高端品牌运营能力,浅水湾地段与半岛酒店品牌资源不可复制，普通项目不宜对标,策略依据,已完成
案例E28,桔子酒店,部分核验,中档酒店品牌通过「产品标准化迭代+设计语言统一」实现规模复制与存量物业激活,经济型升级潮中，单店改造缺乏统一标准，品牌价值稀释,以3.0产品标准（乐活设计+家庭房/亲子房）统一输出，激活存量物业批量改造,品牌标准 → 存量物业改造 → 统一体验 → 出租率与RevPAR提升 → 加盟扩张,南方都市报确认3.0布局与出租率数据，华住维基确认收购沿革，朱周设计确认3.0设计理念,连锁品牌可用「产品迭代标准」批量激活存量物业，标准化程度决定复制速度,有大量存量物业可改造、品牌具备产品与供应链体系,标准化产品力、加盟管理体系、供应链规模,华住供应链与会员体系的规模效应不可复制，小品牌慎用此模式,策略依据,已完成
案例E29,成都天府招商花园城,部分核验,「公园商业3.0」生态型购物中心：TOD+公园+商业无界融合，自然吸客,盒子商业同质化，公园城市理念下商业需与生态场景融合,以地铁上盖+双首层+竹语设计构建「建筑即景观」，把公园客流转化为商业消费,TOD交通 → 公园生态场景 → 开放式商业 → 家庭与潮流客群日常到访,Benoy（设计方）官方确认30万㎡综合开发与12万㎡购物中心、TOD与双首层机制,公园商业可把「生态场景」作为核心差异点：建筑与公园渗透而非割裂,项目紧邻大型公园或生态本底、地铁TOD条件具备,生态设计投入、TOD对接与公园运营协同,Benoy级设计投入与天府新区公园条件不具普遍性，需评估生态溢价的真实转化,策略依据,已完成
案例E30,华润置地达尔文营地,部分核验,以「儿童自然教育内容」激活社区配套：软性长期运营建立家庭黏性,住宅社区配套同质化，儿童家庭客群缺乏深度社群运营,把教育内容（自然博物课堂）作为社区「第二课堂」，以课程运营带动社区社群长期活跃,儿童友好定位 → 自然博物课程 → 家庭深度参与 → 社区认同与品牌溢价,新京报确认首个营地在润府开课与PBL机制、课程三模块设计,社区运营可用「内容课程」替代硬配套：以长期教育内容沉淀家庭客群,住宅或社区项目需要提升家庭黏性、有可运营的社区公共空间,教育课程研发、自然场地与师资资源、持续运营投入,华润置地级的社区开发规模与教育资源不可复制，小项目需轻量化设计,策略依据,已完成
案例E31,曼谷NEXTOPIA（海外）,部分核验,把商场存量楼层改造为「未来城市原型」主题空间：以概念叙事升级传统百货楼层,传统百货楼层商品陈列模式缺乏吸引力，高端商场需要内容化空间,以「未来世界原型城市」概念重做5-5A层：永续主题+科技艺术装置+沉浸场景,概念叙事 → 沉浸式空间改造 → 打卡传播 → 全楼客流带动,欣传媒开箱报道与官方社交确认15000㎡、5-5A层、「未来世界原型城市」定位,存量商场楼层可用「主题概念空间」重做：以强叙事+装置建立内容吸引力,商场有大面积存量楼层需焕新、有足够的建造与运营预算,主题设计能力、装置投入与持续内容更新,Siam Paragon的客流量级与集团投入不可复制，中小商场需按预算缩小概念尺度,策略依据,已完成
案例E32,深圳海洋中心城市更新,线索,待确认：疑指蛇口国际海洋城或其中某个海洋主题城市更新项目,名称无法精确定位，暂无法评估项目机制,待补充,待补充,仅确认南山蛇口片区海洋主题更新方向（12平方公里国际海洋城、太子湾170万㎡）,待确认项目后补写,原始资料提供准确项目名或位置,非目标项目，不得以片区规划冒充项目本体,片区规划信息不构成项目本体证据，需官方来源确认,待补充,已完成
案例E33,北京三里屯太古里,部分核验,开放式街区商业「持续改造激活存量」：开业后以每年工程投入保持商业生命力的长期主义,街区商业开业后老化速度快，硬件与体验跟不上品牌升级,太古以10亿+持续改造（连桥、红馆、N8改造、公共空间升级）保持项目迭代,开业引爆 → 品牌升级需求 → 持续硬件改造 → 租金与客流保持高位,太古地产官方factsheet确认2008年开业与项目属性，维基与行业分析确认改造工程投入,头部街区商业用「持续改造预算」对抗老化，把改造视为运营的一部分而非一次性投入,高租金街区商业、品牌不断升级需要匹配硬件,长期资本投入意愿、改造期运营过渡方案,太古级资金实力与品牌号召力不可复制，中小项目需量入为出分期改造,策略依据,已完成
案例E34,上海曹路招商花园城,部分核验,「亲子家庭场」定位+超50%首店的区域型购物中心：以首店矩阵与场景激活新区域,浦东外围区域商业供给不足，区域消费外流,以超50%区域首店+36米天环飞瀑+下沉广场萌宠主题构建差异化，2023年底开业即引爆,区域首店矩阵 → 差异化场景 → 家庭客群到访 → 销售额与品牌升级正循环,新华网（招商商管大会）、西部财富、新浪上海确认开业数据与2024年经营业绩,新区购物中心用「区域首店占比」建立不可替代性，用场景（飞瀑/萌宠）激活冷区空间,区域消费外流明显、有家庭客群基础但缺少品质商业,首店招商资源、差异化场景投入、亲子运营能力,招商商管的品牌矩阵与首店资源不可复制，需评估本地品牌供给,策略依据,已完成
案例E35,墨尔本MECCA（海外）,部分核验,美妆品牌自营「超级体验门店」：零售+诊所+沙龙+定制服务一体的三层目的地型门店,美妆线上冲击线下，传统柜台销售模式失去吸引力,以旗舰店把美妆零售升级为服务综合体（诊所/沙龙/定制/礼品），建立不可替代的线下体验,品牌自营旗舰 → 服务型业态组合 → 高客单与复购 → 城市级目的地,MECCA官网确认三层业态组合与Bourke Street旗舰店定位,零售品牌可用「服务型旗舰店」应对线上冲击：把门店做成诊所+沙龙+礼物的综合目的地,品牌有较强自营能力、城市核心有旗舰物业、客群重体验,服务人才体系（美发/诊所/沙龙）、旗舰店资金投入,MECCA的澳洲本土品牌资产与自营供应链不可复制，需评估服务型业态回报周期,策略依据,已完成
案例E36,上海西岸璇心Orbit,部分核验,Heatherwick设计、可攀爬漫游的「月桥式」河畔公共建筑：把公共空间、商业与文化活动串联成西岸艺术带新焦点,滨江公共空间功能单一，艺术带缺少可互动参与的标志性节点,以世界级设计团队打造可攀爬的公共建筑，将公众休闲/演出/展览/学术交流多元功能叠加于一体,地标建筑 → 可攀爬体验 → 艺术活动 → 公共空间活力 → 西岸金融城片区引流,Heatherwick官方社媒与设计媒体确认西岸漩心2024年落成、多元功能定位与金融城文化设施角色,滨水/新城公共空间可用「可参与的地标建筑」激活：让公众与建筑互动而非远观,片区有公共空间升级需求、愿意投入标志性建筑设计,国际设计投入、公共空间运营与文化活动策划,Heatherwick级设计投入与西岸金融城区位不可复制，需评估公共空间商业化的回报路径,策略依据,已完成
案例E37,华润置地超级场馆运营,部分核验,「场馆代建-赛后运营前置-ROT长周期经营」的超级场馆模式：以赛事场馆为引擎反哺片区开发,大型场馆赛后人流断崖、政府运营负担重，场馆成『沉睡资产』,建设初期预埋赛后运营方案，以自负盈亏ROT模式（50年）获得场馆经营权，用赛事演艺填充档期,代建场馆 → 赛后运营前置规划 → 自负盈亏ROT → 赛演常态化 → 片区人流与周边资产增值,21财经确认春茧运营当年盈利、2017年294场活动600万人次、50年ROT合同；华润官网与新浪财经确认7大场馆国家级案例、20馆450万㎡规模,场馆资产可用「运营前置+长周期ROT」激活：把政府代建项目转为企业化运营的流量引擎,城市有大型公共场馆待运营、政府愿意让渡长周期经营权,赛事演艺资源、场馆运营团队、与片区开发的协同机制,春茧的区位与大运赛事效应不可复制，普通场馆需先评估真实赛演需求密度,策略依据,已完成
案例E38,成都春熙路voco酒店,部分核验,洲际voco品牌「轻改造」激活存量物业：蜀地文化+妙趣艺术的川内首家高端生活方式酒店,核心商圈存量物业改造缺少品牌标准，高端设计酒店供给稀缺,以voco品牌灵活标准做存量物业改造，保留空间记忆、融合在地文化（蜀地元素）,品牌授权 → 存量物业改造 → 在地文化植入 → 核心区位差异化供给 → 高端客群到访,IHG官网确认品牌与区位、观点网确认2025-08-28开业、203间客房与改造理念,国际品牌可用「轻改造产品线」（如voco）快速激活核心区存量物业，降低改造投入,核心商圈有可改造物业、区域缺少中高端设计酒店,品牌标准适配、改造资金与在地文化运营,voco品牌授权与洲际渠道不可复制，单店需评估品牌溢价与改造投入的平衡,策略依据,已完成
案例E39,大同古城东南驿,部分核验,以「艺术季+古建院落」活化古城街区：111棵大树与当代艺术重新激活千年城池,古城街区改造易陷入仿古同质化，缺乏可持续的内容运营,改造保留场地记忆与文脉（111棵大树），改造后以『寻邑』当代艺术季（7个古建院落80位艺术家）打开消费场景,古城肌理保留 → 当代艺术内容 → 艺术季事件 → 城市再生话题 → 文旅客流,人民日报确认2023-06改造完毕与寻邑艺术季规模，象界设计确认设计理念,历史街区可把「当代艺术内容」作为活化引擎：以事件营销衔接改造完成与客流启动,古城/历史街区完成改造后需要客流启动与话题传播,艺术策展资源、古建院落活化运营、政府支持,大同的古城资源与艺术季投入不可复制，小街区需缩小艺术季尺度,策略依据,已完成
案例E40,长沙观沙岭招商花园城,部分核验,「运动娱乐+亲子家庭」差异化定位的区域型购物中心：开业95%开业率、21万客流引爆长沙,长沙新区商业竞争激烈，区域消费需要差异化供给,以18万㎡体量+20+泛运动项目+1500㎡双层亲子运动场构建『乐园+运动+美食』组合，开业即引爆,差异化业态组合 → 95%开业率 → 21万首日客流 → 千万元日销售额 → 区域消费回流,赢商网、三益DESIGN、凤凰网确认18万㎡体量、95%开业率、21万人次客流与1000万+日销售额,新区购物中心可用「运动+亲子」体验业态组合建立开业势能，先流量后品牌,区域有家庭与年轻客群基础、商业供给不足,运动娱乐业态招商、亲子空间投入、开业营销,首日21万客流的天时与推广资源不可复制，需评估区域真实消费力,策略依据,已完成
案例E41,深圳前海冰雪世界,部分核验,「全球最大室内滑雪场」为核心的七大业态冰雪主题产城：投资296亿的冰雪文旅超级引擎,北纬22度深圳缺少冰雪体验，冬季文旅业态空白,以超雪中心（10万㎡滑雪区、83米落差）为核心，组合深潜/办公/酒店/商业/社区七大业态形成产城闭环,超级冰雪场馆 → 稀缺体验与赛事 → 湾区客群跨城到访 → 商业酒店办公价值兑现,前海管理局官网确认296亿投资、131万㎡、七大业态与超雪中心配置；行业媒体确认世界最大室内滑雪场与5条雪道,超大型文旅场馆可用「稀缺体验+多业态组合」构建目的地：单一冰雪变四季冰雪+住宿+办公+商业,气候/地域存在体验缺口、政府支持文旅大项目落地,超大体量资金、国际赛事资源、滑雪运营专业团队,296亿投资与华发级资源不可复制，中小城市须压缩规模评估回报,策略依据,已完成
案例E42,LV成都源野活动,部分核验,奢侈品牌×公园商业「限时空间」：LV以城市指南书籍+展陈内容落地REGULAR源野的轻量品牌事件,奢侈品牌需要高频在地内容保持城市热度，传统门店形式过重,以『成都耍起』限时空间（6天）承载书籍展陈等文化内容，借源野公园场景传播,品牌文化内容 → 公园场景快闪 → 在地人群打卡 → 品牌城市热度与内容资产,现场记录平台确认2025-10-17至10-22活动时间地点与书籍展陈内容,品牌可借「限时空间+在地内容（城市指南）」轻量激活城市热度，无需重门店投入,品牌有本地化内容资产（城市指南等）、项目具备公园/街区场景,品牌授权、在地策展运营、场景档期,LV级品牌号召力不可复制，普通品牌快闪需明确转化目标,策略依据,已完成
案例E43,南昌万象城,部分核验,「40%+首进品牌+室内空间室外化」的南昌高端商业旗舰：首日15万客流建立省域商业制高点,南昌高端商业供给不足，省域消费外流,以400+品牌、超45%江西首进矩阵+超大采光中庭设计，2022-10开业即引爆并持续引入首店,首进品牌矩阵 → 高端商业稀缺性 → 省域目的性到访 → 持续品牌升级正循环,赢商网确认体量规划，东方证券确认2022-10-01开业与首日/国庆业绩，联商网确认持续首店引入,省域中心城市可用「首进品牌占比」建立商业制高点，以开业后持续首店维持迭代,省会级城市高端消费外流明显、区域缺少旗舰商业,头部品牌招商资源、旗舰级硬件投入、华润运营体系,华润万象的招商网络与M1级品牌资源不可复制，需评估本地高消费客群规模,策略依据,已完成
案例E44,天津万象城,部分核验,存量商场「更名+调改」激活：银河购物中心更名万象城并以品牌矩阵+艺术内容重塑城市地标,已开业购物中心品牌老化、与城市消费升级脱节,借更名万象城启动系统性调改：品牌矩阵优化（女装/餐饮差异化）+艺术时尚活动（艺术展/时尚秀）,品牌焕新事件 → 调改品牌矩阵 → 艺术内容加持 → 城市地标认知重塑 → 客流消费回升,新浪天津确认2019-04更名与调改路径，赢商网确认26.2万㎡体量,存量商业可用「品牌焕新事件（更名/重定位）+持续调改」重启生命周期,存量商场有地段与体量基础、区域消费升级需要新供给,品牌调改资金、招商资源、活动策划能力,华润品牌背书与调改资源不可复制，更名本身不等于客流回升,策略依据,已完成
案例E45,武汉嘉佰汇,部分核验,「公园策展式商业+MALL+BLOCK」的滨江品质街区：米其林华中首店集群激活二七滨江,二七滨江高端住宅区缺少匹配的旗舰级品质商业,以旗舰店级品牌（米其林/高端餐饮/健康生活方式）+月台公园嘉艺术策展内容构成差异化街区,高端住宅客群 → 旗舰品牌首店 → 公园策展内容 → 品质生活方式目的地,武汉市商务局确认6.5万㎡、MALL+BLOCK形态与米其林首店集群，湖北日报确认2025-08-15正式开业,高端住区商业可用「公园+艺术策展+旗舰首店」三重差异建立匹配客群的品质目的地,高净值住宅区商业供给不足、区域需要品质生活方式商业,高端品牌招商、艺术策展资源、公园景观条件,二七滨江的客群与宸嘉综合体资源不可复制，需评估高端招商落地难度,策略依据,已完成
案例E46,广州悦汇城,部分核验,「10亿旧改600天」将鞋业批发市场蝶变为28万㎡购物公园：广州第二大单体MALL的存量激活,传统批发业态低效，荔湾片区缺少现代购物中心,近10亿改造投入+『园蝶蜕变』沉浸空间（114块屏/主题中庭）+60%新品牌首进，重塑城市商业,存量物业 → 巨资旧改 → 沉浸空间体验 → 新品牌导入 → 跨区域消费回流,广州日报确认28万㎡、600天旧改、近10亿投入与空间设计，赢商网确认首日30万客流,老旧物业可借「大体量改造+沉浸式空间」重塑区域商业地位，先空间后品牌升级,城市核心区有低效大体量物业、区域消费潜力未被释放,大额改造资金、旧改合规路径、空间设计能力,28万㎡体量级与10亿级投入不可复制，小体量旧改需更精细测算回报,策略依据,已完成
案例E47,桔子酒店上海旗舰店,部分核验,「老宾馆改造+3.0旗舰」：33年田林宾馆变身桔子3.0华东首家大体量旗舰店,老牌单体宾馆设施老化、客源流失，存量酒店资产待激活,以桔子3.0产品标准（LOHAS乐活+可再生材质+智能房）整体改造老宾馆，立上海旗舰标杆,存量老物业 → 3.0产品改造 → 乐活设计体验 → 品牌旗舰效应 → 出租率与品牌曝光双升,设计方确认2025年3月开幕与乐活设计，行业媒体确认田林宾馆33年历史改造与旗舰定位，南都确认复购率45%,老酒店改造可用「品牌旗舰级产品标准」激活：单店做深做透建立区域品牌标杆,核心区位有老单体酒店资产、品牌需要区域标杆店,改造资金、品牌产品标准、旗舰运营团队,桔子3.0标准与华住渠道不可复制，老物业改造需评估结构成本,策略依据,已完成
案例E48,曼谷伽利略绿洲（海外）,部分核验,「剧场+画廊+咖啡」的社区型混合业态：剧团创办者疫后自建艺术社区绿洲,疫情后文化空间关闭，创作者缺少低成本展演与社交场所,由剧团成员创办GalileOasis：以剧场为核心叠加画廊/咖啡/驻留，向创作者与居民开放,剧团内容能力 → 剧场空间自营 → 艺术驻留与咖啡 → 在地创作者社群 → 特色目的地,art4d确认画廊+剧院+咖啡馆构成与Banthat街区位，Medium与Trip.com确认剧团创办沿革与定位,文化空间可用「创作者自营+混合业态」模式轻启动：以内容能力替代大额投资建立特色,老城社区缺少文化空间、有活跃创作者社群,内容策展能力、低成本空间运营、社区共创机制,曼谷老城区的房租与剧团资源不可复制，需评估本地创作者生态,策略依据,已完成
案例E49,MFG写字楼,部分核验,写字楼「服务式办公」运营模式：运营商包装修包运营、企业拎包入驻的商办『主力店』,写字楼空置率高企，传统招商模式难去化，企业需降低办公筹备成本,以运营商整层/整栋包租改造为服务式办公，统一装修运营、灵活租约吸引企业拎包入驻,存量写字楼 → 运营商改造 → 拎包入驻体验 → 去化提速与租金溢价,凤凰网确认服务式办公合作模式与高奢第三办公空间定位，MFG官网确认为国家级众创空间,写字楼去化可用「服务式办公运营商」模式：把空置资产变成可拎包入驻的标准化产品,城市有甲级写字楼空置、企业客群看重灵活办公成本,运营商改造资金、装修标准化、企业渠道资源,MFG的招商网络与运营经验不可复制，包租模式需承担空置风险,策略依据,已完成
案例E50,凯德广场·金牛,部分核验,「20年老商场逆龄生长」：成都第一家购物中心以持续焕新（13000㎡空中花园+沃尔玛新店型）保持TOP3,开业20年的老商场面临设施老化、品牌固化与年轻客群流失,以空中花园社区化运营+主力店业态重构（沃尔玛全新一代店型全国首店）+60+新品牌迭代持续焕新,社区社交功能 → 主力店焕新 → 空间释放 → 品牌迭代 → 全龄客群回流,凯德官网确认13000㎡空中花园与家庭社交定位，赢商网确认20年沿革、TOP3地位与2026年60+品牌焕新,成熟商场可用「社区化公共空间+主力店升级+定期品牌迭代」对抗老化周期,开业多年的商场有区位与客群基础、需要焕新升级,主力店重构机会、品牌招商资源、持续改造投入,凯德的资本与品牌资源不可复制，沃尔玛新店型合作属个例,策略依据,已完成
案例E51,深圳前海壹方城,部分核验,「36万㎡深圳单体最大」壹方城：开业即客流第一，以策展零售+潮奢提档保持华南前五,宝安核心区缺乏大型商业引擎，高端消费外流福田南山,以36万㎡多元主题体验MALL建立规模壁垒，运营中持续提档（潮奢首店+星辰馆策展零售）,单体规模壁垒 → 客流第一 → 品牌提档调新 → 策展零售内容 → 销售蝉联华南前五,中国房地产报确认36万㎡、2017-10-28开业、客流第一与星辰馆策展，维基确认2023年75.6亿营业额深圳第三,大体量商业可用「规模壁垒+策展内容+持续提档」保持区域领先，策展空间（星辰馆）是新营销入口,核心区位有大型地块、区域消费力强但缺少旗舰商业,大体量开发资金、头部品牌招商、鸿荣源式自持运营,36万㎡体量与鸿荣源资源不可复制，策展零售需评估内容运营团队,策略依据,已完成
案例E52,上海LV巨轮,部分核验,「30米巨轮造型」的LV概念空间：展览+零售+咖啡三层的品牌慢闪地标激活城市商业广场,奢侈品牌需要超预期事件营销制造城市级话题与到访,以巨轮造型概念空间（1600㎡三层）融合免费展览/精品零售/品牌咖啡，成为现象级打卡地,标志性建筑装置 → 免费展览引流 → 零售与咖啡转化 → 社交传播放大,LV官网确认2025-06-28开放、三层功能与OMA展览设计，GOCHINA确认30米高度与1600㎡,品牌可把「快闪」升级为「标志性概念空间」：以建筑装置+内容展览制造城市级目的地,品牌有旗舰事件预算、城市核心广场有场地与流量,品牌总部资源、标志性建筑落地、运营许可,LV级预算与全球唯一性不可复制，普通品牌需评估投入产出,策略依据,已完成
案例E53,北京阿派朗创造力星球,部分核验,「AI+自然」的亲子智玩乐园：奥运沙排场地改造为2.7万㎡沙水科技宇宙,奥运场馆赛后利用难题，亲子游乐市场需要科技内容差异化,以AI/混合现实/机器人技术+沙水自然主题改造奥运遗留场地，打造『科技+自然』亲子智玩IP,存量场地 → 科技智玩内容 → 亲子家庭到访 → 现象级口碑传播,朝阳区政府官网确认2025-04-26开业、2.7万㎡与奥运场地改造，设备商确认通州8万㎡乐园2022年开园,存量体育/公园场地可用「科技内容IP」激活亲子业态：以智玩设备升级传统游乐,有可改造的公园/场馆场地、亲子客群充足,科技内容研发、智玩设备投入、主题运营团队,阿派朗的AI技术与IP研发能力不可复制，中小乐园需降低科技含量,策略依据,已完成
案例E54,北京鼎好DH3,部分核验,「电子卖场→科技商务综合体」：中关村黄金三角之一鼎好电子城10年改造为新科技地标,电子卖场模式衰落，中关村业态升级需求迫切,2020年启动全面改造（2019年启动设计），将电子大卖场转型为科技商务综合体DH3,业态衰落 → 全面改造 → 商务办公+咖啡社交 → 科技产业新地标,海淀区政府确认改造完成与空间效果，百度百科确认2003-07开业、2020改造、2025-01亮相,衰退专业市场可用「整栋改造+功能重定位」重生：从商品交易转向商务与科技服务,核心区有衰退的专业市场物业、城市产业升级有承接需求,整栋改造资金、产业招商定位、区域产业政策协同,中关村产业资源与区域升级节奏不可复制，需评估改造后真实租金回报,策略依据,已完成
案例E55,成都天府大悦城,部分核验,「公园城市+立体购物公园」：成都第二座大悦城开业三日50万客流、93%开业率引爆天府新区,天府新区缺少大型商业，新区商业『无人气』刻板印象待打破,以30万㎡综合体+8000㎡空中花园『Joyland遇de岛』+40%娱乐体验业态+迪士尼IP开业营销构建差异化,公园基因场景 → 强体验业态组合 → 开业事件营销 → 50万客流引爆 → 新区商业信心重塑,赢商网确认开业后运营数据与40%体验业态，新商业之家确认2024-12-30开业、三日50万客流5000万销售额,新城商业可用「强体验业态占比+地标场景+大事件开业」打破新区人气魔咒,新区人口导入有基础、区域缺少品质商业,大体量开发资金、体验业态招商、开业营销预算,大悦城品牌与迪士尼IP联动资源不可复制，新区商业需评估培育期,策略依据,已完成
案例E56,锦和集团越界系列,部分核验,「商用物业全价值链运营」模式：越界品牌18个文创园区激活城市存量物业的系统打法,城市老旧/低效商用物业沉睡，文创产业缺乏低成本办公空间,以『越界』品牌对存量物业做保护性改造，输出定位-改造-招商-运营一站式价值链,存量物业发现 → 保护性改造 → 文创产业定位 → 园区运营 → 物业升值与城市文脉延续,新华网确认18个园区、上海著名商标与全价值链模式，公司官网确认上市与跨城市项目版图,存量物业运营可用「品牌化+全价值链」复制：先打造旗舰园区再品牌输出跨城,城市有存量物业待活化、文创产业生态可培育,改造资金、招商运营团队、政府产业政策支持,锦和的资产规模与上市融资能力不可复制，单园区需评估改造投入回收周期,策略依据,已完成
案例E57,郑州亳都·新象,部分核验,「3600年商都遗址+首店经济」的文化商业街区：开街首日10万客流、首店占比超四成,郑州商代都城遗址沉睡，中心城区缺少文商旅地标,依托城垣遗址与文庙构建文化场景（陶文亳字/滴水瓦水幕），导入76店铺+四成首店激活历史街区,遗址文化场景 → 76店铺首店矩阵 → 开街事件 → 10万客流 → 文化消费产业生态,新华网确认2025-09-29开业与首日10万客流、首店超四成，人民网确认46亩/15院落/4广场与文化装置,历史遗址旁商业可用「文化装置叙事+首店矩阵」激活：让遗产变成可消费的文旅场景,城市有遗址/文庙等文化遗产、区域需要文商旅引擎,文化策划设计、首店招商、政府文保支持,商都遗址资源与郑州文化战略不可复制，需评估文化消费的真实转化,策略依据,已完成
案例E58,The Exchange TRX Mall（海外）,部分核验,「国家金融中心+10英亩屋顶公园」的400店零售巨舰：TRX片区引擎、Apple马来西亚首店,吉隆坡新金融区需要零售引擎，空置土地待激活,以Lendlease×TRX合资开发12万㎡MALL，导入Seibu/Apple等马来西亚首店+10英亩屋顶公园（TRX City Park）,金融区规划 → 巨型零售引擎 → 国际首店集群 → 片区人口导入 → 整体价值兑现,维基确认2023-11-29开业、12万㎡、400+店与主力租户，官网确认Apple首店与Market Lane,新城金融区可把「大型MALL+屋顶公园」作为片区启动引擎，以国际首店建立稀缺性,新城有规划红利、区域缺少高品质零售,合资开发机制、国际品牌招商、片区整体运营,TRX的国策级规划与Lendlease资源不可复制，需评估零售体量消化能力,策略依据,已完成
案例E59,雄安寻环XLOOP,部分核验,「亲子家庭+大型室内乐园」的5层集中商业：雄安商务服务中心第三商业空间正式亮相,雄安新建城区商业配套从零起步，年轻家庭需要亲子消费空间,以POPBLUE家庭成长中心+亚秘谷宠物星球主力品牌锚定0-12岁亲子客群，填补片区商业空白,新城人口导入 → 亲子客群定位 → 主力品牌开业 → 全龄家庭到访,雄安新区官网确认2025-05-01开业、2.9万㎡5层与亲子家庭定位、主力品牌首亮相,新城商业可用「亲子家庭主力品牌」快速启动：先锚定片区核心客群再扩展全龄业态,新建城区有家庭人口导入、商业配套空白,主力亲子品牌招商、新城人口导入节奏匹配,雄安的政策资源与客群结构不可复制，普通新区商业需先评估人口密度,策略依据,已完成
案例E60,东莞奇云广场,部分核验,「TOD+POD公园式」13万㎡购物中心：双轨交汇出站即商场、60+首店填补莞北商业空白,莞北制造业密集区长期缺乏高品质商业综合体、消费需求外流,东实集团以东莞站双轨枢纽+公园式Mall+街区形态打造13万㎡商业，60+首店矩阵激活莞北,双轨TOD → 出站即商场 → 首店旗舰矩阵 → 跨城客流停留消费 → 区域商业能级跃升,东莞市政府确认项目与招商进度，东莞时间网确认2025-12-31开业、13万㎡、60+首店与双轨TOD定位,枢纽型城市可把「TOD+公园商业」作为新城商业激活范式，以国企开发+首店矩阵快速落地,区域有高铁/城际/地铁枢纽、周边商业供给不足,枢纽TOD开发权、国企资金、首店招商资源,东莞站双轨客流与东实国企资源不可复制，需评估枢纽客流的停留转化,策略依据,已完成
案例E61,KITTE大阪,部分核验,JR大阪站直结『JP TOWER大阪』复合开发：旧大阪中央邮局保留+4层挑高中庭+150店铺+1300席剧场+418间酒店+西日本最大规模办公,核心车站商圈亟需以文化体验与在地美食重新聚客，大阪中央邮局旧址面临资产活化,日本邮便×JR西日本×JTB联合开发，以『保留旧邮局+4层中庭』空间叙事整合商业/剧场/酒店/办公多业态垂直复合,车站直结枢纽 → 历史建筑保留制造记忆点 → 剧场+在地美食横丁聚客 → 办公酒店客流反哺商业 → 区域价值整体提升,KITTE大阪2024年7月开幕、约150店铺，Ume横丁17种特色美食，2024-03完工后随Grand Green大阪共同构成梅田新地标（Japaholic/富士达/JPビル管理官网）,枢纽型城市综合体可复制『历史记忆+垂直复合+剧场文化』的资产激活结构，以文化设施错峰吸客,拥有核心车站直结用地、历史建筑活化政策支持、多主体（邮局/铁路/酒店）联合开发条件,车站级客流、多主体联合与邮局旧址的公共记忆不可复制，需评估普通综合体复制剧场业态的成本回收,策略依据,已完成
案例E62,深圳Kaledo,部分核验,『都市自然主义』文化商业体：6万㎡由保利文化广场旧天虹/家乐福改造，5000㎡骑行公园+剧场式叙事空间激活存量,传统商超存量物业退租后资产闲置，年轻客群需要情绪价值与圈层社交型商业,卓越商业×超级像素以『文化+商业』改造存量，全玻璃悬浮盒子+下沉公园+骑行文化+剧场式动线重新定义空间,存量物业收储 → 文化定位重塑 → 骑行/剧场/市集内容策展 → 首店集群（只二华南首店等）→ 圈层客群聚集,2024年11月正式开业；约5000㎡骑行公园为深圳商业首个商场单车径；ZZER只二华南首店、多抓鱼华南首站、特皮市街角咖啡节（中购联/当代中国）,存量商业改造可引入『垂直圈层内容』（骑行/市集/剧场）作为差异化锚点，以文化活动培育期换客流,位于城市核心板块、存量物业改造权限、具备文化策展能力的运营团队,后海高新客群密度与地铁直连优势不可复制，文化商业对内容团队依赖高、需较长培育期,策略依据,已完成
案例E63,深圳湾万象天地,部分核验,首创『MALL+街区』：23万㎡开放式街区+10座独栋旗舰店，诚品生活华南首店+华润首个自运营人文剧场,深圳南山高净值客群缺乏人文型商业地标，传统盒子商业同质化,华润置地以『街区+MALL』打破大盒子形态，时光广场+独栋旗舰+人文剧场+艺术装置（抱抱象）构建城市人文体验场,街区+MALL空间革命 → 首店/旗舰集群（30%首进深圳）→ 人文活动策展（红点展/时尚秀）→ 跨城级目的地效应,2017-09-27开业；近300店铺、超1000品牌、约30%首进深圳；2024-09华南首家HAUS NOWHERE再添艺术零售（维基/百度百科/赢商网）,高能级城市可复制『街区+MALL』公共空间结构，以独栋旗舰+人文业态建立差异化心智,核心地段大规模开发、优质品牌招商能力、持续内容运营投入,深南大道区位与华润全业态开发能力不可复制，街区式需面对天气与动线运营成本,策略依据,已完成
案例E64,成都regular原野,部分核验,市政公园地下空间激活范式：6528㎡负一层半开放街区，3个下沉中庭+gregarious公共空间聚合20+成都主理人品牌,公园存量地下空间闲置，高品质社区商业供给缺失（大源片区仅世豪广场+伊藤洋华堂）,成都高投与方所/REGULAR团队将大源中央公园地下市政配套改造为『精品存量社区商业』，侘寂极简建筑+品牌共创,公园地下空间收储 → 下沉中庭+公共空间串联 → 主理人品牌精选（面包会有的/tazaTé/in the Park）→ 城市文化地标效应,2021年9月开业；商业面积6528.72㎡、层高5.5m；2021年7月首批空间开放即成为成都新城市名片（onewedesign/空间印象）,公园/市政存量空间改造可复制『地上公共+地下商业』分层模式，以主理人品牌替代标准招商,市政公园地下空间开发权限、区域高净值客群（大源20万+常住）、主理人品牌资源网络,成都生活方式底色与方所品牌号召力不可复制，地下商业对采光/动线设计要求高,策略依据,已完成
案例E65,拉斯维加斯Sphere,部分核验,全球最大球形结构建筑：9.29万㎡沉浸式球幕场馆，内屏世界最大球幕+外屏巨型广告面，单一文化地标激活城市商业,拉斯维加斯传统博彩文旅面临体验升级压力，需要世界级文化地标引流,以『球』这一极端建筑符号承载全沉浸影像（MSG Sphere），内外双屏让建筑本身成为媒介与广告资产,极端地标建设 → 世界最大球幕体验 → 社交传播裂变 → 城市级客流导入 → 周边酒店商业价值重估,"2023年9月底启用；占地875,000平方英尺（约8.13万㎡）至近100万平方英尺（约9.29万㎡）、投资约23亿美元（维基/POPULOUS）",文旅城市可评估『地标型体验场馆』投资回报，以不可复制建筑符号换取全球传播声量,超大规模资本投入、文旅客流底盘、内容制作能力（赛事/演出/广告）,百亿级投资与拉斯维加斯娱乐生态不可复制，需谨慎评估重资产地标的现金流回收,策略依据,已完成
案例E66,广州正佳广场赛博天街,部分核验,存量购物中心『主题街区』激活：正佳广场7楼赛博朋克室内街区，剧场+COS秀+市集构成夜娱聚集地,传统百货/购物中心高楼层冷区难聚客，年轻夜娱消费需求外溢,正佳以文旅思维做商业：海洋馆/博物馆等IP先行，再以赛博天街切入Z世代夜经济主题场景,商场内造景区 → 主题街区（赛博天街）→ 夜娱活动策展 → 高楼层冷区激活 → 全场客流与销售增长,2025年1月赛博天街开业；正佳2023年客流+51%、销售+23%；华南首个购物主题AAAA级景区（百度百科/人民论坛网）,大型购物中心可复制『文旅景区化』改造路径，以主题街区激活高楼层与夜间时段,大体量商场、文旅内容运营团队、持续IP投入（海洋馆/博物馆等）,正佳40亿级文旅投入与城市景区资质不可复制，主题街区需警惕热度衰减与同质化,策略依据,已完成
案例E67,广州太古汇二座,部分核验,甲级办公楼×重奢商场协同激活：太古汇二座24层6.6万㎡办公，内部通道直连商场/酒店/地铁，LEED金认证,写字楼与商业综合体各自为战导致资产坪效低，需要楼商联动激活,太古地产以『办公-商业-酒店-文化中心』一体化动线设计，让办公人群直达商场，形成楼宇经济闭环,甲级办公（金融/专业服务）→ 直连通道导流商场 → 高端消费场景承接商务客群 → 双资产协同增值,二座24层、约71万平方呎（约6.6万㎡）；一座39层约105万平方呎（约9.7万㎡）；直连文华东方与地铁1/3号线（太古地产官网）,综合体可复制『楼商联动』动线设计，以高等级办公客群反哺商场租金与品牌层级,核心CBD区位、顶级写字楼品质与统一业主动线管理,太古汇重奢定位与酒店资源不可复制，普通综合体需先解决办公入住率再谈反哺,策略依据,已完成
案例E68,纽约哈德逊广场,部分核验,美国史上最大私人地产项目：11公顷从零建设社区，250亿美元投资+6公顷公共绿地+Vessel地标+新7号线,曼哈顿西城工业废弃地亟需城市级开发激活，私人资本+公共交通一体化开发,Related/CVS以公共交通导向（7号线延伸）开发综合社区，公共空间占比过半并置入Vessel/The Shed文化地标,基础设施先行（7号线）→ 公共空间/艺术地标 → 住宅办公商业高密度填充 → 城市中心西移,第一期2019年3月揭幕；占地11公顷、耗资约250亿美元、预计2025年全部完成（Hudson Yards官网/国泰航空）,新城开发可复制『基建+文化地标+高密度混合』TOD范式，以公共投入换取开发收益,轨道交通先导投资、大体量土地、长期资本耐心,250亿美元量级与纽约核心区位不可复制，文化地标（Vessel）运营争议提示公共空间成本风险,策略依据,已完成
案例E9,TODAY'S SPECIAL,部分核验,『食与生活的DIY』复合选品店：东京多店连锁，食器/食材/衣料/书籍/植物一体化生活提案激活社区日常消费,单一品类零售面临电商冲击，社区商业需要高频复购的内容型业态,以『今天的特别』策展式选品：季节性食材+生活道具+书籍音乐+活动市集（MARCHE），每店按地域特性定制,生活方式主题 → 策展式SKU → 地域定制门店 → MARCHE市集活动 → 社区高频复购,官网确认门店：自由之丘/涩谷Hikarie/新宿LUMINE2/神户BAL等，各店区域特色选品与活动（TODAY'S SPECIAL官网）,社区零售可复制『主题化复合业态』（食+生活+活动），以策展内容替代纯商品竞争,有品牌审美与内容团队、社区客群基础、可承载多品类经营面积,日本成熟生活方式消费文化不可复制，中国社区复制需适配本地供应链与消费频次,策略依据,已完成
案例D10,阿那亚第一食堂,部分核验,社区食堂体系运营：秦皇岛9家+金山岭/三亚各2家+雾灵山/九龙湖各1家，业主身份机制将食堂变『实景销售中心』,文旅地产社区日常餐饮配套不足，业主归属感与访客转化缺乏抓手,阿那亚自营食堂体系以平价亲民+独立风格运营，并以『业主结账通道/先进食堂』身份机制制造身份区隔,业主食堂 → 身份特权机制 → 访客体验向往 → 生活方式认同 → 置业转化（80%商业依托业主共创）,官网确认食堂数量与75家餐饮商家入驻；业主/访客通道规则成为口碑传播点（阿那亚官网/知家拆解）,社区型项目可复制『食堂+身份特权』运营，以高频刚需场景建立业主黏性与访客转化漏斗,具备业主制社区底盘、长期运营耐心、餐饮供应链能力,阿那亚文化社群沉淀不可复制，食堂模式需先解决客流基数与坪效平衡,策略依据,已完成
案例D100,东京下北泽BONUS TRACK,部分核验,『化整为零』洄游型商业：1栋主楼+4幢商住合一小别墅、13个常驻商户、中央公共广场+周周市集，下北泽文艺基因,车站周边零散地块难整体开发，文化街区需要低密度、高社群感的商业形态,小田急再开发中保留下北泽『迷你小镇』基因：建筑打散、公共空间最大化、市集常态化运营,建筑化整为零 → 公共广场为核心 → 13个小店+每周市集 → 文艺社群聚集 → 街区文化标签强化,2020年4月开业；13家常驻商户；2021年6月同街接棒reload（24栋分栋式）延续模式（onewedesign/bring-you）,城市更新可复制『小体量分栋+公共空间+常态化市集』社区商业，以运营密度对抗体量劣势,街区型用地、文化社群基础、可持续的市集内容组织能力,下北泽演艺文化沉淀不可复制，市集依赖气候与人力、需评估长期成本,策略依据,已完成
案例D11,悉尼岩石区,部分核验,历史街区保护性活化：悉尼最早定居区+最古老酒吧群+周末市集，文旅商业与城市记忆共生,历史建筑片区面临要么冻结保护要么过度商业化的两难，缺乏可持续活化路径,官方机构（Place Management NSW）统筹：保留殖民时代建筑与酒吧文化，以周末市集+艺术画廊+街头演出活化公共空间,历史遗存 → 官方保护性运营 → 周末市集/文化活动 → 游客与本地共聚 → 街巷商业自然生长,sydney.com确认：悉尼最早定居区、1828年Fortune of War等最古老酒吧、周末市集常态化（官方旅游网站）,历史街区可复制『官方统筹+文化市集+在地商业』保护性活化，避免大拆大建,完整历史建筑群、官方运营主体、旅游客流底盘,悉尼海港景观与殖民建筑禀赋不可复制，国内历史街区需评估产权分散与商业化管控,策略依据,已完成
案例D12,泡泡玛特阿那亚烘焙首店（POP BAKERY）,部分核验,IP甜品店『快闪→常驻』路径跑通：POP BAKERY首家常驻店落地阿那亚六期，星星人云端剧场主题+IP限定甜点,潮玩IP需要高频场景触达实现『陪伴日常化』，单一盲盒零售增长触顶,泡泡玛特渐进布局：乐园MOLLY甜品屋→快闪甜品车31个点位→首都机场快闪→阿那亚首家常驻店，以甜品承接IP情感价值,IP内容 → 甜品高频消费场景 → 限定SKU（LABUBU等甜点+衍生家电）→ 打卡传播 → 品牌年轻化与第二曲线,首家常驻直营店位于秦皇岛阿那亚六期文创街区；2025年集团营收371.2亿+184.7%（36氪/赢商网）,IP品牌可复制『低门槛快闪试错→高势能常驻』路径，以高频业态承载IP陪伴价值,强IP资产、甜品/餐饮供应链、阿那亚等高势能目的地渠道,泡泡玛特IP号召力与业绩体量不可复制，甜品毛利与IP授权费平衡需谨慎测算,策略依据,已完成
案例D14,长春大鹅花店,部分核验,『大鹅花束』创意花艺出圈：长春绿园区夫妻花店借东北『下雪吃鹅』习俗打造话题型花束,社区小花店同质化竞争，缺乏差异化记忆点与传播话题,以本地习俗梗（下雪吃鹅）做创意产品（大鹅花束），用话题内容驱动自然传播,本地文化梗 → 创意产品（大鹅花束）→ 社交媒体传播 → 门店客流 → 品牌记忆点,2022年1月搜狐报道：长春绿园区夫妻花店推大鹅花束走红（搜狐新闻）；同类『大鹅花店』在武汉南洋1916以花艺+酒饮日营收两三千元（武汉市政府门户）,社区小店可复制『在地文化梗+创意产品』低成本出圈打法，以内容代替投放,主理人创意能力、本地文化洞察、社媒运营意愿,话题热度有时效性，需持续产出创意维持复购与到店,策略依据,已完成
案例D15,露露农场花店,线索,案名待确认：『露露农场花店』未能定位对应实体，线索状态待补证,线索案：多轮检索仅命中美国马里兰州露露花坊、美国Lulu's Blooms、台湾花露農場等不相关主体,待确认项目本体后再分析其商业机制,待确认,待确认,待确认,待确认,待确认,待确认,策略依据,已完成
案例D16,首尔大林仓库,部分核验,工业遗产复合文化空间：圣水1970年代旧碾米厂改造为『画廊+咖啡』复合体，废墟美学保留工业记忆,旧工业建筑闲置贬值，圣水洞新兴文创社区需要标志性空间锚点,以最小干预保留老砖墙/结构裸露，将展览、咖啡、文创活动复合进单一仓库空间,旧工业建筑 → 废墟美学改造 → 画廊+咖啡复合 → 文创客流 → 圣水洞艺术街区氛围反哺,Visit Seoul确认：旧碾米厂改建、可看展览喝咖啡的复合文化空间；1970年代碾米厂前身（官方旅游机构+旅行记录）,工业遗产改造可复制『保留结构+文化复合+轻运营』模式，以低成本激活社区,完整工业建筑存量、文创客群基础、策展内容供给,圣水洞艺术社区生态不可复制，画廊运营依赖内容供给能力,策略依据,已完成
案例D17,成都麓湖隐溪川,部分核验,麓湖生态城W2『溪川绿洲』：13.7万㎡开放式溪岸街区+360°全景MALL，300米原生溪流+伊藤洋华堂3.0底盘,麓湖大盘商业需从社区配套升级为城市级商圈，家庭客群需要高品质一站式目的地,万华以『底盘+特色』双轨：伊藤洋华堂3.0（5.2万㎡）作稳定家庭底盘，溪流/花园/公园景观作差异化特色,大盘开发 → 水系景观叙事 → 家庭底盘+特色街区 → 女性视角/松弛感运营 → 城市漫游地标,商业面积约13.7万㎡；预计2027年启幕；麓湖已开业38万余㎡、在建41万㎡、待规划90万㎡（中国网）,大盘项目可复制『家庭底盘+景观特色+分阶段生长』商业布局，以生态IP支撑非标溢价,大体量连续开发、水系/公园景观条件、长期运营团队,麓湖150万㎡规划体量与万华全链条能力不可复制，2027开业为规划口径需跟踪,策略依据,已完成
案例D18,阿那亚aaad北岸新店,线索,案名待确认：阿那亚北岸确有多处社区商业（北岸市集/艺术中心北岸馆/北岸SOHO），但『aaad』名称无法定位,线索案：多轮检索无『aaad』对应信息，可能为集合店或设计机构简称,阿那亚北岸已呈现食堂+超市结合体（北岸市集）、5000㎡艺术中心北岸馆（坂本一成×柳亦春）、30栋艺术家工作室等社区商业生态,待确认具体对象后再行分析,阿那亚北岸市集：首个食堂+超市结合体、基地8580㎡地上3050㎡（gooood）；艺术中心北岸馆2024-09-22启幕、总面积逾5000㎡（官方）,待确认,待确认,待确认,策略依据,已完成
案例D19,成都poco寝室香氛店,线索,案名待确认：成都『poco寝室』香氛店未能定位，成都香氛市场检索均指向LE LABO/KILIAN等品牌店,线索案：多轮检索无『poco寝室』对应门店信息,待确认项目本体后再分析其商业机制,待确认,待确认,待确认,待确认,待确认,待确认,策略依据,已完成
案例D21,重庆江陵茶馆,部分核验,50年代职工影剧院改造『社区公共会客厅』：2000㎡老影院变身茶馆+记忆博物馆+策展空间，2026-05-01开业,老工业城市大量厂房/影剧院闲置贬值，社区公共文化空间供给不足,95后主理人赵承树以『修旧如旧、新旧共生』改造江陵影剧院：保留舞台幕布/售票窗口，叠加茶馆+博物馆+策展复合功能,工业遗存 → 保留结构记忆 → 茶馆+博物馆+展演 → 银发与年轻客群融合 → 城市更新地标,2026-05-01正式营业；2000㎡；江陵机器厂（前身兵工署第十兵工厂）职工影剧院改造；茶水免费试运营期（新华社/新浪财经）,老厂房/影剧院改造可复制『记忆保留+社区会客厅+全年龄段』模式，以低成本公共空间激活街区,历史建筑遗存、低租金改造条件、社区治理协同（重庆城市有机更新政策）,江陵厂军工记忆不可复制，改造依赖政府政策支持与主理人情怀驱动，复制需先算清盈亏,策略依据,已完成
案例D22,MONOCLE静安嘉里中心慢闪店,部分核验,文化媒体IP×商业空间限时激活：MONOCLE中国首家快闪店&咖啡落地静安嘉里中心，200+甄选货品+上海限定,高端商业体需要持续新鲜内容对抗同质化，国际文化IP进入中国缺乏轻量触达路径,静安嘉里中心引入MONOCLE首站合作：『Axis for Sparks』主题文化季+快闪店+咖啡，以文化策展而非纯销售激活空间,国际文化IP → 限时快闪（200+货品/上海限定）→ 文化季系列活动 → 话题与客流 → 商业体品牌调性提升,2026年4月下旬启幕；超200种甄选货品含出版物/服饰/文具/香氛；继伦敦/东京/香港等8城后最新一站（静安区政府/中国日报）,高端商业可复制『国际文化IP限时合作』轻资产激活模式，以策展内容制造稀缺性与话题,与国际媒体IP的合作资源、核心商圈空间、文化内容运营团队,MONOCLE全球调性与静安商圈客群不可复制，快闪热度需转化为常驻客流与会员资产,策略依据,已完成
案例D23,宁波KARA coffee,部分核验,宁波独立『咖啡+商店』复合店：官方社媒确认营业模式，宁波3200+咖啡店生态中的小而美样本,二三线城市咖啡业态井喷同质化，独立店需要差异化形态与社群运营,以『咖啡+商店』复合业态+稳定营业时段运营，嵌入宁波老街区咖啡文化,本地咖啡文化 → 复合业态（咖啡+选品）→ 固定熟客社群 → 街区文化名片,官方Instagram确认门店运营（周一至周日7:30-15:00）；宁波全市3200多家咖啡店（知乎）,社区咖啡可复制『复合业态+主理人社群』模式，以熟客复购支撑小店经营,主理人产品与社群能力、低成本社区铺位,来源为商家官方社媒，可靠性较弱；具体门店数据待补证,策略依据,已完成
案例D24,曼谷Piccolo Vicolo咖啡,部分核验,50年老店屋改造复古Loft咖啡：Ratchathewi区隐藏小巷『城市绿洲』，二楼设艺廊，属GalileOasis复合体,曼谷老城旧店屋（shophouse）闲置，游客与本地客群需要文艺消费空间,以『老屋欣力』手法保留建筑结构+大量绿植+古董物件，将咖啡馆、艺廊、剧场、设计空间复合进GalileOasis,旧店屋 → 复古Loft改造 → 咖啡+艺廊复合 → 隐藏小巷社交传播 → 城市文艺地标,Trip.com确认50年老店屋改造、属GalileOasis项目（咖啡+画廊+剧场+设计空间）；viviyu确认复古工业Loft风格,老城更新可复制『旧店屋活化+复合功能+绿意景观』咖啡馆范式，以场景独特性吸引打卡传播,旧建筑存量、旅游客群、主理人审美,**与E48曼谷伽利略绿洲GalileOasis为同一项目（来源复用，索引去重候选）**；依赖游客流量、需评估平日客流,策略依据,已完成
案例D25,广州连心创意城,线索,案名待确认：广州旧厂房改造项目检索命中员村第二棉纺厂旧址『中国人工智能（广州）产业园』规划，与『连心创意城』不对应,线索案：多轮检索无法定位『连心创意城』，可能案名有误或为小型园区,天河区员村西街旧厂房地块（97173㎡）确有城市更新计划：第二棉纺厂旧址历史建筑活化+人工智能产业园，混合改造（全面+微改造），2022年列入市年度计划,待确认项目本体后再行分析,天河区政府公示：改造范围北至员村西街、南至花城大道，总面积97173㎡，图斑44010600129，改造主体广州新一代人工智能产业园管理有限公司（政府官网）,待确认,待确认,待确认,策略依据,已完成
案例D26,华润置地陕西润比邻（世园欢乐跑）,部分核验,『润比邻』社区运营品牌：世园欢乐跑城市级『情绪共振』+『1+2+X』业主权益体系，万象商业资源转化为业主专属,地产交付后业主黏性弱、社区运营缺抓手，品牌资源未转化为业主长期价值,华润置地陕西以跑步活动（情绪互动）切入，再发布『1+2+X』业主权益体系，将万象商业/华润系品牌联盟全域资源权益化,活动制造情绪共鸣 → 社群沉淀 → 业主权益体系（1+2+X）→ 全域资源赋能 → 品牌与复购忠诚,首届世园欢乐跑2026-04-25西安世博园近千人参与；2026-06-26发布业主权益体系；第二届圆满落幕（华商网/搜狐）,开发商可复制『活动+权益体系』社区运营，以全域商业资源绑定业主长期价值,多盘业主基数、万象商业等品牌联盟资源、持续活动组织能力,华润全域资源不可复制，单项目需评估活动投入与业主规模匹配度,策略依据,已完成
案例D27,上海党群服务中心,部分核验,『党群服务中心』社区公共服务枢纽：每百户30㎡设施+60%面积居民活动，复合托幼/养老/卫生/文化/便民商业的『人民坊』模式,社区公共服务设施分散低效，便民商业与党建阵地割裂，居民日常需求未一站式满足,上海以党群服务中心为基本阵地打造功能复合集成的社区嵌入式服务综合体，统筹便民商业与文化服务，探索可持续运营模式,政策规划（完整社区）→ 党群中心复合化 → 便民商业/文化嵌入 → 居民高频使用 → 社区黏性与空间价值提升,上海市住建委2025-12《完整社区建设实施方案》：每百户≥30㎡、60%以上面积用于居民活动，『人民坊』一站式综合服务中心（官方政策）,社区型项目可复制『公共服务+便民商业』复合空间，以党群阵地为锚点承载高频日常需求,社区人口规模、政策支持（完整社区试点）、多部门统筹能力,政策资源与上海治理体系不可复制，商业部分需评估坪效与公益属性平衡,策略依据,已完成
案例D28,武汉光谷华润chill park,部分核验,光谷『公园商业』新范式：KIC PARK创新天地商业公园2025-09-30开业（5.1万㎡街区+1.3万㎡绿地），华润光谷万象天地在建（约16.5万㎡）,光谷产业人口密集但高品质商业配套不足，消费外流至武昌/汉口，年轻人缺乏松弛社交场景,以『公园是入口、生活是出口』定位，公园商业+格调餐饮+夜生活社交场填补光谷体验式商业空白,产城人口底盘 → 公园商业差异化 → 格调餐饮夜娱社交 → 消费就地释放 → 区域商业升级,武汉市商务局确认KIC PARK 2025-09-30开业、武汉首现公园商业；华润光谷万象天地约16.5万㎡预计2026年末开业（赢商网）,产业新城可复制『公园商业+夜经济社交场』激活高知年轻客群，以体验业态对冲消费外流,产业人口规模、公园绿地条件、体验业态招商能力,案名与项目对应关系存疑（chill park非华润官方命名）；光谷高新客群密度不可复制,策略依据,已完成
案例D29,东京小川咖啡OGAWA COFFEE LABORATORY,部分核验,京都1952年老字号扩张东京：OGAWA COFFEE LABORATORY以实验室概念呈现精品咖啡，多店布局（高轮/麻布台之丘/樱新町）,京都烘焙老字号面临品牌年轻化与跨城扩张，需要在东京表达差异化品牌哲学,以『LABORATORY实验室』概念重构空间（生豆选品+多款烘焙豆），将京都手冲文化移植东京,老字号品牌资产 → 实验室概念空间 → 精品豆选品体验 → 咖啡文化圈层 → 跨城品牌势能,小川珈琲1952年创立于京都；2026-03-28东京高轮旗舰店开幕，麻布台之丘B1、世田谷樱新町有店（品牌社媒/cjscene）,地域老字号可复制『概念实验室』扩张路径，以空间与产品叙事表达品牌哲学,成熟烘焙供应链、精品咖啡客群、空间设计能力,京都咖啡文化积淀不可复制，来源偏社媒级、需补品牌官方一手资料,策略依据,已完成
案例D30,自然造物上海1KA新店,部分核验,『民艺体验馆』零售：自然造物·中国礼物商店入驻EKA·天物，近3000㎡民艺世界，老手艺×现代设计,传统手工艺缺乏现代零售出口，消费者对『可溯源、有故事』的在地礼物需求增长,将中国各地民艺作品系统选品成『礼物商店』，每件作品可溯源，配艺术装置营造体验,民艺选品 → 可溯源叙事 → 体验馆零售 → 在地礼物心智 → 文化消费升级,解放日报：自然造物·中国礼物商店在上海EKA·天物启幕，来自杭州；澎湃：『民艺体验馆』集合天南地北手工艺品（权威媒体）,文创零售可复制『民艺选品+可溯源+体验馆』模式，以文化叙事替代纯商品竞争,全国民艺供应链、策展型零售团队、园区型选址,EKA·天物园区氛围与自然造物资源积累不可复制，高成本策展型零售需客流支撑,策略依据,已完成
案例D31,海口matata咖啡,部分核验,小店社群运营教科书：16㎡起步4年裂变多元业态集群，月营业额从不足10万跃升至30-50万,独立咖啡店同质化严重、客单价低、复购弱，小店难以突破增长天花板,以『咖啡作为生活方式连接器』构建多元业态集群（精酿/理发/摄影），用社群活动（文创贴纸/骑行打卡/音乐演出）激活夜间消费,小店起步 → 社群运营（留言贴纸/骑行/音乐） → 跨业态裂变 → 月营收翻数倍 → 区域生活方式地标,海南日报确认：月营业额从不足10万跃升至30-50万；16㎡起步4年构建精酿/理发/摄影集群；老爸茶元素本土化产品（官方媒体）,社区咖啡可复制『社群运营+跨业态裂变』路径，以活动与情感连接建立高复购,主理人内容与社群能力、低成本社区铺位、本地文化资源,海口旅游流量与地域氛围不可复制，跨业态管理复杂度随规模上升,策略依据,已完成
案例D32,成都麓湖CPI,部分核验,『自然野生花园式』街区：别墅样板间改造，2024年客流180万、营业额6000万、客群转化率近50%,存量售楼样板间闲置，大盘需要可持续的社区商业激活，年轻客群向往松弛型消费场景,万华将住宅样板间改造为独栋商业集群（40个品牌/近3.5万㎡绿化），以『不规整、不装饰』原生氛围让品牌故事成为主角,存量样板间 → 原生花园式场景 → 买手/设计师品牌集群 → 社交传播（宠物友好/松弛感） → 跨城客流与转化,新华社确认：一期2024-03底投运、8000㎡、40品牌、2024年客流180万人次营业额6000万、餐饮20%生活方式80%（官方媒体）,存量空间改造可复制『原生场景+设计师品牌+社交传播』路径，以松弛感差异化对抗标准化盒子,大盘社区底盘、独栋建筑条件、品牌资源网络,麓湖社群运营与设计美学不可复制，样板间改造依赖项目特殊条件,策略依据,已完成
案例D33,清迈商业场景设计,部分核验,清迈场景化商业样板：宁曼路文创街区+One Nimman设计商场（60店含%Arabica泰北首店），室内市集式动线,旅游城市商业同质化，清迈需要承载文艺气质的低密度场景化消费空间,以『设计感+本地文创』构建商业场景：One Nimman一楼室内市集大道、二楼IKEA式环游动线，叠加%Arabica等品牌,旅游客群底盘 → 设计感空间 → 本地文创+精选品牌 → 社交传播 → 目的地商业吸引力,One Nimman约60间店、%Arabica泰北首店2024年末落户；一楼Select购物大道为室内版市集（旅游媒体）,旅游城市可复制『设计商场+文创市集+品牌锚点』组合，以场景力提升停留与复购,旅游客流底盘、设计资源、本地文创供给,清迈文旅生态与生活成本不可复制，场景依赖持续内容更新,策略依据,已完成
案例D34,沈阳红梅190五文创园,部分核验,老味精厂改造文创园：2019年9月开园、13处工业厂房变文创项目，『留修改扩』民企整体运营,铁西老工业区厂房闲置，工业遗产需要轻量化活化路径与文创产业导入,铁西区以『留修改扩』原则引入民企整体运营红梅味精厂旧址，将工业记忆转化为文创空间,工业遗存 → 民企整体运营 → 文创产业导入 → 城市记忆留存 → 区域文化地标,新华社确认：2019年9月红梅文创园正式开园、13处厂房变身文创项目；红梅味精厂历史可追溯至1939年（新华社/archiposition）,老工业城区可复制『工业遗产+文创产业』整体运营模式，以民企运营提升活化效率,成片工业厂房、文创产业招商能力、政府留改政策支持,**案名疑为『红梅文创园』与『1905文创园』混淆（见D43）**；沈阳工业遗产禀赋不可复制,策略依据,已完成
案例D35,哈尔滨戈雅咖啡（老洋房系列）,部分核验,百年俄式老宅咖啡活化：1927年宗哲主义建筑内手冲咖啡，老洋房场景+『野路子』主理人叙事,哈尔滨历史建筑存量丰富但活化不足，老洋房咖啡馆成为城市文化消费入口,以『老房子里的咖啡』为叙事，将1927年建筑的历史感转化为消费场景，主理人故事加持传播,历史建筑 → 咖啡场景活化 → 主理人叙事 → 社交媒体传播 → 城市咖啡文化名片,黑龙江文旅厅确认：戈雅咖啡位于1927年建造的宗哲主义建筑；三联生活周刊：百年俄式老宅『野路子』咖啡（官方+权威媒体）,历史城市可复制『老建筑+咖啡场景+主理人叙事』活化路径，以低门槛业态激活存量建筑,历史建筑存量、旅游客群、主理人运营能力,哈尔滨俄式建筑群禀赋不可复制，老建筑改造受文物保护限制,策略依据,已完成
案例D36,上海三立方咖啡（御园路店）,部分核验,『低价高频』写字楼咖啡模型：黑咖10元/奶咖15元/自带杯5元美式，60%毛利，上海超100店,写字楼白领咖啡高频但价格敏感，连锁品牌标准价与消费力错位,三立方以极简SKU（13款）+低价（自带杯5元美式）+写字楼选址切入，用高频复购摊薄运营成本,低价策略 → 高复购 → 写字楼密集选址 → 毛利60% → 快速复制,CBNData确认：5元美式（自带杯）、首店凌空SOHO 35㎡、开业次日爆单；概念店位于长宁区愚园路1429号（注：案名『御园路』应为『愚园路』）,社区/写字楼咖啡可复制『极简SKU+价格锚点+密集选址』模型，以规模摊薄成本,写字楼客流密度、供应链成本控制、单店模型验证,上海写字楼密度与白领咖啡习惯不可复制，低价模型依赖持续规模扩张,策略依据,已完成
案例D38,成都光合作用咖啡（热植主题）,线索,案名待确认：成都『光合作用咖啡』（热植主题）未能定位，线索状态待补证,线索案：多轮检索仅命中植物学『光合作用』词条与中科院光谱技术平台，成都咖啡市场无对应门店,待确认项目本体后再分析其商业机制,待确认,待确认,待确认,待确认,待确认,待确认,策略依据,已完成
案例D37,槟城China House唐人厝,部分核验,『槟城最长的咖啡馆』：乔治市历史街区复合体，数十种蛋糕+咖啡+书店+画廊一站式体验,乔治市历史街区文旅商业需要承载长停留的复合业态，单业态小店难留住游客,以超长纵深空间（连接多栋店屋）承载咖啡+蛋糕+书店+画廊复合功能，蛋糕展示柜形成视觉记忆点,历史街区 → 超长复合空间 → 多业态串联 → 蛋糕视觉传播 → 长停留高客单,Trip.com/旅行博客确认：数十种蛋糕展示柜、提拉米苏招牌、『槟城最长的咖啡馆』（游客级多来源）,文旅街区可复制『复合长空间』业态组合，以视觉化单品（蛋糕墙）制造打卡传播,历史店屋串联条件、文旅客流、多业态运营能力,乔治市世界遗产街景不可复制，来源偏游客级需补官方资料,策略依据,已完成
案例D39,伦敦Mercato Mayfair,部分核验,一级保护教堂活化市集：2019年起圣马可教堂变身食物文化枢纽，三层摊位+微酿+屋顶露台,伦敦市中心历史教堂活化两难，社区需要可持续的高品质餐饮市集空间,Mercato集团以『可持续社区市场』运营教堂：三层食品摊位+精酿+葡萄酒吧+屋顶露台+活动日程,教堂遗产 → 市集化运营 → 在地小商家聚集 → 文化活动排期 → 社区与游客共聚,Mercato官网确认：2019年起运营、Grade I保护教堂、三层+屋顶露台、7天营业；19个餐厅摊位（品牌官网）,历史建筑活化可复制『市集+文化活动』轻资产运营，以商户生态替代大资本改造,历史建筑授权、市集运营团队、可持续餐饮供应链,伦敦教堂遗产与消费力不可复制，保护建筑改造成本与合规要求高,策略依据,已完成
案例D40,成都白读书屋,部分核验,社区独立书店样本：居民楼一层不显眼小门脸，书架隔断出隐秘阅读角，服务街巷邻里,社区书店盈利难、同质化，需要以空间氛围与选书个性建立差异化,白读书屋以『隐秘阅读角』空间设计+温暖灯光营造沉浸阅读氛围，成为街区文化锚点,社区选址 → 阅读氛围营造 → 独立选书 → 邻里口碑 → 城市书店文化名片,新华社《书肆寻香》专题报道白读书屋；成都独立书店疫情三年不减反增（新华社/澎湃）,社区商业可复制『小而美空间+文化定位』书店模式，以氛围与选书建立不可替代性,社区客群、主理人选书品味、低成本铺位,书店盈利模型脆弱，需叠加咖啡/活动/文创维持经营,策略依据,已完成
案例D41,成都南石灶食材店,线索,案名待确认：成都『南石灶食材店』未能定位，线索状态待补证,线索案：多轮检索仅命中成都美食视频、澳门食品名单、重庆抽检通告等不相关结果,待确认项目本体后再分析其商业机制,待确认,待确认,待确认,待确认,待确认,待确认,策略依据,已完成
案例D42,木墨新造社区,部分核验,家具品牌×手工艺社区：木墨2011年创立、13城19店，杭州『新造』展厅+『双手做工』全国巡展市集,原创家具品牌线下体验不足，手工艺创作者缺乏销售与展示渠道,木墨以家具业务为底盘，开辟『新造』手工艺集合展厅并主办『双手做工』市集全国巡展，构建创作者社区,品牌底盘（家具） → 新造展厅 → 双手做工市集 → 手工艺者社区 → 品牌文化资产,腾讯新闻确认：杭州东信和创园首展厅『新造』、2020年厦门首届双手做工市集100多品牌、13城门店；品牌星球：19家门店（媒体）,品牌可复制『主品牌+创作者社区』生态，以市集/展览承载圈层文化反哺品牌,自有品牌客流底盘、策展运营团队、多城巡展能力,木墨设计美学与供应链不可复制，手工艺集合店（新造）本身盈利能力有限需品牌反哺,策略依据,已完成
案例D43,沈阳1905文创园,部分核验,工业厂房+全年市集+小剧场：原沈重第二金工车间改造，犀牛市集10天160摊位7万+人次,铁西重工业转型后厂房闲置，年轻客群需要文化消费与创意空间,1905以『修旧如旧』保留车间厂房，引入小剧场（看戏度假）+文创店铺+自主市集品牌犀牛市集,工业厂房 → 修旧如旧改造 → 小剧场+文创店 → 犀牛市集常态化 → 年轻人聚集地,人民日报海外版确认：犀牛市集2024国庆10天160摊位、近百场活动、7万+人次；2012年改造开园（权威媒体）,老厂房改造可复制『剧场+文创+自主市集品牌』组合，以市集制造周期性事件流量,工业厂房存量、文创内容运营、市集组织能力,沈重工业记忆与铁西更新政策不可复制，市集热度依赖持续内容创新,策略依据,已完成
案例D44,蓝瓶咖啡（Blue Bottle Coffee）,部分核验,精品咖啡『咖啡中的Apple』：48小时烘焙+历史建筑选址+极简设计，上海10店深圳2店香港4店,中国咖啡市场平价化内卷，精品咖啡需要以品质叙事与空间体验建立溢价,蓝瓶以『48小时烘焙承诺+历史建筑门店（裕通面粉厂宿舍）+极简设计』构建高端精品心智，烘焙工厂就近布局支撑新鲜度,品质承诺（48h烘焙） → 历史建筑选址 → 设计审美 → 社交传播 → 溢价定价（人均60元）,官网确认中国门店布局：上海10店（裕通/张园/静安嘉里等）、深圳2店、香港4店；新华网：2022-02-25内地首店（品牌官网+权威媒体）,精品品牌可复制『品质承诺+选址叙事+设计统一』差异化路径，以稀缺感支撑溢价,供应链管控（48h烘焙物流）、历史建筑选址资源、品牌全球化背书,蓝瓶品牌资产与雀巢资本不可复制，精品咖啡中国市场天花板有限,策略依据,已完成
案例D45,曼谷Dusit Central Park（海外）,部分核验,曼谷城市更新综合体：460亿泰铢、13万㎡、550品牌，空中花园Dusit Arun+Parkside Market小吃街,曼谷核心区老酒店资产需要整体更新，商业需要以生态与美食构建差异化,CPN将都喜天丽酒店重建与购物中心一体化，以泰国最大空中花园+米其林/街头小吃复合餐饮激活TOD商圈,老酒店重建 → TOD商业综合体 → 空中花园生态场景 → 美食矩阵（米其林+小吃） → 全时段客流,泰国观光局确认：2025-09-04开幕、460亿泰铢、CPN第43个购物中心；13万㎡550品牌、直连BTS/MRT（官方+旅游媒体）,核心地段更新可复制『酒店+商业+生态』一体化开发，以空中花园与美食矩阵打造目的地,核心区位资产、TOD交通、大体量资本投入,460亿泰铢量级与曼谷旅游客流不可复制，空中花园维护成本高,策略依据,已完成
案例D46,成都arrow咖啡,线索,案名待确认：成都『arrow咖啡』未能定位，线索状态待补证,线索案：成都精品咖啡榜单与咖啡店地图均无arrow对应信息,待确认项目本体后再分析其商业机制,待确认,待确认,待确认,待确认,待确认,待确认,策略依据,已完成
案例D47,新加坡One Holland Village（海外）,部分核验,荷兰村混合开发：远东机构财团2018年中标，低层零售+延伸街道，社区型商业融入外籍社区,荷兰村历史街区商业升级需求，新开发需与既有外籍社区氛围融合而非割裂,以低层零售+街道延伸保留街区肌理，混合开发（零售/办公/社区空间/住宅/服务式住宅）承载社区功能,社区底盘（外籍聚集） → 低层街区式设计 → 混合业态 → 原住民与游客共融 → 区域价值提升,新加坡国家图书馆确认：2018年远东机构财团中标、2019年推出混合开发、低层零售与街道延伸设计（权威官方来源）,成熟社区更新可复制『低层街区+混合开发』模式，以肌理延续换取社区认同,社区客流底盘、低层规划条件、混合业态运营能力,荷兰村外籍社区氛围不可复制，混合开发资金沉淀周期长,策略依据,已完成
案例D48,广州山下植屋（Down of Mountain）,部分核验,植物系复合小店：山下植屋园林设计公司兼营杂货店，广州『植物+咖啡』复合业态背景,植物/园艺爱好者的小众消费需求，设计能力与零售场景需结合,以园林设计能力为内核、杂货店为消费触达，构建『植物生活方式』品牌（有待补证）,设计专业能力 → 植物生活方式 → 杂货店零售 → 社区圈层 → 品牌延伸,BOSS直聘企业页确认广州山下植屋园林设计有限公司存在、兼营杂货店；广州『植物+咖啡』复合花店业态兴起（新华社背景报道）,主理人店可复制『专业能力+零售场景』复合模式，以技能壁垒建立差异化,植物/设计专业能力、社区客群、低成本铺位,来源较弱（企业招聘页+背景报道），『Down of Mountain』对应关系与门店细节待补,策略依据,已完成
案例D49,成都LOBANG炉坂面包,部分核验,获奖烘焙空间：炉坂获2025瑞士BLT建筑设计荣誉提名，面包+艺术家展览+森林感场景复合,社区烘焙店同质化竞争，需要以空间设计力构建差异化体验,以获奖级空间设计（森林感窗景）承载面包主业+艺术家展览，让『坐下即场景』成为传播点,设计力 → 空间场景 → 面包品质 → 展览内容 → 社交传播（误入小森林）,Instagram确认炉坂空间获2025瑞士BLT建筑设计荣誉提名奖、含艺术家展览区（品牌社媒，来源较弱）,社区烘焙可复制『空间设计+内容复合』差异化，以审美力对抗同质化,设计资源、烘焙出品能力、内容策展意愿,来源为社媒级需补官方资料；设计奖项为荣誉提名，实际经营数据待补,策略依据,已完成
案例D50,新加坡KADA（海外）,线索,案名待确认：新加坡『KADA』未能定位，线索状态待补证,线索案：新加坡咖啡市场品牌梳理无KADA对应，可能为小众品牌或案名笔误,待确认项目本体后再分析其商业机制,待确认,待确认,待确认,待确认,待确认,待确认,策略依据,已完成
案例D51,阿那亚金山岭,部分核验,山谷型社区的食堂文化延续：阿那亚金山岭以2家社区食堂承接『温暖餐桌』体系，配套山谷音乐厅等文化设施，把食堂文化从海畔复制到山谷,异地社区的食堂体系如何延续：食堂文化能否成为阿那亚模式复制到金山岭的抓手,在金山岭社区配置2家食堂并延续业主机制，搭配山谷音乐厅、上院等文化空间,山谷社区→业主食堂→文化设施→社群黏性→多盘复制,阿那亚官网确认金山岭2家食堂与食堂体系分布,食堂+文化设施的组合是社区产品线的可复制模块,社区有业主基数与运营资源,异地复制需适配山地/度假型客群节奏,异地社区食堂复制参考,已完成
案例D52,北京牛街法源寺旁JM咖啡,部分核验,寺院旁的小体量社区咖啡店：JM咖啡（牛街店）扎根法源寺后街，以咖啡+清真热狗组合服务周边社区与游客，2020年前后激活南城咖啡洼地,南城老城区的咖啡空白：社区商业如何用最小体量切入高流量文旅/宗教文化区位,选址法源寺后街15号，借力寺院与牛街文旅流量；以清真热狗等差异化产品贴合回民社区饮食文化,宗教文化地标流量→社区小店承接→差异化清真产品→本地+游客双客群,北京旅游网确认该片区咖啡馆2020年开业起填补南城咖啡洼地，Trip.com/Apple Maps点评持续,选择有稳定文化流量的老城区位，用社区化产品组合做差异化,区域有文化地标（寺院/老街）且无竞品咖啡,小体量、低租金空间、产品需贴合在地饮食文化,不可照搬高端精品咖啡模式；宗教场所周边经营需符合文化规范,社区商业选址与在地化产品策略依据,已完成
案例D53,武汉嘉佰汇,部分核验,高净值住宅区的『MALL+BLOCK』艺术商业：武汉嘉佰汇以6000㎡示范区切入二七滨江，首创POD+TOD+COD模式，超半数华中首店+VERA WANG高定亚洲首秀,顶级住宅片区缺高端商业配套：如何用艺术策展思维做高净值客群的『生活方式理想家』,以MALL+BLOCK打破传统边界，公园+轨交+文化三理念叠加；引入米其林联盟、高端健康业态与艺术展陈，策划策展式游逛动线,高端住宅交付→高净值客群聚集→艺术策展+首店矩阵→宴飨美学地标→住宅资产增值反哺,湖北日报确认2025-08-15正式开业，华中首个艺术生活策源地；超半数华中首店,服务高净值住宅的社区商业可走『艺术策展+首店矩阵』路线,住宅价值高、客群消费力强、开发方可长期投入,高成本策展式运营需稳定资金；首店资源稀缺,住宅联动型社区商业的策展化打法,已完成
案例D54,上海大地茶场（淮海路店）,部分核验,发酵茶饮的新式茶空间：tazaTe大地茶场发酵厨房落地HAI550八楼，把茶做出香槟感，主打年轻化的发酵茶饮体验,传统茶馆老化、年轻人不喝茶：如何用新工艺与场景让纯茶年轻化,以『发酵』为技术差异化卖点，打造茶饮+空间的新茶饮形态；临街快闪/站立茶馆业态降低门槛,发酵工艺创新→香槟式体验→淮海路商圈年轻客群→新茶饮赛道破圈,Trip.com确认门店位于淮海中路550号HAI550-8楼；食品行业媒体证实站立茶馆单店日销600杯,用工艺创新+场景重构做纯茶年轻化,有核心工艺/原料差异点，选址于高流量商圈,发酵茶饮工艺门槛；非标小门店形态不适合大面积复制,传统品类年轻化改造的可借鉴路径,已完成
案例D55,成都保利时光里,部分核验,40%绿地率留白的『商业即花园』：成都保利时光里以退台、连廊、屋顶花园把自然嵌入商业，聚焦首店经济与主理人品牌，成为城市生态空间,高密度城区商业同质化：如何用绿意与留白创造差异化公共生活,约40%绿地率+退台连廊空中花园，把公园体验前置；引入西南首店与原创主理人品牌，犬岛公园宠物友好,城市绿洲空间→无界生态→首店+主理人品牌→夜间市集与艺术展演→慢生活公共空间,人民网/保利集团确认项目定位与空间手法；草坪夜集、艺术展示持续运营,商业空间设计以生态+留白创造公共性，可参考其主理人品牌组织,地块有绿地条件、开发商愿意牺牲可租面积,高绿地率意味着可租面积下降，需测算坪效平衡,不可只抄『花园』不运营内容；留白必须配活动,绿色非标商业空间打造参考,已完成
案例D56,成都门德里咖啡（regular源野店）,部分核验,标本美学咖啡馆：MONDOLI（门德里）以暗黑木饰、动物标本、中古古董营造『隐秘探险家巢穴』氛围，黄油dirty为招牌，源野店为其二店,精品咖啡同质化：如何用空间美学与仪式感形成强记忆点,以标本博物馆式空间营造沉浸氛围，白天咖啡夜晚鸡尾酒双时段运营，黄油dirty形成产品招牌,氛围美学→社交传播→黄油dirty产品锚→多店复制（天仙桥一店+源野二店）,大众点评确认源野店地址（天府二街777号REGULAR源野西花园负一层）与开业时间；Instagram持续探店,用强风格空间+招牌单品构建品牌识别,主理人有美学审美力与内容能力,标本/古董等强风格物料成本高，需持续维护,强风格不可脱离产品品质，避免『只打卡不回头』,美学型非标咖啡的空间打法,已完成
案例D57,阿那亚第八食堂,部分核验,业主食堂体系的规模化运营：阿那亚秦皇岛已有9家社区食堂，金山岭/三亚各2家、雾灵山/九龙湖各1家，以业主专享区构建身份区隔,社区商业如何与业主身份绑定：食堂不只是餐厅，更是业主身份与社区凝聚力的载体,多食堂差异化经营+业主专享就餐区/结账通道，把食堂变成实景销售中心与生活方式展示,食堂体系→业主身份区隔→访客向往→置业转化→社区内容反哺,阿那亚官网确认9家食堂体系与分布；有方/知家拆解业主专享机制,用基础设施制造身份区隔，可强化社区认同,社区有足够业主基数、运营方可长期投入,食堂运营成本高，需社区大盘规模摊薄,不可照搬食堂数量；业主特权需有度避免反噬访客体验,社区食堂体系与业主身份运营,已完成
案例D58,佛山保利水城时光汇,部分核验,16年老牌商业的『水文化』焕新：佛山保利水城以公园+演艺+商贸+文化重构，四季主题街区+水上南狮非遗IP+佛山首店矩阵，转型水岸文旅微度假地,老牌购物中心老化：存量改造如何既保留在地记忆又吸引年轻客群,以『水』为改造关键字，西广场打造四季主题街区，打造3米高非遗纸雕水上南狮，引入水上高杆醒狮、夜光舞龙等汇演，全天候可打卡,老地标焕新→非遗文化IP→水上汇演夜经济→佛山首店矩阵→微度假目的地,佛山日报确认2025-07焕新亮相、首店与非遗汇演落地；保利官网确认16年历史与2009年开业,存量商业改造可借在地非遗IP+演艺经济翻新,有滨水资源与非遗文化富集,演艺运营成本高、需持续排期,不可只有IP没有业态更新；非遗要活化为常态体验,存量商业非遗活化改造案例,已完成
案例D59,墨尔本Chadstone（海外）,部分核验,南半球最大购物中心的长周期迭代：Chadstone自1958年起步，多次扩建重夺『南半球最大』头衔，4层500+店铺+玻璃穹顶+乐高探索中心,超大体量购物中心如何穿越周期保持领先：从起点迭代为时尚之都,多次大规模扩建升级，玻璃穹顶采光设计+乐高探索中心亲子业态+免费接驳车引流,规模扩张→品类齐全→亲子娱乐锚点→免费接驳降低到达成本→持续流量,维基百科确认澳大利亚最大/南半球最大地位与1958年起源、2002年被超越后重夺,大体量MALL需要持续资本再投入与差异化娱乐锚点,有持续扩建的土地与资本条件,扩建周期长、投资大，需稳定客流支撑,不可复制其规模，可借鉴其穹顶采光与亲子锚点逻辑,超大型MALL迭代运营参考,已完成
案例D60,武汉光谷KIC PARK,部分核验,武汉首个『0距离公园商业』：KIC PARK由瑞安+中信泰富打造，露营草坪、儿童乐园、宠物乐园、樱花小径、市集街构成知识社区商业公园,高知产业新城的商业空白：公园型商业如何承接科创白领的松弛消费需求,以1.3万㎡绿地公园为核+5万㎡街区商业，0距离公园商业形态，露营/宠物/市集构建强体验场景,产业新城人口聚集→公园商业场景→科创白领微度假→知识社区生态,武汉市商务局/新天地官网确认2025-09开业、瑞安+中信泰富开发、体量与场景规划,产业新城配套商业可走公园+体验场景路线,有绿地资源、周边高知高收入人群充足,公园商业培育期长、运营成本高,不可照搬普通MALL招商；公园属性需与商业深度共生,公园型产业社区商业案例,已完成
案例D61,广西北海阿萨卡,部分核验,国内首个Web3.0红人产业园区：北海阿萨卡以数字游民社区形态，集美术馆、影院、书店、网红学院、工作室与酒店于一体,滨海城市如何吸引内容创作者：让创作者边度假边创作的园区模式,以数字游民社区+网红产业园区定位，配套美术馆/巨幕影院/网红学院/工作室+银滩度假酒店，构建创作者生态,滨海度假资源→创作者园区→内容产出→全网传播→旅游+招商双变现,广西新闻网/天目新闻确认数字游民社区与Web3.0红人园区定位,内容创作者经济园区可作为城市文旅新抓手,有独特文旅资源与政策支持,产业生态培育周期长、内容产业波动大,不可只做物理园区，需有真实创作者生态与变现闭环,内容创作者产业园参考,已完成
案例D62,成都COSMO血脉计划,部分核验,商务部推广的旧改潮流商业样本：成都COSMO以前身5万㎡财富中心改造为『青年磁场』，以运营策展人身份构建内容即招商的开放生态,传统零售综合体老化：如何转型为青年文化引力场,以『运营策展人』身份参与品牌内容，提供寄售/联名/品牌共建/自营买手/快闪轮展灵活机制；聚焦说唱、滑板、复古等青年社群持续活动,旧商场改造→青年磁场定位→主理人共创→内容即招商→社群自传播,商务部《零售业创新提升案例集》收录（中国商网/CCFA）；空间印象确认品牌组合,旧商业改造可走主理人共创+内容运营路线,有青年文化运营团队、愿让渡经营自主权,内容运营重人力、回报周期长,不可只做空间改造不做内容运营,主理人共创型旧改商业,已完成
案例D63,华润置地润比邻社群,部分核验,地产开发商的社群引擎：华润『润比邻』已孵化超2300个兴趣社群、汇聚2900余位业主主理人，从线下延伸至云端数字化运营,住宅交付后的社区黏性：开发商如何用社群运营提升品牌与复购,以兴趣社群+业主主理人机制激活社区，从售楼阶段前置运营；小润+平台实现社群数字化、润邻/润友双层会员权益互通,售楼期前置社群→业主主理人自发组织→云平台数字化→跨业态权益绑定→社区品牌资产沉淀,新京报确认2300+社群/2900+主理人规模；新浪财经确认小润+平台焕新,开发商的社群运营可成为品牌护城河,有跨业态资源（商业/物业/文体）支撑权益体系,社群运营需长期投入与专职团队,不可用销售思维做社群；权益设计需真实让利,开发商社群运营体系参考,已完成
案例D64,深圳山池咖啡,部分核验,社区型咖啡品牌的山系生活方式：山池咖啡2021年深圳创立、全国10家店，门店越开越开放，主张让文化与自然成为新日常,连锁咖啡同质化：社区品牌如何用生活方式主张建立区隔,以『山野』生活方式为品牌内核，门店设计越来越开放式、打通室内外；主理人Venco同时运营农畉餐厅形成品牌矩阵,山系生活方式主张→开放门店体验→社区社交场景→品牌矩阵协同,TOPYS/Trip.com/香港好去处确认品牌理念、规模与主理人背景,社区咖啡品牌可用生活方式主张做差异化,主理人有内容表达能力与持续产品打磨,生活方式品牌扩张需警惕稀释,社区咖啡的开放式空间与品牌内容参考,已完成
案例D65,武汉滨江天街,部分核验,龙湖P1+旗舰天街的公园商业化：武汉滨江天街以1.3万㎡旷野公园+樱花大道+270°江景打造滨水品质生活地标，3条地铁上盖,滨江商务区的商业竞争：天街如何用公园商业差异化突围,以P1+最高标准+武汉唯一三线TOD枢纽，内置旷野公园与水环大草坪，浴霞之境270°江景餐饮区+栖光庭院夜经济区,TOD枢纽流量→公园式空间→江景餐饮体验→夜经济延长时段→区域商业升级,龙湖官网确认2025-09-26开业与17万方体量；湖北日报确认武汉四座天街在手六座、年客流3000万,公园商业+TOD是滨江区域商业的差异化路径,有滨江景观资源、TOD枢纽条件,大体量重资产投入，回报周期长,不可只堆公园概念，需景观与业态深度融合,滨江TOD公园商业案例,已完成
案例D66,北京永定合集,部分核验,首钢园工业遗存活化样本：永定合集依托工业遗存打造沉浸式体验场景，植入首店经济与潮流业态，成为北京网红打卡地,工业遗存如何转化为可持续商业空间：空间活化+内容赋能+流量运营,以工业遗存为场景基底，植入首店经济与潮流业态，通过特色空间与长效运营保持热度,工业遗存空间→沉浸式场景→首店潮流业态→网红打卡流量→长效运营,中国网城市更新研讨会确认永定合集为标杆项目与三合一模式,工业遗存改造的关键在内容与运营而非空间本身,有工业遗存资源与内容运营团队,遗存改造投入大、需文化保护合规,不可只做网红场景无运营闭环,工业遗存商业活化参考,已完成
案例D67,上海新天地社区品牌,部分核验,从商业项目到社区品牌：瑞安2025年9月把新天地升维为社区品牌，六大『天地』统一更名，东台里8.8万㎡+6500㎡全景天幕承接落地,单一项目品牌如何升维：在行业下行期以社区品牌整合多城市资产,以『园丁式』长期运营逻辑替代短期改造，把新天地从项目品牌升维为社区品牌；东台里以百年东台路串联文化场景+复合业态,品牌升维→多城资产统一→文化场景串联→长期运营沉淀→穿越周期,上观新闻/瑞安官网确认品牌升维与东台里开业；KIC Park同期启幕,品牌升维与长期运营可沉淀社区资产价值,有多城成熟项目基础与长期资本耐心,品牌整合需统一运营标准与文化表达,不可只改名字不改运营；社区品牌需内容支撑,商业品牌升维社区品牌的战略参考,已完成
案例D68,曼谷Friend Friend（海外）,部分核验,旧停车场改造的社区复合空间：曼谷Friend Friend藏身Emporium三楼，把咖啡、选物、植物系生活美学与慢步调社区揉在一起,购物中心顶层冷区活化：如何用社区感复合业态激活高楼层,把废弃停车场改造为开放社区空间，咖啡+选物+植物美学组合，快闪咖啡Sauce Coffee轮换保持新鲜感,旧停车场→社区感空间→复合业态→快闪轮换→持续内容吸引力,Trip.com/探店视频确认Emporium三楼位置与旧停车场改造形态,MALL顶层/冷区可用社区复合空间+快闪激活,有改造空间与内容运营能力,顶层人流差，需强内容引流,不可只做单一业态；社区感需真实运营,MALL冷区活化与快闪轮换策略,已完成
案例D69,曼谷PINO VI（海外）,线索,案名待确认：曼谷『PINO VI』未能定位，线索状态待补证,线索案：多轮检索仅命中考科（Khao Kho）的Pino Latte度假村咖啡馆（非曼谷），曼谷PINO VI无对应门店信息,待确认项目本体后再分析其商业机制,待确认,待确认,待确认,待确认,待确认,待确认,策略依据,已完成
案例D70,郑州嵩南印象城,部分核验,郑州城发×印力的公园式双首层商业：嵩南印象城以地势高差打造『双首层』，地上三层+地下一层约150+品牌，重构城南生活边界,区域商业补空白：公园式商业如何在二七区建立社区生活中心,利用地势高差设计双首层增加可达性，公园式定位+社区生活业态组合（鲜风生活超市/至潮影城等）,城发+印力联合运营→双首层设计→社区生活业态→城南生活边界重构,搜狐确认2025-08-28开业；赢商网确认双首层概念与150+品牌规划,政府平台+商管公司联合是区域商业的可行模式,有地势条件与政府资源支持,双首层设计施工复杂、成本较高,社区商业需贴近生活刚需，避免过度高端化,城投+商管区域商业合作模式,已完成
案例D71,深圳坂田天安云谷,部分核验,产城社区的商业闭环：天安云谷289万㎡智慧产城社区以云谷星耀10万㎡商业+200品牌服务科创人群，配套展馆/剧场/运动空间,产业园的职住平衡：产城社区如何用商业与艺文配套留住人才,以云谷星耀潮玩街区（一二期10万㎡、200+品牌）构建艺文慢生活圈，配套科技艺术展览馆、星耀剧场、多元运动空间,科创产业集聚→智慧园区→商业+艺文配套→人才社区黏性→产业反哺,天安云谷官网确认商业体量与品牌数；百度百科确认云谷星耀2021年发布,产城社区需以商业与艺文配套实现职住平衡,园区有产业规模与长期运营能力,商业配套培育期长，需产业现金流支撑,不可把园区商业当住宅MALL招商,产城社区商业配套体系参考,已完成
案例D72,沈阳入口天物面包店,部分核验,日销20万的现象级烘焙店：入口天物以全开放式门店+机械翻页时钟+透明后厨+弧形环岛动线，9个月开出6城，成为东北烘焙出圈样本,烘焙同质化内卷：新品牌如何用体验设计与产品力快速出圈,全开放式门店+动态翻页时钟标注出炉时间+透明后厨+产品说明书，把买面包变成逛艺术展；圆形环岛承担陈列/打包/结账,高颜值门头→好奇心驱动→透明生产信任→口碑传播→跨城复制,21经济网/红餐网确认单店日销20万、人均45元、SKU 60-70、6城布局,烘焙/餐饮可把生产过程与时间管理变成体验资产,产品力+空间设计双强、供应链可复制,高投入门店与人力成本，扩张需供应链支撑,不可只做门头噱头，产品品质是根基,烘焙体验店设计参考,已完成
案例D73,贵阳万象城,部分核验,华润16万方城市引擎：贵阳万象城落子主城南明，集8大价值于一体的综合体，与2021年开业的贵阳万象汇形成双核布局,区域商业能级提升：华润如何在贵阳以双项目布局确立统治地位,万象城（16万方）定位城市中轴高端，万象汇（2021年开业）先占市场验证，双核互补覆盖不同客群,万象汇先发验证→万象城高端补位→双核商圈效应→贵州商业地标,乐居财经确认万象城16万方/南明区位与万象汇2023年销售20亿、连续2年TOP1,进入新城市可用『先轻后重』双项目策略,开发商资金实力与招商资源充足,双项目需差异化定位避免内耗,区域级综合体开业节奏参考,已完成
案例D74,吉隆坡百年老屋群（海外）,部分核验,老屋活化的破旧美学：吉隆坡以磁场街附近维多利亚风三层老建筑为代表，修旧如旧改造为复合商业空间，形成大马破旧美学代表作,历史老屋的商业化活化：如何在保留建筑记忆的同时注入新业态,修旧如旧保留建筑原貌，维多利亚风立面+内部复合业态，形成『破旧美学』差异化风格,老建筑记忆→修旧如旧→破旧美学→社交传播→老街区复兴,马来西亚HERE视频确认吉隆坡老屋活化案例与破旧美学表述,老屋改造可走修旧如旧+破旧美学的差异化路线,有历史建筑资源与保护合规条件,老建筑改造工程复杂、成本高,不可破坏历史结构；安全合规优先,海外老屋活化参考,已完成
案例D75,上海IP痛城经济,部分核验,整栋楼的二次元经济：百联ZX创趣场以『中国秋叶原』姿态成上海二次元圣地，静安大悦城2024年落地56场IP快闪，谷子经济已成商圈引擎,Z世代新消费：谷子/痛包/IP快闪如何撑起实体商业新业态,整栋楼二次元业态+官方旗舰店（KOTOBUKIYA/Aniplex）+自发换谷活动+快闪轮换，构建二次元聚集生态,IP内容→谷子零售→痛包社群→快闪活动→商圈人气反哺,人民日报中国经济周刊/劳动报确认百联ZX与静安大悦城快闪数据,二次元垂直业态可做小体量高坪效商圈引擎,有IP资源与二次元运营经验,IP授权成本高、内容生命周期短,不可只卖谷子，需活动与社群支撑,二次元商圈运营参考,已完成
案例D76,曼谷WWA CafeX Chooseless（海外）,部分核验,时尚品牌×选物店的咖啡复合空间：WWA与Chooseless联手的独立建筑小楼，把选物与咖啡融合，藏在Ekkamai巷弄,品牌跨界复合业态：时尚选物品牌如何用咖啡空间延伸体验与到店,时尚品牌WWA+选物店Chooseless联手，独立建筑打造咖啡+选物复合空间，营造隐藏版风格场域,品牌联名→空间复合→选物+咖啡双业态→巷弄发现感→社交传播,探店blog确认Ekkamai独立建筑与双品牌背景；Instagram官方账号运营多店,品牌跨界复合空间可强化调性并延长到店时长,品牌有强风格基因与选品能力,复合业态运营复杂、需内容持续更新,不可为了跨界而跨界，需业态协同,品牌跨界咖啡空间参考,已完成
案例D77,京都百年老屋群（海外）,部分核验,百年町屋改造咖啡业态的规模化：京都市itowa企划『活用空屋×打造城市』，GOOD TIME COFFEE、Omo Café、LE LABO Café等一批百年老屋改造门店，新旧交融成为城市名片,历史建筑活化：百年町屋如何既保留建筑记忆又承载新商业,以『活用空屋』政策引导+品牌主动改造，保留町屋庭院与木构，注入时尚装潢与复合业态,空屋政策→百年町屋改造→新业态注入→新旧交融美学→京都文旅名片,NAVITIME确认itowa企划与GOOD TIME COFFEE/Omo Café；travelerluxe确认LE LABO Café 2024年开业,老屋改造可借力政府闲置资产政策形成规模化,有政策支持与历史建筑资源,町屋改造工程复杂、成本高，需合规审批,不可只改外壳，需新旧业态融合运营,海外历史街区老屋活化政策+案例,已完成
案例D78,成都清源社区,部分核验,社区社会企业的基层治理样板：清源社区以『社区社会企业』机制构建可持续生态系统，服务4.7万居民，成为全国社区营造研习对象,社区治理的商业化：如何用社会企业机制让社区服务可持续造血,以党建为轴心+社区社会企业运营，把居民服务需求转化为可持续商业模式,党建外溢→社区社会企业→服务造血→居民黏性→可持续生态,共产党员网确认社区规模与党建模式；goodlab确认社会企业机制,社区商业/服务可借社会企业机制实现自我造血,有治理主体（社区党委）与运营团队,社会企业模式对收益分配与公益平衡要求高,不可把社区服务纯商业化，公益属性需保留,社区社会企业运营机制参考,已完成
案例D79,成都玉林芳华街,部分核验,老街区自发生长的CITYWALK样本：芳华街以各式小店+白夜·花神诗空间串联，从市井老街变年轻人citywalk新趋向,老街活力再造：如何以小微店铺密度激发街区行走经济,保留市井烟火气+小店自发聚集+文化空间（白夜·花神诗空间）点缀，形成差异化步行体验,老街基底→小店密度→文化空间锚点→CITYWALK趋势→街区品牌,央广网确认芳华街成为CITYWALK新趋向；Travelog确认小店业态构成,老街区可借自然生长的小店密度+文化空间形成漫步经济,有历史街区肌理与足够小店供给,自发生长难以规划，需避免过度商业挤压居住,不可大拆大建，需保护原住民生活,老街区漫步经济培育参考,已完成
案例D81,上海六六梧桐园林里会,部分核验,百年洋房的社区运营样本：66梧桐院（乌鲁木齐南路66号，邬达克设计）变身天平街道党群服务中心，月活动140多项、合伙人机制运营,历史建筑公共化：百年洋房如何转化为高频使用的社区公共空间,政府主导+社区合伙人机制，把历史建筑改造为党群服务+文化活动复合空间，月均140+场活动,历史建筑活化→公共空间→社区活动高频运营→邻里关系重构,人民网确认66梧桐院运营模式与活动密度；上观新闻确认建筑1932年建成,历史建筑可转型高频社区公共空间而非单一商业,有政府资源与持续运营投入,党群服务+商业平衡、非商业化空间收益有限,不可只做打卡点，需真实社区服务密度,历史建筑社区公共化运营,已完成
案例D82,REX KL(海外),部分核验,废弃影院的文化枢纽重生：REXKL把吉隆坡旧REX影院（1947年前创立、两次火灾）激活为6万平方英尺艺术文化社区枢纽,城市废墟活化：废弃老影院如何重生为社区文化枢纽,创意创业者激活+文化议程注入，把废弃影院改造为活动/展览/演出/书店/零售/F&B复合空间,影院废墟→创意团队激活→文化议程→社区聚集→地标重生,官网确认历史沿革与激活过程；ArchDaily确认建筑设计,废弃影院/剧场可转型文化社区枢纽,有历史建筑+运营团队文化策划能力,废墟改造投入大、培育期长,不可只做租赁空间，需文化内容持续注入,废弃影院活化参考,已完成
案例D83,瑞虹天地月亮湾(微软生长花鸟集),部分核验,商场里的花鸟市：蔚冉生长花鸟市在瑞虹天地月亮湾开出『月亮湾花市』，联动书店植物图书角+杂志自然墙，花鸟市回归中心城区,花鸟市场回归城市中心：传统业态如何以文化IP形式在商场复兴,以原创内容IP（蔚冉生长花鸟市）组织花市，联动书店/杂志/花植工作室，把花鸟市做成可持续节日与内容场,瑞安内容IP→花市场景→中心城区回归→节庆+日常双频运营,解放日报/人民网确认月亮湾花市与BLOOMMANOR入驻；瑞安新天地确认原创属性,传统市集可被包装为文化IP进入商场,有内容策划团队与商业空间支持,花市业态租金贡献有限，需内容价值补偿,不可只有摊贩，需文化内容与场景设计,市集IP化进商场参考,已完成
案例D84,The Campus Ampang(海外),部分核验,旧校园的适应性再利用：The Campus Ampang把1976年ISKL校园走廊改造成露天创意枢纽，聚集马来西亚本土餐饮/设计/创意品牌,校园遗产活化：老校区如何变身城市创意与美食中心,保留校园建筑肌理、把走廊改为开放式空间，引入本土品牌形成Ampang创意美食聚集地,旧校园→空间改造→本土品牌聚集→创意文化中心→城市目的地,Visit Malaysia官方确认1976年ISKL历史与改造模式,校园/园区遗产可做开放式创意聚合,有校园建筑资源与品牌招商能力,历史校园改造需结构与安全升级,不可做封闭商业，需保持开放社区感,旧校园活化参考,已完成
案例D85,CPI coco ma,部分核验,别墅样板间的野生花园商业：麓湖CPI把二十余栋别墅样板间改造为『自然野生花园式』街区，近40独栋约70品牌，人均零售消费超2000元,闲置物业活化：别墅样板间集合岛如何变身高转化率游逛街区,以『自然野生花园』为场景、轻零售设置，独栋商业依地势散落，二期Koko Market强化微度假感,样板间闲置→野生花园场景→独栋品牌→本地高转化客群→微度假目的地,新华社确认CPI数据（70品牌、人均超2000元、国庆日均1.5万人）；ArchDaily确认样板间改造,闲置别墅/样板间可改造为高坪效游逛商业,有独特景观资源（岛屿/水岸）与品牌运营能力,改造与养护成本高，需长期运营,不可只做景观不做业态；与B016-D32同项目需去重引用,闲置物业→野生花园商业改造,已完成
案例D86,上心桥公园,部分核验,公园里的运动客厅：成都上新桥公园『绿里GREENMILE』以社交为核心，引入HYROX健身跑成都首店+轻食咖啡+运动循环商店+书店,公园闲置空间活化：公园里如何生长非标运动社交商业,以运动社交为内核做非标商业，引入赛事IP（HYROX）成都首店+运动零售/轻食/书店复合业态，户外办落日音乐会,公园空间→运动社交定位→赛事IP首店→复合业态→情绪价值消费,四川在线确认绿里GREENMILE试营业与业态构成,公园可承载非标运动社交商业,有公园空间资源与赛事/运动品牌资源,公园商业受开放时间与市政约束,不可破坏公园公共性，需与公园管理协同,公园非标运动商业参考,已完成
案例D87,安踏0碳使命店,部分核验,中国鞋服行业首家认证碳中和店：ANTAZERO安踏0碳使命店（武康路98号、450㎡）以『再造』手法把废料变装置，融合零售+展陈+社区服务,品牌ESG零售化：碳中和如何从后台战略变成可感知的门店体验,把0碳目标产品化：碳中和认证+再造装置+产品再造工坊+可持续书籍，构建可持续零售体验空间,双碳战略→0碳门店→再造美学→消费者参与→可持续生活方式引领,ELLE确认2024-04-22开业与认证/体量；上观新闻确认武康路街区『元老』地位,可持续零售可以门店为载体做品牌叙事,有ESG投入意愿与可持续设计资源,0碳运营成本高，需品牌长期投入,不可只做概念，需可验证的减碳机制,品牌ESG体验店参考,已完成
案例D88,上海新天地(及太平洋新天地),部分核验,从石库门到世界级都心区：上海新天地以2001年开创开放式街区，2025年太平洋新天地全面启用（39万㎡，T1大厦250米），完成板块跃升,老牌街区如何持续迭代：新天地如何从石库门商业升级为世界级复合功能都心区,以『开发性保护』活化石库门，商办联动（太平洋新天地三栋办公楼+8万㎡商业）扩展都心能级,石库门活化→街区商业标杆→商办联动扩容→世界级都心区,劳动报/瑞安官网确认太平洋新天地启用与体量；赢商网确认新天地年营业额超20亿,成熟街区可借商办联动实现二次跃升,有持续资本投入与片区运营能力,大体量扩容周期长、回报周期长,不可把文化街区做成纯商务区,街区商业迭代扩容参考,已完成
案例D90,and department soul(海外),线索,案名待确认：『and department soul』未能定位对应门店,线索案：检索命中的首尔买手店（江南Add等）均无对应名称，案名疑拼写有误或为极小众门店,待确认项目本体后再分析其商业机制,待确认,待确认,待确认,待确认,待确认,待确认,策略依据,已完成
案例D91,上升新锁,部分核验,万科709天打造的城市更新样本：上生·新所以1924年哥伦比亚乡村俱乐部+孙科别墅等历史建筑为核心，成为上海非标商业与社区生活圈标杆,历史园区活化：封闭单位大院如何转型为开放生活方式街区,以历史建筑+工业遗存+当代建筑混合，商业密度低、空间松弛，品牌调性互补，联动社区生活圈,历史园区→万科更新→松弛商业氛围→生活方式品牌聚集→社区生活圈地标,赢商网/FAM确认709天改造与2018年开放、运营逻辑,历史园区可走低密度+调性品牌路线,有历史建筑资源与长期运营投入,非标招商难、需孵化品牌,不可只做网红打卡，需持续内容运营,城市更新历史园区活化,已完成
案例D92,living room(药厂新品牌),线索,案名待确认：『living room（药厂新品牌）』未能定位对应消费品牌,线索案：命中的The Living Room by Octave为音昱（Octave）在上海历史建筑（前药厂地块）改造的2000㎡学习健康中心，非药厂新消费品牌；『药厂新品牌』归属待确认,待确认项目本体后再分析其商业机制,待确认,待确认,待确认,待确认,待确认,待确认,策略依据,已完成
案例D93,六运小区,部分核验,住改商的开放式社区商业范本：天河六运小区600余家小店『楼上住家、楼下开店』，2025年成立主理人联盟探索软性更新与长效治理,老小区商业自组织：住改商街区如何从网红打卡走向长效治理,以主理人联盟+共建共治共享机制，把自发小店经济升级为有序后街经济，办主理人花园沙龙/街区嘉年华,住改商→小店密度→网红打卡→主理人联盟→长效治理示范街区,广州日报确认主理人联盟成立与600+店铺；南都确认住改商历史,社区商业可用主理人联盟实现自组织治理,有街区治理主体（街道/商会）与主理人密度,住改商政策风险与居住矛盾需平衡,不可只蹭网红热度，需治理机制落地,住改商街区治理参考,已完成
案例D94,Tagi(塔皮),部分核验,线上品牌线下化样本：Tagi.以『mini塔皮屋』（乌鲁木齐中路）把线上生活方式品牌落地为毗邻院落的居家空间，连接自然与社区,电商品牌如何开实体店：线上生活方式品牌如何用空间表达品牌,以柯布西耶海边小屋为灵感做空间叙事，还原家庭储物状态，打造开放、去边界、连接自然与社区的门店,线上品牌积累→空间叙事→塔皮屋门店→社区连接→品牌心智深化,赢商网/SocialBeta确认塔皮屋开业与空间理念,线上品牌线下化可用强空间叙事建立体验,品牌有明确美学基因与线上流量基础,线下门店成本高，需线上导流支撑,不可只做网红空间，需产品与线上联动,线上品牌线下空间化参考,已完成
案例D95,三亚东岸鹭洲,线索,案名待确认：『三亚东岸鹭洲』为万华（成都麓湖开发商）三亚住宅楼盘，社区型商业配套信息待补,线索案：检索仅命中三亚万华东岸鹭洲住宅售楼信息，其社区商业/社区营造内容无公开媒体资料,待确认项目本体后再分析其商业机制,待确认,待确认,待确认,待确认,待确认,待确认,策略依据,已完成
案例D96,serendipity blend,部分核验,在地味型咖啡特调：成都罚站咖啡Serendipity Blend推出米汤、紫苏汤、椒麻汤等四川口味特调，把地方味觉融入咖啡,咖啡本地化：如何把在地食材与味型变成咖啡品牌的差异化记忆点,以四川味型（米汤/紫苏/椒麻）做特调研发，形成强地域辨识度的产品线,在地味型→特调研发→地域记忆点→探店传播→品牌差异化,成都探店（Instagram）确认Serendipity Blend特调系列,咖啡/餐饮可借在地味型做产品差异化,有产品研发能力与在地食材资源,在地特调小众化，需平衡大众接受度,不可只做噱头，风味品质是根基,在地化特调产品参考,已完成
案例D97,纽约布鲁克林DUMBO(海外),部分核验,滨水工业区的艺术活化：DUMBO以艺术家聚集到Empire Stores（1860年代仓库）改造36万平方英尺混合商业空间，成为纽约滨水商业地标,工业滨水区活化：老仓库与工业街区如何变身混合商业目的地,以艺术家聚集起步→重新分区→仓库改造（Empire Stores）→品牌旗舰（Jean-Georges/Kith/Timeout Market）聚集,工业遗产→艺术家→重新分区→混合商业→滨水地标,Edge Effects确认Empire Stores改造；官网确认品牌矩阵,滨水工业遗产可通过艺术家先行+政策分区实现商业化,有滨水资源与城市更新政策支持,改造周期长、投资大,不可只做商业，需保留街区文化记忆,滨水工业遗产活化参考,已完成
案例D98,巴厘岛AKASA悬崖火山咖啡(海外),部分核验,火山景观咖啡地标：巴厘岛AKASA以火山+湖景+悬空步道+大型装置营造『最Ins』咖啡体验，自有烘焙坊,景观型咖啡：如何用极致自然景观构建咖啡消费场景,选址火山外圈山顶，以阶梯环绕山壁+悬空步道+大型翅膀装置等构筑景观叙事，自烘焙保证产品,火山景观→空间装置→社交传播→旅游目的地→品牌溢价,Trip.com/Instagram/Facebook确认AKASA位置与景观装置,极致景观+装置化空间可打造目的地型门店,有稀缺景观资源与设计投入,景观型门店受天气与可达性影响,不可只有景观，产品与体验需匹配,景观型非标门店参考,已完成
案例D99,香港启德airside,部分核验,香港首个可持续文化生活地标：启德AIRSIDE（南丰集团、320亿港元、47层）以室内冲浪场+万呎艺文空间+宠物友善定义新商场,新市镇商业地标：机场旧址如何打造可持续文化生活目的地,以可持续+文化为定位，全港最大室内冲浪场+Gate 33艺文馆+绿化空中花园+宠物友善，链接旧启德机场记忆,机场遗址→可持续地标→体验业态（冲浪/艺文）→亲子家庭客群→区域升级,维基百科/旅发局/TimeOut确认开业、体量与业态,新市镇商业可用体验型锚点+文化定位差异化,有资金实力与区域开发协同,大体量投资、培育期长,不可只靠硬件，需持续文化活动,新市镇可持续商业地标参考,已完成
案例A21,成都万象城,部分核验,华润成渝旗舰：成都万象城33.2万㎡四馆+620品牌，以扎哈设计的万象广场完成公园商业升级，成都零售额前三,区域购物中心持续迭代：如何以公园化改造保持商圈统治力,A/B/C/D四馆+万象广场结构，扎哈3.2万㎡广场升级公园商业，首店策略+夜经济（安逸巷餐酒吧街）,多馆结构→品牌矩阵（620+）→公园广场升级→首店策略→商圈地标,赢商网确认体量与万象广场；四川在线确认二期首日客流45万,区域MALL可用公园化改造+首店矩阵保持领先,有资本持续投入与品牌招商资源,大体量调改周期长、成本高,不可只扩体量，需场景与业态同步升级,区域MALL公园化迭代参考,已完成
案例A22,西安万象城,部分核验,M1重奢万象城的冷启动样本：西安万象城（2024-12开业）生命之树地标+首月581万客流，但首年『叫好不叫座』暴露重奢招商难题,重奢商场冷启动：高流量如何转化为高业绩,以生命之树地标+高规格活动（VOGUE Vintage/光影节）制造声量，M1重奢定位+CCBD区位,开业声量→地标打卡→活动引流→高奢招商→业绩转化（首年未完全打通）,联商网确认首月客流581万/销售2.3亿与首年困境；每经确认开业当天40万客流,重奢项目需品牌阵容与活动转化同步推进,有核心区位与招商资源,重奢招商周期长、市场环境波动大,不可只做声量，高奢品牌落地是硬指标,重奢MALL冷启动与风险参考,已完成
案例A24,宁波环球银泰百货,部分核验,银泰首个购物中心：宁波环球银泰城（鄞州新城、总建面约16万㎡）为银泰从百货转型购物中心的试水之作，综合体总建面70万㎡,传统百货转型：百货集团如何用购物中心形态切入新区市场,以综合体形式（购物中心+住宅+酒店式公寓+主题酒店）切入新城核心区，银泰首个购物中心项目,百货经验→购物中心转型→新城综合体→区域生活中心,银泰集团官网/年报确认体量与2015年开业,传统百货转型购物中心可借新城综合体切入,有集团资源与区域市场判断,新城培育期长，前期亏损压力大,不可只换形态不换运营模式,百货转型购物中心参考,已完成
案例A29,上海ifc国金中心,部分核验,重奢商业的塔尖样本：上海IFC（2010年开业）2024年销售额218亿全国第三，260+国际品牌、首店及唯一店占比超五成,顶级商圈重奢竞争：如何以重奢矩阵+全业态体验守住高端王座,强化重奢/潮奢/国际香化三大板块，跨层旗舰（LV/CHANEL/DIOR）+LG2层40+美妆四大集团+生态运营,CBD精英客群→重奢矩阵→首店唯一店策略→高化强项→销售全国前三,赢商网确认2024年218亿全国第三与品牌结构；维基百科确认新鸿基开发,重奢MALL以品牌矩阵+首店策略构筑壁垒,有顶奢品牌资源与高端客群支撑,重奢市场受宏观消费波动影响,不可只靠顶奢，需业态结构均衡,重奢MALL运营参考,已完成
案例A59,南京玄武花园城,部分核验,『生态+』商业新样本：玄武花园城以14万㎡体量把紫金山生态、天文台、骑行友好植入商场，95%开业率+首店占比超50%，开业客流逾50万/销售破3000万,同质化购物中心突围：如何用在地生态资源做出不可复制的商业内容,以自然/文化/探索/共生为理念，B1紫金山生态切片+8.8米生命之树+屋顶天文台（全国首个商场内天文台）三大差异化锚点，串联紫金山/玄武湖/红山动物园文旅资源,在地资源→生态场景→天文/骑行/宠物内容→首店矩阵→城市商业封面,搜狐/建筑档案确认体量、开业率与客流销售数据；MIPIM Asia最佳综合体银奖,购物中心可借在地生态资源+公共内容（天文台/动物园联动）构建差异化,有顶级文旅资源邻近+大体量开发能力,生态内容投入大、需长期运营维护,不可只做装置打卡，天文/生态内容需常态化,区域MALL在地化差异化参考,已完成
案例A76,上海静安大悦城,部分核验,传统商场二次元转型范本：静安大悦城以『首展』策略（非首店）做IP快闪，2024年56场国际顶流IP快闪、单快闪销售额破1.64亿，二次元店铺仅8%面积却带动全商场留量,老商场焕新：如何用泛二次元业态把年轻流量变留量,2017年起二次元化，以中庭快闪（核心竞争力）+谷子店分层（南区低客单/北区高客单）+coser化妆间+4大标签业态组合，2024年调整优化1.8万㎡,二次元首展→顶流IP快闪→行李箱客群→谷子店+餐饮联动→留量复购,静安区政府/36氪确认56场快闪、1.64亿销售额、70%外地远距离客群,老商场可借垂直客群（二次元）+快闪策展实现翻新,有顶流IP资源与招商调改能力,快闪依赖IP热度、季节性波动大,不可只追IP不做业态分层与体验闭环,传统商场二次元转型参考,已完成
案例C37,北京蓝色港湾灯光节,部分核验,街区节庆IP二十年：蓝色港湾灯光节已办至第十八届，以非遗+灯光+AR互动把冬日商圈变成城市文化事件，联动南北城市共创,商圈节庆运营：如何把灯光节做成跨城联动的年度文化IP,以非遗剪纸与灯光艺术为内核，首次跨省市共创（京穗禅三城文旅部门），小程序AR打卡+数字福章+限量礼物，联动周年庆/餐饮街区延长三个月热度,灯光装置→非遗文化叙事→AR互动传播→跨城联动→冬季客流引擎,中国网/中国日报网确认第十八届灯光节主题、周期与三城共创模式,街区/商圈可借灯光节等节庆IP制造冬季长尾客流,有文旅部门协同+持续投入意愿,依赖市政资源与媒体传播,不可只做灯光秀，需文化内容与互动设计,商圈节庆IP运营参考,已完成
案例C53,上海龙华会,部分核验,古刹旁的街区商业：龙华会以10万㎡体量与千年龙华寺相望，用庙会、早市、花道等东方场景回应宗教文化语境,文化地标旁做商业：如何与千年古刹共处并差异化,以龙华寺/龙华塔为文化锚点做空间与业态呼应（庙会/龙华早市/花道），后马路+廊桥+地下通道打通与城市链接，轨交11/12号线导入客流,古刹文化→街区场景呼应→在地业态（庙会/早市）→城市链接→文化商业目的地,上海市政府官网确认开街、10万㎡体量与轨道连接,宗教/文化地标旁可做呼应型街区商业,有文化资源邻近+大体量街区开发,文化敏感性高，业态需克制匹配,不可消费宗教文化，业态需与场景和谐,文化地标旁街区商业参考,已完成
案例C72,上海安福路三叶草旗舰店,部分核验,老影院里的潮流旗舰：adidas三叶草全球旗舰店入驻安福322（原永乐宫影院），以中央舞台+四大『影厅』致敬影院记忆，『周更』上新把门店变成潮流事件场,品牌旗舰在地化：运动品牌如何用历史建筑讲品牌故事,保留永乐宫影院结构与水门汀等在地元素，巨型贝壳头装置点亮街区界面，首创『影厅』空间叙事+『周更』上新频率+个性化定制区，与500米街区内萨洛蒙概念店形成聚集效应,历史建筑→空间叙事→旗舰店内容化（周更/定制）→品牌街区聚集→潮流目的地,有方/上观新闻确认开业时间、面积与运营策略,品牌旗舰可用历史建筑+内容上新频率做在地叙事,有历史建筑物业+品牌总部运营授权,老建筑改造合规与成本高,不可只做外观，需内容运营（上新/定制）支撑,品牌旗舰在地化改造参考,已完成
案例B20,西安欧亚学院,部分核验,大学校园的公共化运营：欧亚学院以设计博物馆向社会开放+和光文体中心（法式设计、2026年投用）把校园变成城市公共文化空间,校园资产活化：高校如何让校园空间成为城市文商旅内容,以设计教育为内容（设计博物馆200余件藏品、三大展区、10:00-17:00向社会开放），重大设施（和光文体中心）引入国际设计事务所提升校园审美,设计教育→博物馆开放→社会公共空间→校园品牌→文商旅吸引力,欧亚学院官网确认设计博物馆开放制度与和光文体中心投用,高校可借文化设施开放+优质设计提升公共价值,有藏品与专业内容（设计教育）积累,校园开放涉及安全与教学秩序管理,不可只做门面，需学术内容支撑,校园公共化与文商旅联动参考,已完成
案例B26,广州聚龙湾太古里,部分核验,全国首个滨水太古里：聚龙湾以百年工业遗存（柴油机厂/冲口仓）+滨江岸线+双太古模式（街区+MALL），投资超100亿打造重奢滨水消费高地,工业滨水区更新：如何把百年工业遗址变成世界级滨水商圈,以珠江产投+太古地产合作（双太古：太古里街区+购物中心），保留冲口仓/电排站等工业遗存改造文化空间，独栋旗舰吸引顶级重奢，2025年底一期开业,工业遗存→滨水场景→双太古模式→独栋重奢旗舰→白鹅潭世界级商圈,南方日报/广州市政府确认投资规模、双太古模式与一期开业时间,滨水工业遗存可借重奢街区实现价值高地跃升,有滨水资源+头部商业运营方+资本投入,周期长、投资巨大、重奢招商不确定,不可只做地产，需产业与消费协同,滨水工业遗存+重奢街区参考,已完成
案例D13,英格卡购物中心（荟聚）,部分核验,北欧家庭型超区域购物中心：荟聚以『聚会体验中心』定位（北京荟聚21万方商业+世界最大地下停车场）在中国运营10城，2026年借基金化战略调整资产结构,超区域购物中心模式：英格卡如何以家庭友善+宜家协同在中国规模化,以宜家主力店+家庭型业态（儿童乐园/家庭室）+超强停车/轨交衔接做聚会体验中心，2025财年上海荟聚出租率97%；2026年与高和资本成立专项基金共持3座荟聚、探索精细化运营,宜家协同→家庭聚会定位→规模化扩张（10城）→资产基金化→精细化运营,英格卡官网/每经网确认体量、出租率与战略调整,家庭型MALL可借主力店协同+资产基金化实现规模与轻资产平衡,有集团资源+跨城运营能力,宏观零售环境波动、门店调整风险,不可只复制宜家模式，需本土化运营,超区域家庭型MALL参考,已完成
案例D20,上海孙北面包社区店,部分核验,社区烘焙做减法样本：孙北北面包聚焦15分钟生活圈，300+门店以6-25元价格带+会员复购率35%+纯动物奶油，在烘焙高淘汰率下用极致性价比跑通加盟模式,社区零售存活：高人工高租金压力下社区烘焙如何活下来,做减法不去商场抢流量：选址社区出入口、定价低20-30%、0防腐剂0反式脂肪健康承诺、AI+供应链降本增效、会员体系锁复购,社区选址→极致性价比→健康承诺→复购35%→加盟网络300+,官网/中国江苏网确认门店规模、复购率与价格带,社区业态可用极致性价比+会员复购跑通模型,有供应链能力+标准化产品力,低价策略利润薄、依赖规模,不可只拼低价，健康与品质是底线,社区烘焙/零售模型参考,已完成
案例D80,名创优品MINISO SPACE南京德基店,部分核验,中国品牌进高奢商圈：名创优品全球首家MINISO SPACE落地南京德基广场，成为首个在高奢商圈打造IP空间的中国品牌，完成兴趣消费的又一次『首个』,大众品牌高端化：十元店基因的品牌如何进顶奢商圈,以MINISO SPACE店态承载IP空间化与沉浸式体验，用全球IP矩阵（MINISO LAND壹号店9个月破亿、IP占比79.6%）支撑高奢商圈形象升级,全球IP矩阵→空间化体验→高奢商圈首店→品牌势能跃升→『首个』心智,名创优品官网确认SPACE开业与LAND业绩数据,大众品牌可借IP空间化+大店战略冲击高端商圈,有顶级IP授权资源与资本投入,高奢商圈租金高、回报周期长,不可只做门面，需IP内容持续上新,品牌高端化+IP空间店参考,已完成
案例D89,LE LABO武康路店,部分核验,香氛品牌的在地店中店：LE LABO武康路店（上海第四家）以『集雅香氛实验室』+集雅咖啡的店中店模式，把品牌实验感嵌入武康路街区语境,小众品牌门店化：香氛品牌如何用店中店+在地命名做差异化,以『集雅』在地命名+实验室概念，店内除香氛外含陶瓷、字画及相连咖啡店，融合手工现调/续装服务（内地唯一）强化品牌仪式感,品牌实验室→在地命名（集雅）→店中店复合业态→手工体验→街区融入,SocialBeta/Instagram确认第四家门店、店中店模式与手工调香服务,小众品牌可用店中店+在地命名+体验服务做街区嵌入,品牌有内容基因（手工/实验室感）+街区物业,店中店模式对品牌内容能力要求高,不可只做香氛零售，需体验与在地叙事,小众品牌街区门店参考,已完成
